0;2025.05.16 08:15;4;21.5;-200;-200;0;206;0;
1;2025.05.16 08:30;4;22.125;-200;-200;0;206;0;
2;2025.05.16 08:45;4;22.375;-200;-200;0;206;0;
3;2025.05.16 09:00;4;22.25;-200;-200;0;206;0;
4;2025.05.16 09:15;4;22.125;-200;-200;0;206;0;
5;2025.05.16 09:30;4;22.375;-200;-200;0;206;0;
6;2025.05.16 09:45;4;22.75;-200;-200;0;206;0;
7;2025.05.16 10:00;4;22.8125;-200;-200;0;206;0;
8;2025.05.16 10:15;4;22.75;-200;-200;0;206;0;
9;2025.05.16 10:30;4;22.6875;-200;-200;0;206;0;
10;2025.05.16 10:45;4;22.6875;-200;-200;0;206;0;
11;2025.05.16 11:00;4;24.25;-200;-200;0;206;0;
12;2025.05.16 11:15;4;24.375;-200;-200;0;206;0;
13;2025.05.16 11:30;4;24.1875;-200;-200;0;206;0;
14;2025.05.16 11:45;4;24.125;-200;-200;0;206;0;
15;2025.05.16 12:00;4;24.125;-200;-200;0;206;0;
16;2025.05.16 12:15;4;24.1875;-200;-200;0;206;0;
17;2025.05.16 12:30;4;24.25;-200;-200;0;206;0;
18;2025.05.16 12:45;4;24.25;-200;-200;0;206;0;
19;2025.05.16 13:00;4;24.25;-200;-200;0;206;0;
20;2025.05.16 13:15;4;24.3125;-200;-200;0;206;0;
21;2025.05.16 13:30;4;24.3125;-200;-200;0;206;0;
22;2025.05.16 13:45;4;24.375;-200;-200;0;206;0;
23;2025.05.16 14:00;4;24.375;-200;-200;0;206;0;
24;2025.05.16 14:15;4;24.375;-200;-200;0;206;0;
25;2025.05.16 14:30;4;24.375;-200;-200;0;206;0;
26;2025.05.16 14:45;4;24.3125;-200;-200;0;206;0;
27;2025.05.16 15:00;4;23.9375;-200;-200;0;206;0;
28;2025.05.16 15:15;4;23.625;-200;-200;0;206;0;
29;2025.05.16 15:30;4;23.5;-200;-200;0;206;0;
30;2025.05.16 15:45;4;23.3125;-200;-200;0;206;0;
31;2025.05.16 16:00;4;23.125;-200;-200;0;206;0;
32;2025.05.16 16:15;4;22.75;-200;-200;0;206;0;
33;2025.05.16 16:30;4;22.625;-200;-200;0;206;0;
34;2025.05.16 16:45;4;22.5;-200;-200;0;206;0;
35;2025.05.16 17:00;4;22.25;-200;-200;0;206;0;
36;2025.05.16 17:15;4;22.0625;-200;-200;0;206;0;
37;2025.05.16 17:30;4;21.8125;-200;-200;0;206;0;
38;2025.05.16 17:45;4;21.625;-200;-200;0;206;0;
39;2025.05.16 18:00;4;21.4375;-200;-200;0;206;0;
40;2025.05.16 18:15;4;21.25;-200;-200;0;206;0;
41;2025.05.16 18:30;4;21.0625;-200;-200;0;206;0;
42;2025.05.16 18:45;4;20.875;-200;-200;0;206;0;
43;2025.05.16 19:00;4;20.8125;-200;-200;0;206;0;
44;2025.05.16 19:15;4;20.75;-200;-200;0;206;0;
45;2025.05.16 19:30;4;20.625;-200;-200;0;206;0;
46;2025.05.16 19:45;4;20.5625;-200;-200;0;206;0;
47;2025.05.16 20:00;4;20.4375;-200;-200;0;206;0;
48;2025.05.16 20:15;4;20.3125;-200;-200;0;206;0;
49;2025.05.16 20:30;4;20.125;-200;-200;0;206;0;
50;2025.05.16 20:45;4;20;-200;-200;0;206;0;
51;2025.05.16 21:00;4;19.875;-200;-200;0;206;0;
52;2025.05.16 21:15;4;19.75;-200;-200;0;206;0;
53;2025.05.16 21:30;4;19.625;-200;-200;0;206;0;
54;2025.05.16 21:45;4;19.5;-200;-200;0;206;0;
55;2025.05.16 22:00;4;19.3125;-200;-200;0;206;0;
56;2025.05.16 22:15;4;19.1875;-200;-200;0;206;0;
57;2025.05.16 22:30;4;19.0625;-200;-200;0;206;0;
58;2025.05.16 22:45;4;18.9375;-200;-200;0;206;0;
59;2025.05.16 23:00;4;18.8125;-200;-200;0;206;0;
60;2025.05.16 23:15;4;18.6875;-200;-200;0;206;0;
61;2025.05.16 23:30;4;18.5625;-200;-200;0;206;0;
62;2025.05.16 23:45;4;18.4375;-200;-200;0;206;0;
63;2025.05.17 00:00;4;18.3125;-200;-200;0;206;0;
64;2025.05.17 00:15;4;18.1875;-200;-200;0;206;0;
65;2025.05.17 00:30;4;18.0625;-200;-200;0;206;0;
66;2025.05.17 00:45;4;18;-200;-200;0;206;0;
67;2025.05.17 01:00;4;17.875;-200;-200;0;206;0;
68;2025.05.17 01:15;4;17.75;-200;-200;0;206;0;
69;2025.05.17 01:30;4;17.625;-200;-200;0;206;0;
70;2025.05.17 01:45;4;17.5;-200;-200;0;206;0;
71;2025.05.17 02:00;4;17.375;-200;-200;0;206;0;
72;2025.05.17 02:15;4;17.25;-200;-200;0;206;0;
73;2025.05.17 02:30;4;17.125;-200;-200;0;206;0;
74;2025.05.17 02:45;4;17;-200;-200;0;206;0;
75;2025.05.17 03:00;4;16.875;-200;-200;0;206;0;
76;2025.05.17 03:15;4;16.6875;-200;-200;0;206;0;
77;2025.05.17 03:30;4;16.5625;-200;-200;0;206;0;
78;2025.05.17 03:45;4;16.4375;-200;-200;0;206;0;
79;2025.05.17 04:00;4;16.3125;-200;-200;0;206;0;
80;2025.05.17 04:15;4;16.1875;-200;-200;0;206;0;
81;2025.05.17 04:30;4;16;-200;-200;0;206;0;
82;2025.05.17 04:45;4;15.875;-200;-200;0;206;0;
83;2025.05.17 05:00;4;15.75;-200;-200;0;206;0;
84;2025.05.17 05:15;4;15.625;-200;-200;0;206;0;
85;2025.05.17 05:30;4;15.5625;-200;-200;0;206;0;
86;2025.05.17 05:45;4;15.4375;-200;-200;0;206;0;
87;2025.05.17 06:00;4;15.3125;-200;-200;0;206;0;
88;2025.05.17 06:15;4;15.25;-200;-200;0;206;0;
89;2025.05.17 06:30;4;15.125;-200;-200;0;206;0;
90;2025.05.17 06:45;4;15;-200;-200;0;206;0;
91;2025.05.17 07:00;4;14.9375;-200;-200;0;206;0;
92;2025.05.17 07:15;4;14.875;-200;-200;0;206;0;
93;2025.05.17 07:30;4;14.8125;-200;-200;0;206;0;
94;2025.05.17 07:45;4;14.75;-200;-200;0;206;0;
95;2025.05.17 08:00;4;14.75;-200;-200;0;206;0;
96;2025.05.17 08:15;4;14.75;-200;-200;0;206;0;
97;2025.05.17 08:30;4;14.875;-200;-200;0;206;0;
98;2025.05.17 08:45;4;14.9375;-200;-200;0;206;0;
99;2025.05.17 09:00;4;15;-200;-200;0;206;0;
100;2025.05.17 09:15;4;15.125;-200;-200;0;206;0;
101;2025.05.17 09:30;4;15.25;-200;-200;0;206;0;
102;2025.05.17 09:45;4;15.375;-200;-200;0;206;0;
103;2025.05.17 10:00;4;15.625;-200;-200;0;206;0;
104;2025.05.17 10:15;4;15.75;-200;-200;0;206;0;
105;2025.05.17 10:30;4;15.9375;-200;-200;0;206;0;
106;2025.05.17 10:45;4;16.125;-200;-200;0;206;0;
107;2025.05.17 11:00;4;16.25;-200;-200;0;206;0;
108;2025.05.17 11:15;4;16.375;-200;-200;0;206;0;
109;2025.05.17 11:30;4;16.5;-200;-200;0;206;0;
110;2025.05.17 11:45;4;16.625;-200;-200;0;206;0;
111;2025.05.17 12:00;4;16.75;-200;-200;0;206;0;
112;2025.05.17 12:15;4;16.875;-200;-200;0;206;0;
113;2025.05.17 12:30;4;17;-200;-200;0;206;0;
114;2025.05.17 12:45;4;17.0625;-200;-200;0;206;0;
115;2025.05.17 13:00;4;17.125;-200;-200;0;206;0;
116;2025.05.17 13:15;4;17.25;-200;-200;0;206;0;
117;2025.05.17 13:30;4;17.3125;-200;-200;0;206;0;
118;2025.05.17 13:45;4;17.375;-200;-200;0;206;0;
119;2025.05.17 14:00;4;17.5;-200;-200;0;206;0;
120;2025.05.17 14:15;4;17.5625;-200;-200;0;206;0;
121;2025.05.17 14:30;4;17.625;-200;-200;0;206;0;
122;2025.05.17 14:45;4;17.6875;-200;-200;0;206;0;
123;2025.05.17 15:00;4;17.75;-200;-200;0;206;0;
124;2025.05.17 15:15;4;17.75;-200;-200;0;206;0;
125;2025.05.17 15:30;4;17.875;-200;-200;0;206;0;
126;2025.05.17 15:45;4;17.875;-200;-200;0;206;0;
127;2025.05.17 16:00;4;17.9375;-200;-200;0;206;0;
128;2025.05.17 16:15;4;18;-200;-200;0;206;0;
129;2025.05.17 16:30;4;18;-200;-200;0;206;0;
130;2025.05.17 16:45;4;18.0625;-200;-200;0;206;0;
131;2025.05.17 17:00;4;18.125;-200;-200;0;206;0;
132;2025.05.17 17:15;4;18.125;-200;-200;0;206;0;
133;2025.05.17 17:30;4;18.1875;-200;-200;0;206;0;
134;2025.05.17 17:45;4;18.1875;-200;-200;0;206;0;
135;2025.05.17 18:00;4;18.25;-200;-200;0;206;0;
136;2025.05.17 18:15;4;18.25;-200;-200;0;206;0;
137;2025.05.17 18:30;4;18.3125;-200;-200;0;206;0;
138;2025.05.17 18:45;4;18.375;-200;-200;0;206;0;
139;2025.05.17 19:00;4;18.375;-200;-200;0;206;0;
140;2025.05.17 19:15;4;18.375;-200;-200;0;206;0;
141;2025.05.17 19:30;4;18.375;-200;-200;0;206;0;
142;2025.05.17 19:45;4;18.375;-200;-200;0;206;0;
143;2025.05.17 20:00;4;18.3125;-200;-200;0;206;0;
144;2025.05.17 20:15;4;18.25;-200;-200;0;206;0;
145;2025.05.17 20:30;4;18.25;-200;-200;0;206;0;
146;2025.05.17 20:45;4;18.25;-200;-200;0;206;0;
147;2025.05.17 21:00;4;18.25;-200;-200;0;206;0;
148;2025.05.17 21:15;4;18.25;-200;-200;0;206;0;
149;2025.05.17 21:30;4;18.25;-200;-200;0;206;0;
150;2025.05.17 21:45;4;18.25;-200;-200;0;206;0;
151;2025.05.17 22:00;4;18.25;-200;-200;0;206;0;
152;2025.05.17 22:15;4;18.25;-200;-200;0;206;0;
153;2025.05.17 22:30;4;18.25;-200;-200;0;206;0;
154;2025.05.17 22:45;4;18.25;-200;-200;0;206;0;
155;2025.05.17 23:00;4;18.25;-200;-200;0;206;0;
156;2025.05.17 23:15;4;18.25;-200;-200;0;206;0;
157;2025.05.17 23:30;4;18.25;-200;-200;0;206;0;
158;2025.05.17 23:45;4;18.25;-200;-200;0;206;0;
159;2025.05.18 00:00;4;18.25;-200;-200;0;206;0;
160;2025.05.18 00:15;4;18.25;-200;-200;0;206;0;
161;2025.05.18 00:30;4;18.25;-200;-200;0;206;0;
162;2025.05.18 00:45;4;18.25;-200;-200;0;206;0;
163;2025.05.18 01:00;4;18.3125;-200;-200;0;206;0;
164;2025.05.18 01:15;4;18.3125;-200;-200;0;206;0;
165;2025.05.18 01:30;4;18.3125;-200;-200;0;206;0;
166;2025.05.18 01:45;4;18.3125;-200;-200;0;206;0;
167;2025.05.18 02:00;4;18.3125;-200;-200;0;206;0;
168;2025.05.18 02:15;4;18.3125;-200;-200;0;206;0;
169;2025.05.18 02:30;4;18.3125;-200;-200;0;206;0;
170;2025.05.18 02:45;4;18.375;-200;-200;0;206;0;
171;2025.05.18 03:00;4;18.375;-200;-200;0;206;0;
172;2025.05.18 03:15;4;18.375;-200;-200;0;206;0;
173;2025.05.18 03:30;4;18.3125;-200;-200;0;206;0;
174;2025.05.18 03:45;4;18.3125;-200;-200;0;206;0;
175;2025.05.18 04:00;4;18.3125;-200;-200;0;206;0;
176;2025.05.18 04:15;4;18.3125;-200;-200;0;206;0;
177;2025.05.18 04:30;4;18.3125;-200;-200;0;206;0;
178;2025.05.18 04:45;4;18.25;-200;-200;0;206;0;
179;2025.05.18 05:00;4;18.25;-200;-200;0;206;0;
180;2025.05.18 05:15;4;18.25;-200;-200;0;206;0;
181;2025.05.18 05:30;4;18.25;-200;-200;0;206;0;
182;2025.05.18 05:45;4;18.25;-200;-200;0;206;0;
183;2025.05.18 06:00;4;18.25;-200;-200;0;206;0;
184;2025.05.18 06:15;4;18.25;-200;-200;0;206;0;
185;2025.05.18 06:30;4;18.25;-200;-200;0;206;0;
186;2025.05.18 06:45;4;18.25;-200;-200;0;206;0;
187;2025.05.18 07:00;4;18.25;-200;-200;0;206;0;
188;2025.05.18 07:15;4;18.25;-200;-200;0;206;0;
189;2025.05.18 07:30;4;18.25;-200;-200;0;206;0;
190;2025.05.18 07:45;4;18.25;-200;-200;0;206;0;
191;2025.05.18 08:00;4;18.3125;-200;-200;0;206;0;
192;2025.05.18 08:15;4;18.375;-200;-200;0;206;0;
193;2025.05.18 08:30;4;18.375;-200;-200;0;206;0;
194;2025.05.18 08:45;4;18.375;-200;-200;0;206;0;
195;2025.05.18 09:00;4;18.5;-200;-200;0;206;0;
196;2025.05.18 09:15;4;18.5625;-200;-200;0;206;0;
197;2025.05.18 09:30;4;18.6875;-200;-200;0;206;0;
198;2025.05.18 09:45;4;18.75;-200;-200;0;206;0;
199;2025.05.18 10:00;4;18.875;-200;-200;0;206;0;
200;2025.05.18 10:15;4;18.875;-200;-200;0;206;0;
201;2025.05.18 10:30;4;19;-200;-200;0;206;0;
202;2025.05.18 10:45;4;19.125;-200;-200;0;206;0;
203;2025.05.18 11:00;4;19.25;-200;-200;0;206;0;
204;2025.05.18 11:15;4;19.3125;-200;-200;0;206;0;
205;2025.05.18 11:30;4;19.375;-200;-200;0;206;0;
206;2025.05.18 11:45;4;19.5;-200;-200;0;206;0;
207;2025.05.18 12:00;4;19.625;-200;-200;0;206;0;
208;2025.05.18 12:15;4;19.75;-200;-200;0;206;0;
209;2025.05.18 12:30;4;19.875;-200;-200;0;206;0;
210;2025.05.18 12:45;4;20;-200;-200;0;206;0;
211;2025.05.18 13:00;4;20.125;-200;-200;0;206;0;
212;2025.05.18 13:15;4;20.3125;-200;-200;0;206;0;
213;2025.05.18 13:30;4;20.4375;-200;-200;0;206;0;
214;2025.05.18 13:45;4;20.5625;-200;-200;0;206;0;
215;2025.05.18 14:00;4;20.625;-200;-200;0;206;0;
216;2025.05.18 14:15;4;20.6875;-200;-200;0;206;0;
217;2025.05.18 14:30;4;20.75;-200;-200;0;206;0;
218;2025.05.18 14:45;4;20.75;-200;-200;0;206;0;
219;2025.05.18 15:00;4;20.875;-200;-200;0;206;0;
220;2025.05.18 15:15;4;20.875;-200;-200;0;206;0;
221;2025.05.18 15:30;4;20.875;-200;-200;0;206;0;
222;2025.05.18 15:45;4;21;-200;-200;0;206;0;
223;2025.05.18 16:00;4;21.0625;-200;-200;0;206;0;
224;2025.05.18 16:15;4;21.125;-200;-200;0;206;0;
225;2025.05.18 16:30;4;21.1875;-200;-200;0;206;0;
226;2025.05.18 16:45;4;21.375;-200;-200;0;206;0;
227;2025.05.18 17:00;4;21.625;-200;-200;0;206;0;
228;2025.05.18 17:15;4;21.6875;-200;-200;0;206;0;
229;2025.05.18 17:30;4;21.75;-200;-200;0;206;0;
230;2025.05.18 17:45;4;21.8125;-200;-200;0;206;0;
231;2025.05.18 18:00;4;21.9375;-200;-200;0;206;0;
232;2025.05.18 18:15;4;22;-200;-200;0;206;0;
233;2025.05.18 18:30;4;22.1875;-200;-200;0;206;0;
234;2025.05.18 18:45;4;22.3125;-200;-200;0;206;0;
235;2025.05.18 19:00;4;22.5;-200;-200;0;206;0;
236;2025.05.18 19:15;4;22.625;-200;-200;0;206;0;
237;2025.05.18 19:30;4;22.75;-200;-200;0;206;0;
238;2025.05.18 19:45;4;23;-200;-200;0;206;0;
239;2025.05.18 20:00;4;23.125;-200;-200;0;206;0;
240;2025.05.18 20:15;4;23.3125;-200;-200;0;206;0;
241;2025.05.18 20:30;4;23.5;-200;-200;0;206;0;
242;2025.05.18 20:45;4;23.625;-200;-200;0;206;0;
243;2025.05.18 21:00;4;23.75;-200;-200;0;206;0;
244;2025.05.18 21:15;4;23.9375;-200;-200;0;206;0;
245;2025.05.18 21:30;4;24.125;-200;-200;0;206;0;
246;2025.05.18 21:45;4;24.25;-200;-200;0;206;0;
247;2025.05.18 22:00;4;24.375;-200;-200;0;206;0;
248;2025.05.18 22:15;4;24.5;-200;-200;0;206;0;
249;2025.05.18 22:30;4;24.6875;-200;-200;0;206;0;
250;2025.05.18 22:45;4;24.875;-200;-200;0;206;0;
251;2025.05.18 23:00;4;25;-200;-200;0;206;0;
252;2025.05.18 23:15;4;25.125;-200;-200;0;206;0;
253;2025.05.18 23:30;4;25.25;-200;-200;0;206;0;
254;2025.05.18 23:45;4;25.375;-200;-200;0;206;0;
255;2025.05.19 00:00;4;25.4375;-200;-200;0;206;0;
256;2025.05.19 00:15;4;25.5625;-200;-200;0;206;0;
257;2025.05.19 00:30;4;25.625;-200;-200;0;206;0;
258;2025.05.19 00:45;4;25.75;-200;-200;0;206;0;
259;2025.05.19 01:00;4;25.8125;-200;-200;0;206;0;
260;2025.05.19 01:15;4;25.875;-200;-200;0;206;0;
261;2025.05.19 01:30;4;25.9375;-200;-200;0;206;0;
262;2025.05.19 01:45;4;26;-200;-200;0;206;0;
263;2025.05.19 02:00;4;26;-200;-200;0;206;0;
264;2025.05.19 02:15;4;26;-200;-200;0;206;0;
265;2025.05.19 02:30;4;26.0625;-200;-200;0;206;0;
266;2025.05.19 02:45;4;26.125;-200;-200;0;206;0;
267;2025.05.19 03:00;4;26.125;-200;-200;0;206;0;
268;2025.05.19 03:15;4;26.125;-200;-200;0;206;0;
269;2025.05.19 03:30;4;26.125;-200;-200;0;206;0;
270;2025.05.19 03:45;4;26;-200;-200;0;206;0;
271;2025.05.19 04:00;4;25.875;-200;-200;0;206;0;
272;2025.05.19 04:15;4;25.75;-200;-200;0;206;0;
273;2025.05.19 04:30;4;25.6875;-200;-200;0;206;0;
274;2025.05.19 04:45;4;25.625;-200;-200;0;206;0;
275;2025.05.19 05:00;4;25.5;-200;-200;0;206;0;
276;2025.05.19 05:15;4;25.375;-200;-200;0;206;0;
277;2025.05.19 05:30;4;25.3125;-200;-200;0;206;0;
278;2025.05.19 05:45;4;25.25;-200;-200;0;206;0;
279;2025.05.19 06:00;4;25.125;-200;-200;0;206;0;
280;2025.05.19 06:15;4;25;-200;-200;0;206;0;
281;2025.05.19 06:30;4;24.9375;-200;-200;0;206;0;
282;2025.05.19 06:45;4;24.875;-200;-200;0;206;0;
283;2025.05.19 07:00;4;24.75;-200;-200;0;206;0;
284;2025.05.19 07:15;4;24.625;-200;-200;0;206;0;
285;2025.05.19 07:30;4;24.5;-200;-200;0;206;0;
286;2025.05.19 07:45;4;24.4375;-200;-200;0;206;0;
287;2025.05.19 08:00;4;24.3125;-200;-200;0;206;0;
288;2025.05.19 08:15;4;24.25;-200;-200;0;206;0;
289;2025.05.19 08:30;4;24.125;-200;-200;0;206;0;
290;2025.05.19 08:45;4;24;-200;-200;0;206;0;
291;2025.05.19 09:00;4;23.9375;-200;-200;0;206;0;
292;2025.05.19 09:15;4;23.875;-200;-200;0;206;0;
293;2025.05.19 09:30;4;23.75;-200;-200;0;206;0;
294;2025.05.19 09:45;4;23.6875;-200;-200;0;206;0;
295;2025.05.19 10:00;4;23.625;-200;-200;0;206;0;
296;2025.05.19 10:15;4;23.5;-200;-200;0;206;0;
297;2025.05.19 10:30;4;23.5;-200;-200;0;206;0;
298;2025.05.19 10:45;4;23.375;-200;-200;0;206;0;
299;2025.05.19 11:00;4;23.3125;-200;-200;0;206;0;
300;2025.05.19 11:15;4;23.25;-200;-200;0;206;0;
301;2025.05.19 11:30;4;23.1875;-200;-200;0;206;0;
302;2025.05.19 11:45;4;23.125;-200;-200;0;206;0;
303;2025.05.19 12:00;4;23.0625;-200;-200;0;206;0;
304;2025.05.19 12:15;4;23;-200;-200;0;206;0;
305;2025.05.19 12:30;4;22.9375;-200;-200;0;206;0;
306;2025.05.19 12:45;4;22.875;-200;-200;0;206;0;
307;2025.05.19 13:00;4;22.875;-200;-200;0;206;0;
308;2025.05.19 13:15;4;22.875;-200;-200;0;206;0;
309;2025.05.19 13:30;4;22.875;-200;-200;0;206;0;
310;2025.05.19 13:45;4;22.875;-200;-200;0;206;0;
311;2025.05.19 14:00;4;22.875;-200;-200;0;206;0;
312;2025.05.19 14:15;4;22.875;-200;-200;0;206;0;
313;2025.05.19 14:30;4;23;-200;-200;0;206;0;
314;2025.05.19 14:45;4;23;-200;-200;0;206;0;
315;2025.05.19 15:00;4;23.0625;-200;-200;0;206;0;
316;2025.05.19 15:15;4;23.125;-200;-200;0;206;0;
317;2025.05.19 15:30;4;23.25;-200;-200;0;206;0;
318;2025.05.19 15:45;4;23.25;-200;-200;0;206;0;
319;2025.05.19 16:00;4;23.375;-200;-200;0;206;0;
320;2025.05.19 16:15;4;23.5;-200;-200;0;206;0;
321;2025.05.19 16:30;4;23.5625;-200;-200;0;206;0;
322;2025.05.19 16:45;4;23.625;-200;-200;0;206;0;
323;2025.05.19 17:00;4;23.75;-200;-200;0;206;0;
324;2025.05.19 17:15;4;23.875;-200;-200;0;206;0;
325;2025.05.19 17:30;4;24;-200;-200;0;206;0;
326;2025.05.19 17:45;4;24.125;-200;-200;0;206;0;
327;2025.05.19 18:00;4;24.25;-200;-200;0;206;0;
328;2025.05.19 18:15;4;24.375;-200;-200;0;206;0;
329;2025.05.19 18:30;4;24.5;-200;-200;0;206;0;
330;2025.05.19 18:45;4;24.625;-200;-200;0;206;0;
331;2025.05.19 19:00;4;24.75;-200;-200;0;206;0;
332;2025.05.19 19:15;4;24.875;-200;-200;0;206;0;
333;2025.05.19 19:30;4;25;-200;-200;0;206;0;
334;2025.05.19 19:45;4;25.1875;-200;-200;0;206;0;
335;2025.05.19 20:00;4;25.3125;-200;-200;0;206;0;
336;2025.05.19 20:15;4;25.4375;-200;-200;0;206;0;
337;2025.05.19 20:30;4;25.5625;-200;-200;0;206;0;
338;2025.05.19 20:45;4;25.6875;-200;-200;0;206;0;
339;2025.05.19 21:00;4;25.75;-200;-200;0;206;0;
340;2025.05.19 21:15;4;25.875;-200;-200;0;206;0;
341;2025.05.19 21:30;4;26;-200;-200;0;206;0;
342;2025.05.19 21:45;4;26;-200;-200;0;206;0;
343;2025.05.19 22:00;4;26.125;-200;-200;0;206;0;
344;2025.05.19 22:15;4;26.1875;-200;-200;0;206;0;
345;2025.05.19 22:30;4;26.25;-200;-200;0;206;0;
346;2025.05.19 22:45;4;26.3125;-200;-200;0;206;0;
347;2025.05.19 23:00;4;26.375;-200;-200;0;206;0;
348;2025.05.19 23:15;4;26.4375;-200;-200;0;206;0;
349;2025.05.19 23:30;4;26.5;-200;-200;0;206;0;
350;2025.05.19 23:45;4;26.5;-200;-200;0;206;0;
351;2025.05.20 00:00;4;26.5625;-200;-200;0;206;0;
352;2025.05.20 00:15;4;26.625;-200;-200;0;206;0;
353;2025.05.20 00:30;4;26.625;-200;-200;0;206;0;
354;2025.05.20 00:45;4;26.625;-200;-200;0;206;0;
355;2025.05.20 01:00;4;26.625;-200;-200;0;206;0;
356;2025.05.20 01:15;4;26.6875;-200;-200;0;206;0;
357;2025.05.20 01:30;4;26.75;-200;-200;0;206;0;
358;2025.05.20 01:45;4;26.75;-200;-200;0;206;0;
359;2025.05.20 02:00;4;26.75;-200;-200;0;206;0;
360;2025.05.20 02:15;4;26.75;-200;-200;0;206;0;
361;2025.05.20 02:30;4;26.75;-200;-200;0;206;0;
362;2025.05.20 02:45;4;26.75;-200;-200;0;206;0;
363;2025.05.20 03:00;4;26.75;-200;-200;0;206;0;
364;2025.05.20 03:15;4;26.8125;-200;-200;0;206;0;
365;2025.05.20 03:30;4;26.75;-200;-200;0;206;0;
366;2025.05.20 03:45;4;26.75;-200;-200;0;206;0;
367;2025.05.20 04:00;4;26.75;-200;-200;0;206;0;
368;2025.05.20 04:15;4;26.75;-200;-200;0;206;0;
369;2025.05.20 04:30;4;26.75;-200;-200;0;206;0;
370;2025.05.20 04:45;4;26.75;-200;-200;0;206;0;
371;2025.05.20 05:00;4;26.75;-200;-200;0;206;0;
372;2025.05.20 05:15;4;26.75;-200;-200;0;206;0;
373;2025.05.20 05:30;4;26.75;-200;-200;0;206;0;
374;2025.05.20 05:45;4;26.75;-200;-200;0;206;0;
375;2025.05.20 06:00;4;26.75;-200;-200;0;206;0;
376;2025.05.20 06:15;4;26.75;-200;-200;0;206;0;
377;2025.05.20 06:30;4;26.75;-200;-200;0;206;0;
378;2025.05.20 06:45;4;26.75;-200;-200;0;206;0;
379;2025.05.20 07:00;4;26.75;-200;-200;0;206;0;
380;2025.05.20 07:15;4;26.6875;-200;-200;0;206;0;
381;2025.05.20 07:30;4;26.6875;-200;-200;0;206;0;
382;2025.05.20 07:45;4;26.625;-200;-200;0;206;0;
383;2025.05.20 08:00;4;26.5625;-200;-200;0;206;0;
384;2025.05.20 08:15;4;26.5;-200;-200;0;206;0;
385;2025.05.20 08:30;4;26.5;-200;-200;0;206;0;
386;2025.05.20 08:45;4;26.5;-200;-200;0;206;0;
387;2025.05.20 09:00;4;26.4375;-200;-200;0;206;0;
388;2025.05.20 09:15;4;26.375;-200;-200;0;206;0;
389;2025.05.20 09:30;4;26.375;-200;-200;0;206;0;
390;2025.05.20 09:45;4;26.25;-200;-200;0;206;0;
391;2025.05.20 10:00;4;26.1875;-200;-200;0;206;0;
392;2025.05.20 10:15;4;26.125;-200;-200;0;206;0;
393;2025.05.20 10:30;4;26;-200;-200;0;206;0;
394;2025.05.20 10:45;4;25.875;-200;-200;0;206;0;
395;2025.05.20 11:00;4;25.8125;-200;-200;0;206;0;
396;2025.05.20 11:15;4;25.6875;-200;-200;0;206;0;
397;2025.05.20 11:30;4;25.5625;-200;-200;0;206;0;
398;2025.05.20 11:45;4;25.4375;-200;-200;0;206;0;
399;2025.05.20 12:00;4;25.3125;-200;-200;0;206;0;
400;2025.05.20 12:15;4;25.1875;-200;-200;0;206;0;
401;2025.05.20 12:30;4;25;-200;-200;0;206;0;
402;2025.05.20 12:45;4;24.875;-200;-200;0;206;0;
403;2025.05.20 13:00;4;24.75;-200;-200;0;206;0;
404;2025.05.20 13:15;4;24.5625;-200;-200;0;206;0;
405;2025.05.20 13:30;4;24.375;-200;-200;0;206;0;
406;2025.05.20 13:45;4;24.25;-200;-200;0;206;0;
407;2025.05.20 14:00;4;24.125;-200;-200;0;206;0;
408;2025.05.20 14:15;4;24;-200;-200;0;206;0;
409;2025.05.20 14:30;4;23.9375;-200;-200;0;206;0;
410;2025.05.20 14:45;4;23.875;-200;-200;0;206;0;
411;2025.05.20 15:00;4;23.75;-200;-200;0;206;0;
412;2025.05.20 15:15;4;23.6875;-200;-200;0;206;0;
413;2025.05.20 15:30;4;23.625;-200;-200;0;206;0;
414;2025.05.20 15:45;4;23.625;-200;-200;0;206;0;
415;2025.05.20 16:00;4;23.625;-200;-200;0;206;0;
416;2025.05.20 16:15;4;23.625;-200;-200;0;206;0;
417;2025.05.20 16:30;4;23.625;-200;-200;0;206;0;
418;2025.05.20 16:45;4;23.75;-200;-200;0;206;0;
419;2025.05.20 17:00;4;24.3125;-200;-200;0;206;0;
420;2025.05.20 17:15;4;24.3125;-200;-200;0;206;0;
421;2025.05.20 17:30;4;24.25;-200;-200;0;206;0;
422;2025.05.20 17:45;4;24.3125;-200;-200;0;206;0;
423;2025.05.20 18:00;4;24.3125;-200;-200;0;206;0;
424;2025.05.20 18:15;4;24.375;-200;-200;0;206;0;
425;2025.05.20 18:30;4;24.375;-200;-200;0;206;0;
426;2025.05.20 18:45;4;24.5;-200;-200;0;206;0;
427;2025.05.20 19:00;4;24.5;-200;-200;0;206;0;
428;2025.05.20 19:15;4;24.5625;-200;-200;0;206;0;
429;2025.05.20 19:30;4;24.625;-200;-200;0;206;0;
430;2025.05.20 19:45;4;24.625;-200;-200;0;206;0;
431;2025.05.20 20:00;4;24.75;-200;-200;0;206;0;
432;2025.05.20 20:15;4;24.8125;-200;-200;0;206;0;
433;2025.05.20 20:30;4;24.875;-200;-200;0;206;0;
434;2025.05.20 20:45;4;24.875;-200;-200;0;206;0;
435;2025.05.20 21:00;4;24.875;-200;-200;0;206;0;
436;2025.05.20 21:15;4;24.875;-200;-200;0;206;0;
437;2025.05.20 21:30;4;24.9375;-200;-200;0;206;0;
438;2025.05.20 21:45;4;24.9375;-200;-200;0;206;0;
439;2025.05.20 22:00;4;25;-200;-200;0;206;0;
440;2025.05.20 22:15;4;25;-200;-200;0;206;0;
441;2025.05.20 22:30;4;25;-200;-200;0;206;0;
442;2025.05.20 22:45;4;25;-200;-200;0;206;0;
443;2025.05.20 23:00;4;25.0625;-200;-200;0;206;0;
444;2025.05.20 23:15;4;25.0625;-200;-200;0;206;0;
445;2025.05.20 23:30;4;25.0625;-200;-200;0;206;0;
446;2025.05.20 23:45;4;25.0625;-200;-200;0;206;0;
447;2025.05.21 00:00;4;25.0625;-200;-200;0;206;0;
448;2025.05.21 00:15;4;25.0625;-200;-200;0;206;0;
449;2025.05.21 00:30;4;25;-200;-200;0;206;0;
450;2025.05.21 00:45;4;25;-200;-200;0;206;0;
451;2025.05.21 01:00;4;25;-200;-200;0;206;0;
452;2025.05.21 01:15;4;24.9375;-200;-200;0;206;0;
453;2025.05.21 01:30;4;24.875;-200;-200;0;206;0;
454;2025.05.21 01:45;4;24.875;-200;-200;0;206;0;
455;2025.05.21 02:00;4;24.875;-200;-200;0;206;0;
456;2025.05.21 02:15;4;24.75;-200;-200;0;206;0;
457;2025.05.21 02:30;4;24.75;-200;-200;0;206;0;
458;2025.05.21 02:45;4;24.6875;-200;-200;0;206;0;
459;2025.05.21 03:00;4;24.625;-200;-200;0;206;0;
460;2025.05.21 03:15;4;24.625;-200;-200;0;206;0;
461;2025.05.21 03:30;4;24.5;-200;-200;0;206;0;
462;2025.05.21 03:45;4;24.5;-200;-200;0;206;0;
463;2025.05.21 04:00;4;24.4375;-200;-200;0;206;0;
464;2025.05.21 04:15;4;24.375;-200;-200;0;206;0;
465;2025.05.21 04:30;4;24.25;-200;-200;0;206;0;
466;2025.05.21 04:45;4;24.25;-200;-200;0;206;0;
467;2025.05.21 05:00;4;24.125;-200;-200;0;206;0;
468;2025.05.21 05:15;4;24;-200;-200;0;206;0;
469;2025.05.21 05:30;4;23.875;-200;-200;0;206;0;
470;2025.05.21 05:45;4;23.75;-200;-200;0;206;0;
471;2025.05.21 06:00;4;23.625;-200;-200;0;206;0;
472;2025.05.21 06:15;4;23.5;-200;-200;0;206;0;
473;2025.05.21 06:30;4;23.375;-200;-200;0;206;0;
474;2025.05.21 06:45;4;23.25;-200;-200;0;206;0;
475;2025.05.21 07:00;4;23.125;-200;-200;0;206;0;
476;2025.05.21 07:15;4;23;-200;-200;0;206;0;
477;2025.05.21 07:30;4;22.8125;-200;-200;0;206;0;
478;2025.05.21 07:45;4;22.6875;-200;-200;0;206;0;
479;2025.05.21 08:00;4;22.5;-200;-200;0;206;0;
480;2025.05.21 08:15;4;22.375;-200;-200;0;206;0;
481;2025.05.21 08:30;4;22.25;-200;-200;0;206;0;
482;2025.05.21 08:45;4;22.125;-200;-200;0;206;0;
483;2025.05.21 09:00;4;22;-200;-200;0;206;0;
484;2025.05.21 09:15;4;21.875;-200;-200;0;206;0;
485;2025.05.21 09:30;4;21.75;-200;-200;0;206;0;
486;2025.05.21 09:45;4;21.625;-200;-200;0;206;0;
487;2025.05.21 10:00;4;21.5;-200;-200;0;206;0;
488;2025.05.21 10:15;4;21.3125;-200;-200;0;206;0;
489;2025.05.21 10:30;4;21.125;-200;-200;0;206;0;
490;2025.05.21 10:45;4;20.875;-200;-200;0;206;0;
491;2025.05.21 11:00;4;20.75;-200;-200;0;206;0;
492;2025.05.21 11:15;4;20.5;-200;-200;0;206;0;
493;2025.05.21 11:30;4;20.3125;-200;-200;0;206;0;
494;2025.05.21 11:45;4;20;-200;-200;0;206;0;
495;2025.05.21 12:00;4;19.75;-200;-200;0;206;0;
496;2025.05.21 12:15;4;19.5;-200;-200;0;206;0;
497;2025.05.21 12:30;4;19.25;-200;-200;0;206;0;
498;2025.05.21 12:45;4;19;-200;-200;0;206;0;
499;2025.05.21 13:00;4;18.8125;-200;-200;0;206;0;
500;2025.05.21 13:15;4;18.5;-200;-200;0;206;0;
501;2025.05.21 13:30;4;18.1875;-200;-200;0;206;0;
502;2025.05.21 13:45;4;17.875;-200;-200;0;206;0;
503;2025.05.21 14:00;4;17.375;-200;-200;0;206;0;
504;2025.05.21 14:15;4;17.0625;-200;-200;0;206;0;
505;2025.05.21 14:30;4;16.75;-200;-200;0;206;0;
506;2025.05.21 14:45;4;16.5;-200;-200;0;206;0;
507;2025.05.21 15:00;4;16.25;-200;-200;0;206;0;
508;2025.05.21 15:15;4;16.125;-200;-200;0;206;0;
509;2025.05.21 15:30;4;16;-200;-200;0;206;0;
510;2025.05.21 15:45;4;15.9375;-200;-200;0;206;0;
511;2025.05.21 16:00;4;15.8125;-200;-200;0;206;0;
512;2025.05.21 16:15;4;15.75;-200;-200;0;206;0;
513;2025.05.21 16:30;4;15.625;-200;-200;0;206;0;
514;2025.05.21 16:45;4;15.625;-200;-200;0;206;0;
515;2025.05.21 17:00;4;15.75;-200;-200;0;206;0;
516;2025.05.21 17:15;4;15.6875;-200;-200;0;206;0;
517;2025.05.21 17:30;4;15.625;-200;-200;0;206;0;
518;2025.05.21 17:45;4;15.625;-200;-200;0;206;0;
519;2025.05.21 18:00;4;15.5625;-200;-200;0;206;0;
520;2025.05.21 18:15;4;15.5625;-200;-200;0;206;0;
521;2025.05.21 18:30;4;15.5625;-200;-200;0;206;0;
522;2025.05.21 18:45;4;15.5625;-200;-200;0;206;0;
523;2025.05.21 19:00;4;15.5625;-200;-200;0;206;0;
524;2025.05.21 19:15;4;15.75;-200;-200;0;206;0;
525;2025.05.21 19:30;4;16;-200;-200;0;206;0;
526;2025.05.21 19:45;4;16.25;-200;-200;0;206;0;
527;2025.05.21 20:00;4;16.4375;-200;-200;0;206;0;
528;2025.05.21 20:15;4;16.625;-200;-200;0;206;0;
529;2025.05.21 20:30;4;17;-200;-200;0;206;0;
530;2025.05.21 20:45;4;17.5;-200;-200;0;206;0;
531;2025.05.21 21:00;4;17.875;-200;-200;0;206;0;
532;2025.05.21 21:15;4;18.1875;-200;-200;0;206;0;
533;2025.05.21 21:30;4;18.5;-200;-200;0;206;0;
534;2025.05.21 21:45;4;18.75;-200;-200;0;206;0;
535;2025.05.21 22:00;4;19;-200;-200;0;206;0;
536;2025.05.21 22:15;4;19.25;-200;-200;0;206;0;
537;2025.05.21 22:30;4;19.5;-200;-200;0;206;0;
538;2025.05.21 22:45;4;19.625;-200;-200;0;206;0;
539;2025.05.21 23:00;4;19.875;-200;-200;0;206;0;
540;2025.05.21 23:15;4;20;-200;-200;0;206;0;
541;2025.05.21 23:30;4;20.125;-200;-200;0;206;0;
542;2025.05.21 23:45;4;20.25;-200;-200;0;206;0;
543;2025.05.22 00:00;4;20.375;-200;-200;0;206;0;
544;2025.05.22 00:15;4;20.5;-200;-200;0;206;0;
545;2025.05.22 00:30;4;20.625;-200;-200;0;206;0;
546;2025.05.22 00:45;4;20.75;-200;-200;0;206;0;
547;2025.05.22 01:00;4;20.75;-200;-200;0;206;0;
548;2025.05.22 01:15;4;20.875;-200;-200;0;206;0;
549;2025.05.22 01:30;4;20.875;-200;-200;0;206;0;
550;2025.05.22 01:45;4;20.9375;-200;-200;0;206;0;
551;2025.05.22 02:00;4;21;-200;-200;0;206;0;
552;2025.05.22 02:15;4;21;-200;-200;0;206;0;
553;2025.05.22 02:30;4;21.0625;-200;-200;0;206;0;
554;2025.05.22 02:45;4;21.0625;-200;-200;0;206;0;
555;2025.05.22 03:00;4;21.125;-200;-200;0;206;0;
556;2025.05.22 03:15;4;21.125;-200;-200;0;206;0;
557;2025.05.22 03:30;4;21.125;-200;-200;0;206;0;
558;2025.05.22 03:45;4;21.125;-200;-200;0;206;0;
559;2025.05.22 04:00;4;21.125;-200;-200;0;206;0;
560;2025.05.22 04:15;4;21.1875;-200;-200;0;206;0;
561;2025.05.22 04:30;4;21.1875;-200;-200;0;206;0;
562;2025.05.22 04:45;4;21.1875;-200;-200;0;206;0;
563;2025.05.22 05:00;4;21.1875;-200;-200;0;206;0;
564;2025.05.22 05:15;4;21.1875;-200;-200;0;206;0;
565;2025.05.22 05:30;4;21.1875;-200;-200;0;206;0;
566;2025.05.22 05:45;4;21.1875;-200;-200;0;206;0;
567;2025.05.22 06:00;4;21.1875;-200;-200;0;206;0;
568;2025.05.22 06:15;4;21.1875;-200;-200;0;206;0;
569;2025.05.22 06:30;4;21.1875;-200;-200;0;206;0;
570;2025.05.22 06:45;4;21.1875;-200;-200;0;206;0;
571;2025.05.22 07:00;4;21.1875;-200;-200;0;206;0;
572;2025.05.22 07:15;4;21.1875;-200;-200;0;206;0;
573;2025.05.22 07:30;4;21.1875;-200;-200;0;206;0;
574;2025.05.22 07:45;4;21.1875;-200;-200;0;206;0;
575;2025.05.22 08:00;4;21.1875;-200;-200;0;206;0;
576;2025.05.22 08:15;4;21.25;-200;-200;0;206;0;
577;2025.05.22 08:30;4;21.25;-200;-200;0;206;0;
578;2025.05.22 08:45;4;21.25;-200;-200;0;206;0;
579;2025.05.22 09:00;4;21.25;-200;-200;0;206;0;
580;2025.05.22 09:15;4;21.25;-200;-200;0;206;0;
581;2025.05.22 09:30;4;21.25;-200;-200;0;206;0;
582;2025.05.22 09:45;4;21.25;-200;-200;0;206;0;
583;2025.05.22 10:00;4;21.25;-200;-200;0;206;0;
584;2025.05.22 10:15;4;21.25;-200;-200;0;206;0;
585;2025.05.22 10:30;4;21.25;-200;-200;0;206;0;
586;2025.05.22 10:45;4;21.25;-200;-200;0;206;0;
587;2025.05.22 11:00;4;21.25;-200;-200;0;206;0;
588;2025.05.22 11:15;4;21.25;-200;-200;0;206;0;
589;2025.05.22 11:30;4;21.25;-200;-200;0;206;0;
590;2025.05.22 11:45;4;21.25;-200;-200;0;206;0;
591;2025.05.22 12:00;4;21.25;-200;-200;0;206;0;
592;2025.05.22 12:15;4;21.25;-200;-200;0;206;0;
593;2025.05.22 12:30;4;21.25;-200;-200;0;206;0;
594;2025.05.22 12:45;4;21.25;-200;-200;0;206;0;
595;2025.05.22 13:00;4;21.25;-200;-200;0;206;0;
596;2025.05.22 13:15;4;21.25;-200;-200;0;206;0;
597;2025.05.22 13:30;4;21.3125;-200;-200;0;206;0;
598;2025.05.22 13:45;4;21.3125;-200;-200;0;206;0;
599;2025.05.22 14:00;4;21.375;-200;-200;0;206;0;
600;2025.05.22 14:15;4;21.375;-200;-200;0;206;0;
601;2025.05.22 14:30;4;21.375;-200;-200;0;206;0;
602;2025.05.22 14:45;4;21.375;-200;-200;0;206;0;
603;2025.05.22 15:00;4;21.375;-200;-200;0;206;0;
604;2025.05.22 15:15;4;21.4375;-200;-200;0;206;0;
605;2025.05.22 15:30;4;21.4375;-200;-200;0;206;0;
606;2025.05.22 15:45;4;21.5;-200;-200;0;206;0;
607;2025.05.22 16:00;4;21.5;-200;-200;0;206;0;
608;2025.05.22 16:15;4;21.5;-200;-200;0;206;0;
609;2025.05.22 16:30;4;21.5;-200;-200;0;206;0;
610;2025.05.22 16:45;4;21.5;-200;-200;0;206;0;
611;2025.05.22 17:00;4;21.5;-200;-200;0;206;0;
612;2025.05.22 17:15;4;21.5625;-200;-200;0;206;0;
613;2025.05.22 17:30;4;21.5625;-200;-200;0;206;0;
614;2025.05.22 17:45;4;21.625;-200;-200;0;206;0;
615;2025.05.22 18:00;4;21.625;-200;-200;0;206;0;
616;2025.05.22 18:15;4;21.625;-200;-200;0;206;0;
617;2025.05.22 18:30;4;21.625;-200;-200;0;206;0;
618;2025.05.22 18:45;4;21.625;-200;-200;0;206;0;
619;2025.05.22 19:00;4;21.625;-200;-200;0;206;0;
620;2025.05.22 19:15;4;21.625;-200;-200;0;206;0;
621;2025.05.22 19:30;4;21.6875;-200;-200;0;206;0;
622;2025.05.22 19:45;4;21.6875;-200;-200;0;206;0;
623;2025.05.22 20:00;4;21.6875;-200;-200;0;206;0;
624;2025.05.22 20:15;4;21.6875;-200;-200;0;206;0;
625;2025.05.22 20:30;4;21.75;-200;-200;0;206;0;
626;2025.05.22 20:45;4;21.75;-200;-200;0;206;0;
627;2025.05.22 21:00;4;21.75;-200;-200;0;206;0;
628;2025.05.22 21:15;4;21.75;-200;-200;0;206;0;
629;2025.05.22 21:30;4;21.75;-200;-200;0;206;0;
630;2025.05.22 21:45;4;21.75;-200;-200;0;206;0;
631;2025.05.22 22:00;4;21.75;-200;-200;0;206;0;
632;2025.05.22 22:15;4;21.75;-200;-200;0;206;0;
633;2025.05.22 22:30;4;21.75;-200;-200;0;206;0;
634;2025.05.22 22:45;4;21.75;-200;-200;0;206;0;
635;2025.05.22 23:00;4;21.75;-200;-200;0;206;0;
636;2025.05.22 23:15;4;21.75;-200;-200;0;206;0;
637;2025.05.22 23:30;4;21.75;-200;-200;0;206;0;
638;2025.05.22 23:45;4;21.75;-200;-200;0;206;0;
639;2025.05.23 00:00;4;21.75;-200;-200;0;206;0;
640;2025.05.23 00:15;4;21.75;-200;-200;0;206;0;
641;2025.05.23 00:30;4;21.75;-200;-200;0;206;0;
642;2025.05.23 00:45;4;21.75;-200;-200;0;206;0;
643;2025.05.23 01:00;4;21.75;-200;-200;0;206;0;
644;2025.05.23 01:15;4;21.6875;-200;-200;0;206;0;
645;2025.05.23 01:30;4;21.625;-200;-200;0;206;0;
646;2025.05.23 01:45;4;21.625;-200;-200;0;206;0;
647;2025.05.23 02:00;4;21.625;-200;-200;0;206;0;
648;2025.05.23 02:15;4;21.625;-200;-200;0;206;0;
649;2025.05.23 02:30;4;21.5625;-200;-200;0;206;0;
650;2025.05.23 02:45;4;21.5625;-200;-200;0;206;0;
651;2025.05.23 03:00;4;21.5;-200;-200;0;206;0;
652;2025.05.23 03:15;4;21.5;-200;-200;0;206;0;
653;2025.05.23 03:30;4;21.5;-200;-200;0;206;0;
654;2025.05.23 03:45;4;21.5;-200;-200;0;206;0;
655;2025.05.23 04:00;4;21.4375;-200;-200;0;206;0;
656;2025.05.23 04:15;4;21.4375;-200;-200;0;206;0;
657;2025.05.23 04:30;4;21.375;-200;-200;0;206;0;
658;2025.05.23 04:45;4;21.375;-200;-200;0;206;0;
659;2025.05.23 05:00;4;21.375;-200;-200;0;206;0;
660;2025.05.23 05:15;4;21.375;-200;-200;0;206;0;
661;2025.05.23 05:30;4;21.3125;-200;-200;0;206;0;
662;2025.05.23 05:45;4;21.3125;-200;-200;0;206;0;
663;2025.05.23 06:00;4;21.25;-200;-200;0;206;0;
664;2025.05.23 06:15;4;21.25;-200;-200;0;206;0;
665;2025.05.23 06:30;4;21.25;-200;-200;0;206;0;
666;2025.05.23 06:45;4;21.25;-200;-200;0;206;0;
667;2025.05.23 07:00;4;21.25;-200;-200;0;206;0;
668;2025.05.23 07:15;4;21.25;-200;-200;0;206;0;
669;2025.05.23 07:30;4;21.1875;-200;-200;0;206;0;
670;2025.05.23 07:45;4;21.1875;-200;-200;0;206;0;
671;2025.05.23 08:00;4;21.1875;-200;-200;0;206;0;
672;2025.05.23 08:15;4;21.125;-200;-200;0;206;0;
673;2025.05.23 08:30;4;21.125;-200;-200;0;206;0;
674;2025.05.23 08:45;4;21.125;-200;-200;0;206;0;
675;2025.05.23 09:00;4;21.125;-200;-200;0;206;0;
676;2025.05.23 09:15;4;21.125;-200;-200;0;206;0;
677;2025.05.23 09:30;4;21.125;-200;-200;0;206;0;
678;2025.05.23 09:45;4;21.125;-200;-200;0;206;0;
679;2025.05.23 10:00;4;21.125;-200;-200;0;206;0;
680;2025.05.23 10:15;4;21.125;-200;-200;0;206;0;
681;2025.05.23 10:30;4;21.125;-200;-200;0;206;0;
682;2025.05.23 10:45;4;21.125;-200;-200;0;206;0;
683;2025.05.23 11:00;4;21.125;-200;-200;0;206;0;
684;2025.05.23 11:15;4;21.125;-200;-200;0;206;0;
685;2025.05.23 11:30;4;21.125;-200;-200;0;206;0;
686;2025.05.23 11:45;4;21.125;-200;-200;0;206;0;
687;2025.05.23 12:00;4;21.125;-200;-200;0;206;0;
688;2025.05.23 12:15;4;21.125;-200;-200;0;206;0;
689;2025.05.23 12:30;4;21.125;-200;-200;0;206;0;
690;2025.05.23 12:45;4;21.125;-200;-200;0;206;0;
691;2025.05.23 13:00;4;21.125;-200;-200;0;206;0;
692;2025.05.23 13:15;4;21.125;-200;-200;0;206;0;
693;2025.05.23 13:30;4;21.125;-200;-200;0;206;0;
694;2025.05.23 13:45;4;21.1875;-200;-200;0;206;0;
695;2025.05.23 14:00;4;21.25;-200;-200;0;206;0;
696;2025.05.23 14:15;4;21.25;-200;-200;0;206;0;
697;2025.05.23 14:30;4;21.25;-200;-200;0;206;0;
698;2025.05.23 14:45;4;21.25;-200;-200;0;206;0;
699;2025.05.23 15:00;4;21.3125;-200;-200;0;206;0;
700;2025.05.23 15:15;4;21.3125;-200;-200;0;206;0;
701;2025.05.23 15:30;4;21.375;-200;-200;0;206;0;
702;2025.05.23 15:45;4;21.375;-200;-200;0;206;0;
703;2025.05.23 16:00;4;21.4375;-200;-200;0;206;0;
704;2025.05.23 16:15;4;21.5;-200;-200;0;206;0;
705;2025.05.23 16:30;4;21.5625;-200;-200;0;206;0;
706;2025.05.23 16:45;4;21.625;-200;-200;0;206;0;
707;2025.05.23 17:00;4;21.625;-200;-200;0;206;0;
708;2025.05.23 17:15;4;21.625;-200;-200;0;206;0;
709;2025.05.23 17:30;4;21.625;-200;-200;0;206;0;
710;2025.05.23 17:45;4;21.625;-200;-200;0;206;0;
711;2025.05.23 18:00;4;21.625;-200;-200;0;206;0;
712;2025.05.23 18:15;4;21.625;-200;-200;0;206;0;
713;2025.05.23 18:30;4;21.625;-200;-200;0;206;0;
714;2025.05.23 18:45;4;21.625;-200;-200;0;206;0;
715;2025.05.23 19:00;4;21.6875;-200;-200;0;206;0;
716;2025.05.23 19:15;4;21.6875;-200;-200;0;206;0;
717;2025.05.23 19:30;4;21.6875;-200;-200;0;206;0;
718;2025.05.23 19:45;4;21.6875;-200;-200;0;206;0;
719;2025.05.23 20:00;4;21.6875;-200;-200;0;206;0;
720;2025.05.23 20:15;4;21.75;-200;-200;0;206;0;
721;2025.05.23 20:30;4;21.75;-200;-200;0;206;0;
722;2025.05.23 20:45;4;21.75;-200;-200;0;206;0;
723;2025.05.23 21:00;4;21.75;-200;-200;0;206;0;
724;2025.05.23 21:15;4;21.75;-200;-200;0;206;0;
725;2025.05.23 21:30;4;21.75;-200;-200;0;206;0;
726;2025.05.23 21:45;4;21.75;-200;-200;0;206;0;
727;2025.05.23 22:00;4;21.75;-200;-200;0;206;0;
728;2025.05.23 22:15;4;21.75;-200;-200;0;206;0;
729;2025.05.23 22:30;4;21.75;-200;-200;0;206;0;
730;2025.05.23 22:45;4;21.75;-200;-200;0;206;0;
731;2025.05.23 23:00;4;21.75;-200;-200;0;206;0;
732;2025.05.23 23:15;4;21.75;-200;-200;0;206;0;
733;2025.05.23 23:30;4;21.75;-200;-200;0;206;0;
734;2025.05.23 23:45;4;21.75;-200;-200;0;206;0;
735;2025.05.24 00:00;4;21.75;-200;-200;0;206;0;
736;2025.05.24 00:15;4;21.75;-200;-200;0;206;0;
737;2025.05.24 00:30;4;21.75;-200;-200;0;206;0;
738;2025.05.24 00:45;4;21.75;-200;-200;0;206;0;
739;2025.05.24 01:00;4;21.75;-200;-200;0;206;0;
740;2025.05.24 01:15;4;21.75;-200;-200;0;206;0;
741;2025.05.24 01:30;4;21.75;-200;-200;0;206;0;
742;2025.05.24 01:45;4;21.75;-200;-200;0;206;0;
743;2025.05.24 02:00;4;21.75;-200;-200;0;206;0;
744;2025.05.24 02:15;4;21.75;-200;-200;0;206;0;
745;2025.05.24 02:30;4;21.6875;-200;-200;0;206;0;
746;2025.05.24 02:45;4;21.6875;-200;-200;0;206;0;
747;2025.05.24 03:00;4;21.625;-200;-200;0;206;0;
748;2025.05.24 03:15;4;21.625;-200;-200;0;206;0;
749;2025.05.24 03:30;4;21.625;-200;-200;0;206;0;
750;2025.05.24 03:45;4;21.625;-200;-200;0;206;0;
751;2025.05.24 04:00;4;21.625;-200;-200;0;206;0;
752;2025.05.24 04:15;4;21.625;-200;-200;0;206;0;
753;2025.05.24 04:30;4;21.625;-200;-200;0;206;0;
754;2025.05.24 04:45;4;21.5625;-200;-200;0;206;0;
755;2025.05.24 05:00;4;21.5625;-200;-200;0;206;0;
756;2025.05.24 05:15;4;21.5625;-200;-200;0;206;0;
757;2025.05.24 05:30;4;21.5;-200;-200;0;206;0;
758;2025.05.24 05:45;4;21.5;-200;-200;0;206;0;
759;2025.05.24 06:00;4;21.5;-200;-200;0;206;0;
760;2025.05.24 06:15;4;21.5;-200;-200;0;206;0;
761;2025.05.24 06:30;4;21.5;-200;-200;0;206;0;
762;2025.05.24 06:45;4;21.5;-200;-200;0;206;0;
763;2025.05.24 07:00;4;21.5;-200;-200;0;206;0;
764;2025.05.24 07:15;4;21.5;-200;-200;0;206;0;
765;2025.05.24 07:30;4;21.4375;-200;-200;0;206;0;
766;2025.05.24 07:45;4;21.4375;-200;-200;0;206;0;
767;2025.05.24 08:00;4;21.4375;-200;-200;0;206;0;
768;2025.05.24 08:15;4;21.375;-200;-200;0;206;0;
769;2025.05.24 08:30;4;21.375;-200;-200;0;206;0;
770;2025.05.24 08:45;4;21.375;-200;-200;0;206;0;
771;2025.05.24 09:00;4;21.375;-200;-200;0;206;0;
772;2025.05.24 09:15;4;21.375;-200;-200;0;206;0;
773;2025.05.24 09:30;4;21.375;-200;-200;0;206;0;
774;2025.05.24 09:45;4;21.375;-200;-200;0;206;0;
775;2025.05.24 10:00;4;21.375;-200;-200;0;206;0;
776;2025.05.24 10:15;4;21.375;-200;-200;0;206;0;
777;2025.05.24 10:30;4;21.375;-200;-200;0;206;0;
778;2025.05.24 10:45;4;21.375;-200;-200;0;206;0;
779;2025.05.24 11:00;4;21.375;-200;-200;0;206;0;
780;2025.05.24 11:15;4;21.375;-200;-200;0;206;0;
781;2025.05.24 11:30;4;21.375;-200;-200;0;206;0;
782;2025.05.24 11:45;4;21.375;-200;-200;0;206;0;
783;2025.05.24 12:00;4;21.375;-200;-200;0;206;0;
784;2025.05.24 12:15;4;21.375;-200;-200;0;206;0;
785;2025.05.24 12:30;4;21.375;-200;-200;0;206;0;
786;2025.05.24 12:45;4;21.375;-200;-200;0;206;0;
787;2025.05.24 13:00;4;21.375;-200;-200;0;206;0;
788;2025.05.24 13:15;4;21.375;-200;-200;0;206;0;
789;2025.05.24 13:30;4;21.375;-200;-200;0;206;0;
790;2025.05.24 13:45;4;21.375;-200;-200;0;206;0;
791;2025.05.24 14:00;4;21.4375;-200;-200;0;206;0;
792;2025.05.24 14:15;4;21.4375;-200;-200;0;206;0;
793;2025.05.24 14:30;4;21.5;-200;-200;0;206;0;
794;2025.05.24 14:45;4;21.5;-200;-200;0;206;0;
795;2025.05.24 15:00;4;21.5;-200;-200;0;206;0;
796;2025.05.24 15:15;4;21.5;-200;-200;0;206;0;
797;2025.05.24 15:30;4;21.5;-200;-200;0;206;0;
798;2025.05.24 15:45;4;21.5625;-200;-200;0;206;0;
799;2025.05.24 16:00;4;21.5625;-200;-200;0;206;0;
800;2025.05.24 16:15;4;21.625;-200;-200;0;206;0;
801;2025.05.24 16:30;4;21.625;-200;-200;0;206;0;
802;2025.05.24 16:45;4;21.625;-200;-200;0;206;0;
803;2025.05.24 17:00;4;21.625;-200;-200;0;206;0;
804;2025.05.24 17:15;4;21.625;-200;-200;0;206;0;
805;2025.05.24 17:30;4;21.625;-200;-200;0;206;0;
806;2025.05.24 17:45;4;21.625;-200;-200;0;206;0;
807;2025.05.24 18:00;4;21.6875;-200;-200;0;206;0;
808;2025.05.24 18:15;4;21.6875;-200;-200;0;206;0;
809;2025.05.24 18:30;4;21.6875;-200;-200;0;206;0;
810;2025.05.24 18:45;4;21.75;-200;-200;0;206;0;
811;2025.05.24 19:00;4;21.75;-200;-200;0;206;0;
812;2025.05.24 19:15;4;21.75;-200;-200;0;206;0;
813;2025.05.24 19:30;4;21.75;-200;-200;0;206;0;
814;2025.05.24 19:45;4;21.75;-200;-200;0;206;0;
815;2025.05.24 20:00;4;21.75;-200;-200;0;206;0;
816;2025.05.24 20:15;4;21.75;-200;-200;0;206;0;
817;2025.05.24 20:30;4;21.75;-200;-200;0;206;0;
818;2025.05.24 20:45;4;21.75;-200;-200;0;206;0;
819;2025.05.24 21:00;4;21.75;-200;-200;0;206;0;
820;2025.05.24 21:15;4;21.75;-200;-200;0;206;0;
821;2025.05.24 21:30;4;21.75;-200;-200;0;206;0;
822;2025.05.24 21:45;4;21.75;-200;-200;0;206;0;
823;2025.05.24 22:00;4;21.8125;-200;-200;0;206;0;
824;2025.05.24 22:15;4;21.8125;-200;-200;0;206;0;
825;2025.05.24 22:30;4;21.8125;-200;-200;0;206;0;
826;2025.05.24 22:45;4;21.8125;-200;-200;0;206;0;
827;2025.05.24 23:00;4;21.875;-200;-200;0;206;0;
828;2025.05.24 23:15;4;21.875;-200;-200;0;206;0;
829;2025.05.24 23:30;4;21.875;-200;-200;0;206;0;
830;2025.05.24 23:45;4;21.875;-200;-200;0;206;0;
831;2025.05.25 00:00;4;21.875;-200;-200;0;206;0;
832;2025.05.25 00:15;4;21.875;-200;-200;0;206;0;
833;2025.05.25 00:30;4;21.875;-200;-200;0;206;0;
834;2025.05.25 00:45;4;21.875;-200;-200;0;206;0;
835;2025.05.25 01:00;4;21.875;-200;-200;0;206;0;
836;2025.05.25 01:15;4;21.875;-200;-200;0;206;0;
837;2025.05.25 01:30;4;21.8125;-200;-200;0;206;0;
838;2025.05.25 01:45;4;21.8125;-200;-200;0;206;0;
839;2025.05.25 02:00;4;21.75;-200;-200;0;206;0;
840;2025.05.25 02:15;4;21.75;-200;-200;0;206;0;
841;2025.05.25 02:30;4;21.75;-200;-200;0;206;0;
842;2025.05.25 02:45;4;21.75;-200;-200;0;206;0;
843;2025.05.25 03:00;4;21.6875;-200;-200;0;206;0;
844;2025.05.25 03:15;4;21.625;-200;-200;0;206;0;
845;2025.05.25 03:30;4;21.625;-200;-200;0;206;0;
846;2025.05.25 03:45;4;21.625;-200;-200;0;206;0;
847;2025.05.25 04:00;4;21.625;-200;-200;0;206;0;
848;2025.05.25 04:15;4;21.625;-200;-200;0;206;0;
849;2025.05.25 04:30;4;21.625;-200;-200;0;206;0;
850;2025.05.25 04:45;4;21.625;-200;-200;0;206;0;
851;2025.05.25 05:00;4;21.625;-200;-200;0;206;0;
852;2025.05.25 05:15;4;21.5625;-200;-200;0;206;0;
853;2025.05.25 05:30;4;21.5625;-200;-200;0;206;0;
854;2025.05.25 05:45;4;21.5;-200;-200;0;206;0;
855;2025.05.25 06:00;4;21.5;-200;-200;0;206;0;
856;2025.05.25 06:15;4;21.5;-200;-200;0;206;0;
857;2025.05.25 06:30;4;21.5;-200;-200;0;206;0;
858;2025.05.25 06:45;4;21.5;-200;-200;0;206;0;
859;2025.05.25 07:00;4;21.5;-200;-200;0;206;0;
860;2025.05.25 07:15;4;21.5;-200;-200;0;206;0;
861;2025.05.25 07:30;4;21.5;-200;-200;0;206;0;
862;2025.05.25 07:45;4;21.5;-200;-200;0;206;0;
863;2025.05.25 08:00;4;21.5;-200;-200;0;206;0;
864;2025.05.25 08:15;4;21.5;-200;-200;0;206;0;
865;2025.05.25 08:30;4;21.5;-200;-200;0;206;0;
866;2025.05.25 08:45;4;21.5;-200;-200;0;206;0;
867;2025.05.25 09:00;4;21.4375;-200;-200;0;206;0;
868;2025.05.25 09:15;4;21.4375;-200;-200;0;206;0;
869;2025.05.25 09:30;4;21.4375;-200;-200;0;206;0;
870;2025.05.25 09:45;4;21.375;-200;-200;0;206;0;
871;2025.05.25 10:00;4;21.375;-200;-200;0;206;0;
872;2025.05.25 10:15;4;21.375;-200;-200;0;206;0;
873;2025.05.25 10:30;4;21.375;-200;-200;0;206;0;
874;2025.05.25 10:45;4;21.375;-200;-200;0;206;0;
875;2025.05.25 11:00;4;21.375;-200;-200;0;206;0;
876;2025.05.25 11:15;4;21.375;-200;-200;0;206;0;
877;2025.05.25 11:30;4;21.375;-200;-200;0;206;0;
878;2025.05.25 11:45;4;21.375;-200;-200;0;206;0;
879;2025.05.25 12:00;4;21.375;-200;-200;0;206;0;
880;2025.05.25 12:15;4;21.375;-200;-200;0;206;0;
881;2025.05.25 12:30;4;21.375;-200;-200;0;206;0;
882;2025.05.25 12:45;4;21.375;-200;-200;0;206;0;
883;2025.05.25 13:00;4;21.375;-200;-200;0;206;0;
884;2025.05.25 13:15;4;21.375;-200;-200;0;206;0;
885;2025.05.25 13:30;4;21.375;-200;-200;0;206;0;
886;2025.05.25 13:45;4;21.375;-200;-200;0;206;0;
887;2025.05.25 14:00;4;21.4375;-200;-200;0;206;0;
888;2025.05.25 14:15;4;21.4375;-200;-200;0;206;0;
889;2025.05.25 14:30;4;21.5;-200;-200;0;206;0;
890;2025.05.25 14:45;4;21.5;-200;-200;0;206;0;
891;2025.05.25 15:00;4;21.5;-200;-200;0;206;0;
892;2025.05.25 15:15;4;21.5;-200;-200;0;206;0;
893;2025.05.25 15:30;4;21.5625;-200;-200;0;206;0;
894;2025.05.25 15:45;4;21.5625;-200;-200;0;206;0;
895;2025.05.25 16:00;4;21.625;-200;-200;0;206;0;
896;2025.05.25 16:15;4;21.625;-200;-200;0;206;0;
897;2025.05.25 16:30;4;21.625;-200;-200;0;206;0;
898;2025.05.25 16:45;4;21.625;-200;-200;0;206;0;
899;2025.05.25 17:00;4;21.6875;-200;-200;0;206;0;
900;2025.05.25 17:15;4;21.6875;-200;-200;0;206;0;
901;2025.05.25 17:30;4;21.75;-200;-200;0;206;0;
902;2025.05.25 17:45;4;21.75;-200;-200;0;206;0;
903;2025.05.25 18:00;4;21.75;-200;-200;0;206;0;
904;2025.05.25 18:15;4;21.75;-200;-200;0;206;0;
905;2025.05.25 18:30;4;21.75;-200;-200;0;206;0;
906;2025.05.25 18:45;4;21.75;-200;-200;0;206;0;
907;2025.05.25 19:00;4;21.75;-200;-200;0;206;0;
908;2025.05.25 19:15;4;21.75;-200;-200;0;206;0;
909;2025.05.25 19:30;4;21.8125;-200;-200;0;206;0;
910;2025.05.25 19:45;4;21.8125;-200;-200;0;206;0;
911;2025.05.25 20:00;4;21.8125;-200;-200;0;206;0;
912;2025.05.25 20:15;4;21.875;-200;-200;0;206;0;
913;2025.05.25 20:30;4;21.875;-200;-200;0;206;0;
914;2025.05.25 20:45;4;21.875;-200;-200;0;206;0;
915;2025.05.25 21:00;4;21.875;-200;-200;0;206;0;
916;2025.05.25 21:15;4;21.875;-200;-200;0;206;0;
917;2025.05.25 21:30;4;21.875;-200;-200;0;206;0;
918;2025.05.25 21:45;4;21.875;-200;-200;0;206;0;
919;2025.05.25 22:00;4;21.875;-200;-200;0;206;0;
920;2025.05.25 22:15;4;21.875;-200;-200;0;206;0;
921;2025.05.25 22:30;4;21.875;-200;-200;0;206;0;
922;2025.05.25 22:45;4;21.875;-200;-200;0;206;0;
923;2025.05.25 23:00;4;21.875;-200;-200;0;206;0;
924;2025.05.25 23:15;4;21.875;-200;-200;0;206;0;
925;2025.05.25 23:30;4;21.875;-200;-200;0;206;0;
926;2025.05.25 23:45;4;21.9375;-200;-200;0;206;0;
927;2025.05.26 00:00;4;21.9375;-200;-200;0;206;0;
928;2025.05.26 00:15;4;21.875;-200;-200;0;206;0;
929;2025.05.26 00:30;4;21.875;-200;-200;0;206;0;
930;2025.05.26 00:45;4;21.875;-200;-200;0;206;0;
931;2025.05.26 01:00;4;21.875;-200;-200;0;206;0;
932;2025.05.26 01:15;4;21.875;-200;-200;0;206;0;
933;2025.05.26 01:30;4;21.875;-200;-200;0;206;0;
934;2025.05.26 01:45;4;21.875;-200;-200;0;206;0;
935;2025.05.26 02:00;4;21.8125;-200;-200;0;206;0;
936;2025.05.26 02:15;4;21.75;-200;-200;0;206;0;
937;2025.05.26 02:30;4;21.75;-200;-200;0;206;0;
938;2025.05.26 02:45;4;21.75;-200;-200;0;206;0;
939;2025.05.26 03:00;4;21.75;-200;-200;0;206;0;
940;2025.05.26 03:15;4;21.75;-200;-200;0;206;0;
941;2025.05.26 03:30;4;21.6875;-200;-200;0;206;0;
942;2025.05.26 03:45;4;21.6875;-200;-200;0;206;0;
943;2025.05.26 04:00;4;21.625;-200;-200;0;206;0;
944;2025.05.26 04:15;4;21.625;-200;-200;0;206;0;
945;2025.05.26 04:30;4;21.625;-200;-200;0;206;0;
946;2025.05.26 04:45;4;21.625;-200;-200;0;206;0;
947;2025.05.26 05:00;4;21.625;-200;-200;0;206;0;
948;2025.05.26 05:15;4;21.5625;-200;-200;0;206;0;
949;2025.05.26 05:30;4;21.5;-200;-200;0;206;0;
950;2025.05.26 05:45;4;21.5;-200;-200;0;206;0;
951;2025.05.26 06:00;4;21.5;-200;-200;0;206;0;
952;2025.05.26 06:15;4;21.5;-200;-200;0;206;0;
953;2025.05.26 06:30;4;21.5;-200;-200;0;206;0;
954;2025.05.26 06:45;4;21.5;-200;-200;0;206;0;
955;2025.05.26 07:00;4;21.5;-200;-200;0;206;0;
956;2025.05.26 07:15;4;21.5;-200;-200;0;206;0;
957;2025.05.26 07:30;4;21.5;-200;-200;0;206;0;
958;2025.05.26 07:45;4;21.5;-200;-200;0;206;0;
959;2025.05.26 08:00;4;21.5;-200;-200;0;206;0;
960;2025.05.26 08:15;4;21.5;-200;-200;0;206;0;
961;2025.05.26 08:30;4;21.5;-200;-200;0;206;0;
962;2025.05.26 08:45;4;21.5;-200;-200;0;206;0;
963;2025.05.26 09:00;4;21.5;-200;-200;0;206;0;
964;2025.05.26 09:15;4;21.4375;-200;-200;0;206;0;
965;2025.05.26 09:30;4;21.4375;-200;-200;0;206;0;
966;2025.05.26 09:45;4;21.4375;-200;-200;0;206;0;
967;2025.05.26 10:00;4;21.4375;-200;-200;0;206;0;
968;2025.05.26 10:15;4;21.375;-200;-200;0;206;0;
969;2025.05.26 10:30;4;21.375;-200;-200;0;206;0;
970;2025.05.26 10:45;4;21.375;-200;-200;0;206;0;
971;2025.05.26 11:00;4;21.375;-200;-200;0;206;0;
972;2025.05.26 11:15;4;21.375;-200;-200;0;206;0;
973;2025.05.26 11:30;4;21.375;-200;-200;0;206;0;
974;2025.05.26 11:45;4;21.375;-200;-200;0;206;0;
975;2025.05.26 12:00;4;21.375;-200;-200;0;206;0;
976;2025.05.26 12:15;4;21.375;-200;-200;0;206;0;
977;2025.05.26 12:30;4;21.375;-200;-200;0;206;0;
978;2025.05.26 12:45;4;21.375;-200;-200;0;206;0;
979;2025.05.26 13:00;4;21.375;-200;-200;0;206;0;
980;2025.05.26 13:15;4;21.375;-200;-200;0;206;0;
981;2025.05.26 13:30;4;21.4375;-200;-200;0;206;0;
982;2025.05.26 13:45;4;21.5;-200;-200;0;206;0;
983;2025.05.26 14:00;4;21.5;-200;-200;0;206;0;
984;2025.05.26 14:15;4;21.5;-200;-200;0;206;0;
985;2025.05.26 14:30;4;21.5;-200;-200;0;206;0;
986;2025.05.26 14:45;4;21.5;-200;-200;0;206;0;
987;2025.05.26 15:00;4;21.5;-200;-200;0;206;0;
988;2025.05.26 15:15;4;21.5;-200;-200;0;206;0;
989;2025.05.26 15:30;4;21.5625;-200;-200;0;206;0;
990;2025.05.26 15:45;4;21.5625;-200;-200;0;206;0;
991;2025.05.26 16:00;4;21.625;-200;-200;0;206;0;
992;2025.05.26 16:15;4;21.625;-200;-200;0;206;0;
993;2025.05.26 16:30;4;21.625;-200;-200;0;206;0;
994;2025.05.26 16:45;4;21.625;-200;-200;0;206;0;
995;2025.05.26 17:00;4;21.625;-200;-200;0;206;0;
996;2025.05.26 17:15;4;21.625;-200;-200;0;206;0;
997;2025.05.26 17:30;4;21.625;-200;-200;0;206;0;
998;2025.05.26 17:45;4;21.625;-200;-200;0;206;0;
999;2025.05.26 18:00;4;21.6875;-200;-200;0;206;0;
1000;2025.05.26 18:15;4;21.6875;-200;-200;0;206;0;
1001;2025.05.26 18:30;4;21.6875;-200;-200;0;206;0;
1002;2025.05.26 18:45;4;21.6875;-200;-200;0;206;0;
1003;2025.05.26 19:00;4;21.6875;-200;-200;0;206;0;
1004;2025.05.26 19:15;4;21.75;-200;-200;0;206;0;
1005;2025.05.26 19:30;4;21.75;-200;-200;0;206;0;
1006;2025.05.26 19:45;4;21.75;-200;-200;0;206;0;
1007;2025.05.26 20:00;4;21.75;-200;-200;0;206;0;
1008;2025.05.26 20:15;4;21.75;-200;-200;0;206;0;
1009;2025.05.26 20:30;4;21.75;-200;-200;0;206;0;
1010;2025.05.26 20:45;4;21.75;-200;-200;0;206;0;
1011;2025.05.26 21:00;4;21.75;-200;-200;0;206;0;
1012;2025.05.26 21:15;4;21.8125;-200;-200;0;206;0;
1013;2025.05.26 21:30;4;21.8125;-200;-200;0;206;0;
1014;2025.05.26 21:45;4;21.8125;-200;-200;0;206;0;
1015;2025.05.26 22:00;4;21.875;-200;-200;0;206;0;
1016;2025.05.26 22:15;4;21.875;-200;-200;0;206;0;
1017;2025.05.26 22:30;4;21.875;-200;-200;0;206;0;
1018;2025.05.26 22:45;4;21.875;-200;-200;0;206;0;
1019;2025.05.26 23:00;4;21.875;-200;-200;0;206;0;
1020;2025.05.26 23:15;4;21.875;-200;-200;0;206;0;
1021;2025.05.26 23:30;4;21.875;-200;-200;0;206;0;
1022;2025.05.26 23:45;4;21.875;-200;-200;0;206;0;
1023;2025.05.27 00:00;4;21.875;-200;-200;0;206;0;
1024;2025.05.27 00:15;4;21.875;-200;-200;0;206;0;
1025;2025.05.27 00:30;4;21.875;-200;-200;0;206;0;
1026;2025.05.27 00:45;4;21.875;-200;-200;0;206;0;
1027;2025.05.27 01:00;4;21.875;-200;-200;0;206;0;
1028;2025.05.27 01:15;4;21.875;-200;-200;0;206;0;
1029;2025.05.27 01:30;4;21.8125;-200;-200;0;206;0;
1030;2025.05.27 01:45;4;21.75;-200;-200;0;206;0;
1031;2025.05.27 02:00;4;21.75;-200;-200;0;206;0;
1032;2025.05.27 02:15;4;21.75;-200;-200;0;206;0;
1033;2025.05.27 02:30;4;21.75;-200;-200;0;206;0;
1034;2025.05.27 02:45;4;21.75;-200;-200;0;206;0;
1035;2025.05.27 03:00;4;21.75;-200;-200;0;206;0;
1036;2025.05.27 03:15;4;21.75;-200;-200;0;206;0;
1037;2025.05.27 03:30;4;21.6875;-200;-200;0;206;0;
1038;2025.05.27 03:45;4;21.6875;-200;-200;0;206;0;
1039;2025.05.27 04:00;4;21.625;-200;-200;0;206;0;
1040;2025.05.27 04:15;4;21.625;-200;-200;0;206;0;
1041;2025.05.27 04:30;4;21.625;-200;-200;0;206;0;
1042;2025.05.27 04:45;4;21.625;-200;-200;0;206;0;
1043;2025.05.27 05:00;4;21.625;-200;-200;0;206;0;
1044;2025.05.27 05:15;4;21.625;-200;-200;0;206;0;
1045;2025.05.27 05:30;4;21.5625;-200;-200;0;206;0;
1046;2025.05.27 05:45;4;21.5625;-200;-200;0;206;0;
1047;2025.05.27 06:00;4;21.5;-200;-200;0;206;0;
1048;2025.05.27 06:15;4;21.5;-200;-200;0;206;0;
1049;2025.05.27 06:30;4;21.5;-200;-200;0;206;0;
1050;2025.05.27 06:45;4;21.5;-200;-200;0;206;0;
1051;2025.05.27 07:00;4;21.5;-200;-200;0;206;0;
1052;2025.05.27 07:15;4;21.5;-200;-200;0;206;0;
1053;2025.05.27 07:30;4;21.5;-200;-200;0;206;0;
1054;2025.05.27 07:45;4;21.5;-200;-200;0;206;0;
1055;2025.05.27 08:00;4;21.5;-200;-200;0;206;0;
1056;2025.05.27 08:15;4;21.5;-200;-200;0;206;0;
1057;2025.05.27 08:30;4;21.4375;-200;-200;0;206;0;
1058;2025.05.27 08:45;4;21.4375;-200;-200;0;206;0;
1059;2025.05.27 09:00;4;21.4375;-200;-200;0;206;0;
1060;2025.05.27 09:15;4;21.375;-200;-200;0;206;0;
1061;2025.05.27 09:30;4;21.375;-200;-200;0;206;0;
1062;2025.05.27 09:45;4;21.375;-200;-200;0;206;0;
1063;2025.05.27 10:00;4;21.375;-200;-200;0;206;0;
1064;2025.05.27 10:15;4;21.375;-200;-200;0;206;0;
1065;2025.05.27 10:30;4;21.375;-200;-200;0;206;0;
1066;2025.05.27 10:45;4;21.375;-200;-200;0;206;0;
1067;2025.05.27 11:00;4;21.375;-200;-200;0;206;0;
1068;2025.05.27 11:15;4;21.375;-200;-200;0;206;0;
1069;2025.05.27 11:30;4;21.375;-200;-200;0;206;0;
1070;2025.05.27 11:45;4;21.375;-200;-200;0;206;0;
1071;2025.05.27 12:00;4;21.3125;-200;-200;0;206;0;
1072;2025.05.27 12:15;4;21.3125;-200;-200;0;206;0;
1073;2025.05.27 12:30;4;21.3125;-200;-200;0;206;0;
1074;2025.05.27 12:45;4;21.3125;-200;-200;0;206;0;
1075;2025.05.27 13:00;4;21.375;-200;-200;0;206;0;
1076;2025.05.27 13:15;4;21.375;-200;-200;0;206;0;
1077;2025.05.27 13:30;4;21.375;-200;-200;0;206;0;
1078;2025.05.27 13:45;4;21.375;-200;-200;0;206;0;
1079;2025.05.27 14:00;4;21.375;-200;-200;0;206;0;
1080;2025.05.27 14:15;4;21.4375;-200;-200;0;206;0;
1081;2025.05.27 14:30;4;21.4375;-200;-200;0;206;0;
1082;2025.05.27 14:45;4;21.5;-200;-200;0;206;0;
1083;2025.05.27 15:00;4;21.5;-200;-200;0;206;0;
1084;2025.05.27 15:15;4;21.5;-200;-200;0;206;0;
1085;2025.05.27 15:30;4;21.625;-200;-200;0;206;0;
1086;2025.05.27 15:45;4;21.625;-200;-200;0;206;0;
1087;2025.05.27 16:00;4;21.625;-200;-200;0;206;0;
1088;2025.05.27 16:15;4;21.6875;-200;-200;0;206;0;
1089;2025.05.27 16:30;4;21.6875;-200;-200;0;206;0;
1090;2025.05.27 16:45;4;21.6875;-200;-200;0;206;0;
1091;2025.05.27 17:00;4;21.75;-200;-200;0;206;0;
1092;2025.05.27 17:15;4;21.75;-200;-200;0;206;0;
1093;2025.05.27 17:30;4;21.75;-200;-200;0;206;0;
1094;2025.05.27 17:45;4;21.75;-200;-200;0;206;0;
1095;2025.05.27 18:00;4;21.75;-200;-200;0;206;0;
1096;2025.05.27 18:15;4;21.75;-200;-200;0;206;0;
1097;2025.05.27 18:30;4;21.75;-200;-200;0;206;0;
1098;2025.05.27 18:45;4;21.75;-200;-200;0;206;0;
1099;2025.05.27 19:00;4;21.75;-200;-200;0;206;0;
1100;2025.05.27 19:15;4;21.75;-200;-200;0;206;0;
1101;2025.05.27 19:30;4;21.75;-200;-200;0;206;0;
1102;2025.05.27 19:45;4;21.75;-200;-200;0;206;0;
1103;2025.05.27 20:00;4;21.8125;-200;-200;0;206;0;
1104;2025.05.27 20:15;4;21.875;-200;-200;0;206;0;
1105;2025.05.27 20:30;4;21.875;-200;-200;0;206;0;
1106;2025.05.27 20:45;4;21.875;-200;-200;0;206;0;
1107;2025.05.27 21:00;4;21.875;-200;-200;0;206;0;
1108;2025.05.27 21:15;4;21.875;-200;-200;0;206;0;
1109;2025.05.27 21:30;4;21.875;-200;-200;0;206;0;
1110;2025.05.27 21:45;4;21.875;-200;-200;0;206;0;
1111;2025.05.27 22:00;4;21.9375;-200;-200;0;206;0;
1112;2025.05.27 22:15;4;21.9375;-200;-200;0;206;0;
1113;2025.05.27 22:30;4;21.9375;-200;-200;0;206;0;
1114;2025.05.27 22:45;4;21.9375;-200;-200;0;206;0;
1115;2025.05.27 23:00;4;22;-200;-200;0;206;0;
1116;2025.05.27 23:15;4;21.9375;-200;-200;0;206;0;
1117;2025.05.27 23:30;4;22;-200;-200;0;206;0;
1118;2025.05.27 23:45;4;21.9375;-200;-200;0;206;0;
1119;2025.05.28 00:00;4;21.9375;-200;-200;0;206;0;
1120;2025.05.28 00:15;4;21.9375;-200;-200;0;206;0;
1121;2025.05.28 00:30;4;21.9375;-200;-200;0;206;0;
1122;2025.05.28 00:45;4;21.9375;-200;-200;0;206;0;
1123;2025.05.28 01:00;4;21.875;-200;-200;0;206;0;
1124;2025.05.28 01:15;4;21.875;-200;-200;0;206;0;
1125;2025.05.28 01:30;4;21.875;-200;-200;0;206;0;
1126;2025.05.28 01:45;4;21.875;-200;-200;0;206;0;
1127;2025.05.28 02:00;4;21.875;-200;-200;0;206;0;
1128;2025.05.28 02:15;4;21.8125;-200;-200;0;206;0;
1129;2025.05.28 02:30;4;21.8125;-200;-200;0;206;0;
1130;2025.05.28 02:45;4;21.75;-200;-200;0;206;0;
1131;2025.05.28 03:00;4;21.75;-200;-200;0;206;0;
1132;2025.05.28 03:15;4;21.75;-200;-200;0;206;0;
1133;2025.05.28 03:30;4;21.75;-200;-200;0;206;0;
1134;2025.05.28 03:45;4;21.75;-200;-200;0;206;0;
1135;2025.05.28 04:00;4;21.75;-200;-200;0;206;0;
1136;2025.05.28 04:15;4;21.75;-200;-200;0;206;0;
1137;2025.05.28 04:30;4;21.75;-200;-200;0;206;0;
1138;2025.05.28 04:45;4;21.75;-200;-200;0;206;0;
1139;2025.05.28 05:00;4;21.6875;-200;-200;0;206;0;
1140;2025.05.28 05:15;4;21.6875;-200;-200;0;206;0;
1141;2025.05.28 05:30;4;21.6875;-200;-200;0;206;0;
1142;2025.05.28 05:45;4;21.6875;-200;-200;0;206;0;
1143;2025.05.28 06:00;4;21.625;-200;-200;0;206;0;
1144;2025.05.28 06:15;4;21.625;-200;-200;0;206;0;
1145;2025.05.28 06:30;4;21.625;-200;-200;0;206;0;
1146;2025.05.28 06:45;4;21.625;-200;-200;0;206;0;
1147;2025.05.28 07:00;4;21.625;-200;-200;0;206;0;
1148;2025.05.28 07:15;4;21.625;-200;-200;0;206;0;
1149;2025.05.28 07:30;4;21.625;-200;-200;0;206;0;
1150;2025.05.28 07:45;4;21.625;-200;-200;0;206;0;
1151;2025.05.28 08:00;4;21.625;-200;-200;0;206;0;
1152;2025.05.28 08:15;4;21.625;-200;-200;0;206;0;
1153;2025.05.28 08:30;4;21.625;-200;-200;0;206;0;
1154;2025.05.28 08:45;4;21.625;-200;-200;0;206;0;
1155;2025.05.28 09:00;4;21.625;-200;-200;0;206;0;
1156;2025.05.28 09:15;4;21.625;-200;-200;0;206;0;
1157;2025.05.28 09:30;4;21.625;-200;-200;0;206;0;
1158;2025.05.28 09:45;4;21.625;-200;-200;0;206;0;
1159;2025.05.28 10:00;4;21.625;-200;-200;0;206;0;
1160;2025.05.28 10:15;4;21.625;-200;-200;0;206;0;
1161;2025.05.28 10:30;4;21.625;-200;-200;0;206;0;
1162;2025.05.28 10:45;4;21.625;-200;-200;0;206;0;
1163;2025.05.28 11:00;4;21.625;-200;-200;0;206;0;
1164;2025.05.28 11:15;4;21.625;-200;-200;0;206;0;
1165;2025.05.28 11:30;4;21.625;-200;-200;0;206;0;
1166;2025.05.28 11:45;4;21.625;-200;-200;0;206;0;
1167;2025.05.28 12:00;4;21.625;-200;-200;0;206;0;
1168;2025.05.28 12:15;4;21.625;-200;-200;0;206;0;
1169;2025.05.28 12:30;4;21.625;-200;-200;0;206;0;
1170;2025.05.28 12:45;4;21.625;-200;-200;0;206;0;
1171;2025.05.28 13:00;4;21.625;-200;-200;0;206;0;
1172;2025.05.28 13:15;4;21.625;-200;-200;0;206;0;
1173;2025.05.28 13:30;4;21.625;-200;-200;0;206;0;
1174;2025.05.28 13:45;4;21.625;-200;-200;0;206;0;
1175;2025.05.28 14:00;4;21.625;-200;-200;0;206;0;
1176;2025.05.28 14:15;4;21.6875;-200;-200;0;206;0;
1177;2025.05.28 14:30;4;21.6875;-200;-200;0;206;0;
1178;2025.05.28 14:45;4;21.75;-200;-200;0;206;0;
1179;2025.05.28 15:00;4;21.75;-200;-200;0;206;0;
1180;2025.05.28 15:15;4;21.75;-200;-200;0;206;0;
1181;2025.05.28 15:30;4;21.75;-200;-200;0;206;0;
1182;2025.05.28 15:45;4;21.75;-200;-200;0;206;0;
1183;2025.05.28 16:00;4;21.875;-200;-200;0;206;0;
1184;2025.05.28 16:15;4;21.875;-200;-200;0;206;0;
1185;2025.05.28 16:30;4;21.875;-200;-200;0;206;0;
1186;2025.05.28 16:45;4;21.875;-200;-200;0;206;0;
1187;2025.05.28 17:00;4;21.9375;-200;-200;0;206;0;
1188;2025.05.28 17:15;4;22;-200;-200;0;206;0;
1189;2025.05.28 17:30;4;22;-200;-200;0;206;0;
1190;2025.05.28 17:45;4;22;-200;-200;0;206;0;
1191;2025.05.28 18:00;4;22;-200;-200;0;206;0;
1192;2025.05.28 18:15;4;22;-200;-200;0;206;0;
1193;2025.05.28 18:30;4;22;-200;-200;0;206;0;
1194;2025.05.28 18:45;4;22.0625;-200;-200;0;206;0;
1195;2025.05.28 19:00;4;22.125;-200;-200;0;206;0;
1196;2025.05.28 19:15;4;22.125;-200;-200;0;206;0;
1197;2025.05.28 19:30;4;22.125;-200;-200;0;206;0;
1198;2025.05.28 19:45;4;22.125;-200;-200;0;206;0;
1199;2025.05.28 20:00;4;22.125;-200;-200;0;206;0;
1200;2025.05.28 20:15;4;22.125;-200;-200;0;206;0;
1201;2025.05.28 20:30;4;22.125;-200;-200;0;206;0;
1202;2025.05.28 20:45;4;22.125;-200;-200;0;206;0;
1203;2025.05.28 21:00;4;22.1875;-200;-200;0;206;0;
1204;2025.05.28 21:15;4;22.125;-200;-200;0;206;0;
1205;2025.05.28 21:30;4;22.125;-200;-200;0;206;0;
1206;2025.05.28 21:45;4;22.125;-200;-200;0;206;0;
1207;2025.05.28 22:00;4;22.1875;-200;-200;0;206;0;
1208;2025.05.28 22:15;4;22.125;-200;-200;0;206;0;
1209;2025.05.28 22:30;4;22.1875;-200;-200;0;206;0;
1210;2025.05.28 22:45;4;22.125;-200;-200;0;206;0;
1211;2025.05.28 23:00;4;22.1875;-200;-200;0;206;0;
1212;2025.05.28 23:15;4;22.1875;-200;-200;0;206;0;
1213;2025.05.28 23:30;4;22.1875;-200;-200;0;206;0;
1214;2025.05.28 23:45;4;22.1875;-200;-200;0;206;0;
1215;2025.05.29 00:00;4;22.125;-200;-200;0;206;0;
1216;2025.05.29 00:15;4;22.125;-200;-200;0;206;0;
1217;2025.05.29 00:30;4;22.125;-200;-200;0;206;0;
1218;2025.05.29 00:45;4;22.125;-200;-200;0;206;0;
1219;2025.05.29 01:00;4;22.125;-200;-200;0;206;0;
1220;2025.05.29 01:15;4;22.125;-200;-200;0;206;0;
1221;2025.05.29 01:30;4;22.125;-200;-200;0;206;0;
1222;2025.05.29 01:45;4;22.0625;-200;-200;0;206;0;
1223;2025.05.29 02:00;4;22;-200;-200;0;206;0;
1224;2025.05.29 02:15;4;22;-200;-200;0;206;0;
1225;2025.05.29 02:30;4;22;-200;-200;0;206;0;
1226;2025.05.29 02:45;4;22;-200;-200;0;206;0;
1227;2025.05.29 03:00;4;22;-200;-200;0;206;0;
1228;2025.05.29 03:15;4;21.9375;-200;-200;0;206;0;
1229;2025.05.29 03:30;4;21.9375;-200;-200;0;206;0;
1230;2025.05.29 03:45;4;21.875;-200;-200;0;206;0;
1231;2025.05.29 04:00;4;21.875;-200;-200;0;206;0;
1232;2025.05.29 04:15;4;21.875;-200;-200;0;206;0;
1233;2025.05.29 04:30;4;21.875;-200;-200;0;206;0;
1234;2025.05.29 04:45;4;21.875;-200;-200;0;206;0;
1235;2025.05.29 05:00;4;21.875;-200;-200;0;206;0;
1236;2025.05.29 05:15;4;21.875;-200;-200;0;206;0;
1237;2025.05.29 05:30;4;21.8125;-200;-200;0;206;0;
1238;2025.05.29 05:45;4;21.75;-200;-200;0;206;0;
1239;2025.05.29 06:00;4;21.75;-200;-200;0;206;0;
1240;2025.05.29 06:15;4;21.75;-200;-200;0;206;0;
1241;2025.05.29 06:30;4;21.75;-200;-200;0;206;0;
1242;2025.05.29 06:45;4;21.75;-200;-200;0;206;0;
1243;2025.05.29 07:00;4;21.75;-200;-200;0;206;0;
1244;2025.05.29 07:15;4;21.75;-200;-200;0;206;0;
1245;2025.05.29 07:30;4;21.75;-200;-200;0;206;0;
1246;2025.05.29 07:45;4;21.75;-200;-200;0;206;0;
1247;2025.05.29 08:00;4;21.75;-200;-200;0;206;0;
1248;2025.05.29 08:15;4;21.75;-200;-200;0;206;0;
1249;2025.05.29 08:30;4;21.6875;-200;-200;0;206;0;
1250;2025.05.29 08:45;4;21.6875;-200;-200;0;206;0;
1251;2025.05.29 09:00;4;21.6875;-200;-200;0;206;0;
1252;2025.05.29 09:15;4;21.6875;-200;-200;0;206;0;
1253;2025.05.29 09:30;4;21.6875;-200;-200;0;206;0;
1254;2025.05.29 09:45;4;21.625;-200;-200;0;206;0;
1255;2025.05.29 10:00;4;21.625;-200;-200;0;206;0;
1256;2025.05.29 10:15;4;21.625;-200;-200;0;206;0;
1257;2025.05.29 10:30;4;21.625;-200;-200;0;206;0;
1258;2025.05.29 10:45;4;21.625;-200;-200;0;206;0;
1259;2025.05.29 11:00;4;21.625;-200;-200;0;206;0;
1260;2025.05.29 11:15;4;21.625;-200;-200;0;206;0;
1261;2025.05.29 11:30;4;21.625;-200;-200;0;206;0;
1262;2025.05.29 11:45;4;21.625;-200;-200;0;206;0;
1263;2025.05.29 12:00;4;21.625;-200;-200;0;206;0;
1264;2025.05.29 12:15;4;21.625;-200;-200;0;206;0;
1265;2025.05.29 12:30;4;21.625;-200;-200;0;206;0;
1266;2025.05.29 12:45;4;21.625;-200;-200;0;206;0;
1267;2025.05.29 13:00;4;21.625;-200;-200;0;206;0;
1268;2025.05.29 13:15;4;21.625;-200;-200;0;206;0;
1269;2025.05.29 13:30;4;21.625;-200;-200;0;206;0;
1270;2025.05.29 13:45;4;21.625;-200;-200;0;206;0;
1271;2025.05.29 14:00;4;21.6875;-200;-200;0;206;0;
1272;2025.05.29 14:15;4;21.6875;-200;-200;0;206;0;
1273;2025.05.29 14:30;4;21.75;-200;-200;0;206;0;
1274;2025.05.29 14:45;4;21.75;-200;-200;0;206;0;
1275;2025.05.29 15:00;4;21.75;-200;-200;0;206;0;
1276;2025.05.29 15:15;4;21.75;-200;-200;0;206;0;
1277;2025.05.29 15:30;4;21.75;-200;-200;0;206;0;
1278;2025.05.29 15:45;4;21.8125;-200;-200;0;206;0;
1279;2025.05.29 16:00;4;21.8125;-200;-200;0;206;0;
1280;2025.05.29 16:15;4;21.875;-200;-200;0;206;0;
1281;2025.05.29 16:30;4;21.875;-200;-200;0;206;0;
1282;2025.05.29 16:45;4;21.875;-200;-200;0;206;0;
1283;2025.05.29 17:00;4;21.875;-200;-200;0;206;0;
1284;2025.05.29 17:15;4;21.875;-200;-200;0;206;0;
1285;2025.05.29 17:30;4;21.875;-200;-200;0;206;0;
1286;2025.05.29 17:45;4;21.9375;-200;-200;0;206;0;
1287;2025.05.29 18:00;4;21.9375;-200;-200;0;206;0;
1288;2025.05.29 18:15;4;21.9375;-200;-200;0;206;0;
1289;2025.05.29 18:30;4;22;-200;-200;0;206;0;
1290;2025.05.29 18:45;4;22;-200;-200;0;206;0;
1291;2025.05.29 19:00;4;22;-200;-200;0;206;0;
1292;2025.05.29 19:15;4;22;-200;-200;0;206;0;
1293;2025.05.29 19:30;4;22;-200;-200;0;206;0;
1294;2025.05.29 19:45;4;22;-200;-200;0;206;0;
1295;2025.05.29 20:00;4;22;-200;-200;0;206;0;
1296;2025.05.29 20:15;4;22;-200;-200;0;206;0;
1297;2025.05.29 20:30;4;22;-200;-200;0;206;0;
1298;2025.05.29 20:45;4;22;-200;-200;0;206;0;
1299;2025.05.29 21:00;4;22;-200;-200;0;206;0;
1300;2025.05.29 21:15;4;22;-200;-200;0;206;0;
1301;2025.05.29 21:30;4;22;-200;-200;0;206;0;
1302;2025.05.29 21:45;4;22.0625;-200;-200;0;206;0;
1303;2025.05.29 22:00;4;22.0625;-200;-200;0;206;0;
1304;2025.05.29 22:15;4;22;-200;-200;0;206;0;
1305;2025.05.29 22:30;4;22.0625;-200;-200;0;206;0;
1306;2025.05.29 22:45;4;22.0625;-200;-200;0;206;0;
1307;2025.05.29 23:00;4;22.0625;-200;-200;0;206;0;
1308;2025.05.29 23:15;4;22.0625;-200;-200;0;206;0;
1309;2025.05.29 23:30;4;22.0625;-200;-200;0;206;0;
1310;2025.05.29 23:45;4;22.0625;-200;-200;0;206;0;
1311;2025.05.30 00:00;4;22.0625;-200;-200;0;206;0;
1312;2025.05.30 00:15;4;22.0625;-200;-200;0;206;0;
1313;2025.05.30 00:30;4;22.0625;-200;-200;0;206;0;
1314;2025.05.30 00:45;4;22.0625;-200;-200;0;206;0;
1315;2025.05.30 01:00;4;22;-200;-200;0;206;0;
1316;2025.05.30 01:15;4;22;-200;-200;0;206;0;
1317;2025.05.30 01:30;4;22;-200;-200;0;206;0;
1318;2025.05.30 01:45;4;22;-200;-200;0;206;0;
1319;2025.05.30 02:00;4;22;-200;-200;0;206;0;
1320;2025.05.30 02:15;4;22;-200;-200;0;206;0;
1321;2025.05.30 02:30;4;22;-200;-200;0;206;0;
1322;2025.05.30 02:45;4;21.9375;-200;-200;0;206;0;
1323;2025.05.30 03:00;4;21.9375;-200;-200;0;206;0;
1324;2025.05.30 03:15;4;21.875;-200;-200;0;206;0;
1325;2025.05.30 03:30;4;21.875;-200;-200;0;206;0;
1326;2025.05.30 03:45;4;21.875;-200;-200;0;206;0;
1327;2025.05.30 04:00;4;21.875;-200;-200;0;206;0;
1328;2025.05.30 04:15;4;21.875;-200;-200;0;206;0;
1329;2025.05.30 04:30;4;21.875;-200;-200;0;206;0;
1330;2025.05.30 04:45;4;21.8125;-200;-200;0;206;0;
1331;2025.05.30 05:00;4;21.8125;-200;-200;0;206;0;
1332;2025.05.30 05:15;4;21.75;-200;-200;0;206;0;
1333;2025.05.30 05:30;4;21.75;-200;-200;0;206;0;
1334;2025.05.30 05:45;4;21.75;-200;-200;0;206;0;
1335;2025.05.30 06:00;4;21.75;-200;-200;0;206;0;
1336;2025.05.30 06:15;4;21.75;-200;-200;0;206;0;
1337;2025.05.30 06:30;4;21.75;-200;-200;0;206;0;
1338;2025.05.30 06:45;4;21.75;-200;-200;0;206;0;
1339;2025.05.30 07:00;4;21.75;-200;-200;0;206;0;
1340;2025.05.30 07:15;4;21.6875;-200;-200;0;206;0;
1341;2025.05.30 07:30;4;21.6875;-200;-200;0;206;0;
1342;2025.05.30 07:45;4;21.6875;-200;-200;0;206;0;
1343;2025.05.30 08:00;4;21.6875;-200;-200;0;206;0;
1344;2025.05.30 08:15;4;21.6875;-200;-200;0;206;0;
1345;2025.05.30 08:30;4;21.6875;-200;-200;0;206;0;
1346;2025.05.30 08:45;4;21.625;-200;-200;0;206;0;
1347;2025.05.30 09:00;4;21.625;-200;-200;0;206;0;
1348;2025.05.30 09:15;4;21.625;-200;-200;0;206;0;
1349;2025.05.30 09:30;4;21.625;-200;-200;0;206;0;
1350;2025.05.30 09:45;4;21.625;-200;-200;0;206;0;
1351;2025.05.30 10:00;4;21.625;-200;-200;0;206;0;
1352;2025.05.30 10:15;4;21.625;-200;-200;0;206;0;
1353;2025.05.30 10:30;4;21.625;-200;-200;0;206;0;
1354;2025.05.30 10:45;4;21.625;-200;-200;0;206;0;
1355;2025.05.30 11:00;4;21.625;-200;-200;0;206;0;
1356;2025.05.30 11:15;4;21.625;-200;-200;0;206;0;
1357;2025.05.30 11:30;4;21.625;-200;-200;0;206;0;
1358;2025.05.30 11:45;4;21.625;-200;-200;0;206;0;
1359;2025.05.30 12:00;4;21.625;-200;-200;0;206;0;
1360;2025.05.30 12:15;4;21.625;-200;-200;0;206;0;
1361;2025.05.30 12:30;4;21.625;-200;-200;0;206;0;
1362;2025.05.30 12:45;4;21.625;-200;-200;0;206;0;
1363;2025.05.30 13:00;4;21.625;-200;-200;0;206;0;
1364;2025.05.30 13:15;4;21.625;-200;-200;0;206;0;
1365;2025.05.30 13:30;4;21.625;-200;-200;0;206;0;
1366;2025.05.30 13:45;4;21.625;-200;-200;0;206;0;
1367;2025.05.30 14:00;4;21.625;-200;-200;0;206;0;
1368;2025.05.30 14:15;4;21.6875;-200;-200;0;206;0;
1369;2025.05.30 14:30;4;21.6875;-200;-200;0;206;0;
1370;2025.05.30 14:45;4;21.75;-200;-200;0;206;0;
1371;2025.05.30 15:00;4;21.75;-200;-200;0;206;0;
1372;2025.05.30 15:15;4;21.75;-200;-200;0;206;0;
1373;2025.05.30 15:30;4;21.8125;-200;-200;0;206;0;
1374;2025.05.30 15:45;4;21.875;-200;-200;0;206;0;
1375;2025.05.30 16:00;4;21.875;-200;-200;0;206;0;
1376;2025.05.30 16:15;4;21.9375;-200;-200;0;206;0;
1377;2025.05.30 16:30;4;22;-200;-200;0;206;0;
1378;2025.05.30 16:45;4;22;-200;-200;0;206;0;
1379;2025.05.30 17:00;4;22;-200;-200;0;206;0;
1380;2025.05.30 17:15;4;22.0625;-200;-200;0;206;0;
1381;2025.05.30 17:30;4;22.0625;-200;-200;0;206;0;
1382;2025.05.30 17:45;4;22.125;-200;-200;0;206;0;
1383;2025.05.30 18:00;4;22.125;-200;-200;0;206;0;
1384;2025.05.30 18:15;4;22.125;-200;-200;0;206;0;
1385;2025.05.30 18:30;4;22.125;-200;-200;0;206;0;
1386;2025.05.30 18:45;4;22.125;-200;-200;0;206;0;
1387;2025.05.30 19:00;4;22.125;-200;-200;0;206;0;
1388;2025.05.30 19:15;4;22.125;-200;-200;0;206;0;
1389;2025.05.30 19:30;4;22.125;-200;-200;0;206;0;
1390;2025.05.30 19:45;4;22.125;-200;-200;0;206;0;
1391;2025.05.30 20:00;4;22.125;-200;-200;0;206;0;
1392;2025.05.30 20:15;4;22.125;-200;-200;0;206;0;
1393;2025.05.30 20:30;4;22.125;-200;-200;0;206;0;
1394;2025.05.30 20:45;4;22.125;-200;-200;0;206;0;
1395;2025.05.30 21:00;4;22.125;-200;-200;0;206;0;
1396;2025.05.30 21:15;4;22.125;-200;-200;0;206;0;
1397;2025.05.30 21:30;4;22.125;-200;-200;0;206;0;
1398;2025.05.30 21:45;4;22.125;-200;-200;0;206;0;
1399;2025.05.30 22:00;4;22.125;-200;-200;0;206;0;
1400;2025.05.30 22:15;4;22.125;-200;-200;0;206;0;
1401;2025.05.30 22:30;4;22.125;-200;-200;0;206;0;
1402;2025.05.30 22:45;4;22.125;-200;-200;0;206;0;
1403;2025.05.30 23:00;4;22.125;-200;-200;0;206;0;
1404;2025.05.30 23:15;4;22.125;-200;-200;0;206;0;
1405;2025.05.30 23:30;4;22.125;-200;-200;0;206;0;
1406;2025.05.30 23:45;4;22.125;-200;-200;0;206;0;
1407;2025.05.31 00:00;4;22.125;-200;-200;0;206;0;
1408;2025.05.31 00:15;4;22.125;-200;-200;0;206;0;
1409;2025.05.31 00:30;4;22.125;-200;-200;0;206;0;
1410;2025.05.31 00:45;4;22.0625;-200;-200;0;206;0;
1411;2025.05.31 01:00;4;22.0625;-200;-200;0;206;0;
1412;2025.05.31 01:15;4;22;-200;-200;0;206;0;
1413;2025.05.31 01:30;4;22;-200;-200;0;206;0;
1414;2025.05.31 01:45;4;22;-200;-200;0;206;0;
1415;2025.05.31 02:00;4;22;-200;-200;0;206;0;
1416;2025.05.31 02:15;4;22;-200;-200;0;206;0;
1417;2025.05.31 02:30;4;21.9375;-200;-200;0;206;0;
1418;2025.05.31 02:45;4;21.9375;-200;-200;0;206;0;
1419;2025.05.31 03:00;4;21.875;-200;-200;0;206;0;
1420;2025.05.31 03:15;4;21.875;-200;-200;0;206;0;
1421;2025.05.31 03:30;4;21.875;-200;-200;0;206;0;
1422;2025.05.31 03:45;4;21.875;-200;-200;0;206;0;
1423;2025.05.31 04:00;4;21.875;-200;-200;0;206;0;
1424;2025.05.31 04:15;4;21.875;-200;-200;0;206;0;
1425;2025.05.31 04:30;4;21.875;-200;-200;0;206;0;
1426;2025.05.31 04:45;4;21.8125;-200;-200;0;206;0;
1427;2025.05.31 05:00;4;21.8125;-200;-200;0;206;0;
1428;2025.05.31 05:15;4;21.75;-200;-200;0;206;0;
1429;2025.05.31 05:30;4;21.75;-200;-200;0;206;0;
1430;2025.05.31 05:45;4;21.75;-200;-200;0;206;0;
1431;2025.05.31 06:00;4;21.75;-200;-200;0;206;0;
1432;2025.05.31 06:15;4;21.75;-200;-200;0;206;0;
1433;2025.05.31 06:30;4;21.75;-200;-200;0;206;0;
1434;2025.05.31 06:45;4;21.75;-200;-200;0;206;0;
1435;2025.05.31 07:00;4;21.75;-200;-200;0;206;0;
1436;2025.05.31 07:15;4;21.75;-200;-200;0;206;0;
1437;2025.05.31 07:30;4;21.75;-200;-200;0;206;0;
1438;2025.05.31 07:45;4;21.75;-200;-200;0;206;0;
1439;2025.05.31 08:00;4;21.75;-200;-200;0;206;0;
1440;2025.05.31 08:15;4;21.75;-200;-200;0;206;0;
1441;2025.05.31 08:30;4;21.75;-200;-200;0;206;0;
1442;2025.05.31 08:45;4;21.75;-200;-200;0;206;0;
1443;2025.05.31 09:00;4;21.75;-200;-200;0;206;0;
1444;2025.05.31 09:15;4;21.75;-200;-200;0;206;0;
1445;2025.05.31 09:30;4;21.75;-200;-200;0;206;0;
1446;2025.05.31 09:45;4;21.75;-200;-200;0;206;0;
1447;2025.05.31 10:00;4;21.75;-200;-200;0;206;0;
1448;2025.05.31 10:15;4;21.75;-200;-200;0;206;0;
1449;2025.05.31 10:30;4;21.75;-200;-200;0;206;0;
1450;2025.05.31 10:45;4;21.75;-200;-200;0;206;0;
1451;2025.05.31 11:00;4;21.6875;-200;-200;0;206;0;
1452;2025.05.31 11:15;4;21.75;-200;-200;0;206;0;
1453;2025.05.31 11:30;4;21.75;-200;-200;0;206;0;
1454;2025.05.31 11:45;4;21.75;-200;-200;0;206;0;
1455;2025.05.31 12:00;4;21.75;-200;-200;0;206;0;
1456;2025.05.31 12:15;4;21.75;-200;-200;0;206;0;
1457;2025.05.31 12:30;4;21.75;-200;-200;0;206;0;
1458;2025.05.31 12:45;4;21.75;-200;-200;0;206;0;
1459;2025.05.31 13:00;4;21.75;-200;-200;0;206;0;
1460;2025.05.31 13:15;4;21.75;-200;-200;0;206;0;
1461;2025.05.31 13:30;4;21.75;-200;-200;0;206;0;
1462;2025.05.31 13:45;4;21.75;-200;-200;0;206;0;
1463;2025.05.31 14:00;4;21.75;-200;-200;0;206;0;
1464;2025.05.31 14:15;4;21.8125;-200;-200;0;206;0;
1465;2025.05.31 14:30;4;21.8125;-200;-200;0;206;0;
1466;2025.05.31 14:45;4;21.875;-200;-200;0;206;0;
1467;2025.05.31 15:00;4;21.875;-200;-200;0;206;0;
1468;2025.05.31 15:15;4;21.875;-200;-200;0;206;0;
1469;2025.05.31 15:30;4;21.875;-200;-200;0;206;0;
1470;2025.05.31 15:45;4;21.875;-200;-200;0;206;0;
1471;2025.05.31 16:00;4;21.875;-200;-200;0;206;0;
1472;2025.05.31 16:15;4;21.875;-200;-200;0;206;0;
1473;2025.05.31 16:30;4;21.875;-200;-200;0;206;0;
1474;2025.05.31 16:45;4;21.875;-200;-200;0;206;0;
1475;2025.05.31 17:00;4;21.9375;-200;-200;0;206;0;
1476;2025.05.31 17:15;4;21.9375;-200;-200;0;206;0;
1477;2025.05.31 17:30;4;21.9375;-200;-200;0;206;0;
1478;2025.05.31 17:45;4;21.9375;-200;-200;0;206;0;
1479;2025.05.31 18:00;4;22;-200;-200;0;206;0;
1480;2025.05.31 18:15;4;22;-200;-200;0;206;0;
1481;2025.05.31 18:30;4;22;-200;-200;0;206;0;
1482;2025.05.31 18:45;4;22;-200;-200;0;206;0;
1483;2025.05.31 19:00;4;22;-200;-200;0;206;0;
1484;2025.05.31 19:15;4;22;-200;-200;0;206;0;
1485;2025.05.31 19:30;4;22;-200;-200;0;206;0;
1486;2025.05.31 19:45;4;22;-200;-200;0;206;0;
1487;2025.05.31 20:00;4;22;-200;-200;0;206;0;
1488;2025.05.31 20:15;4;22;-200;-200;0;206;0;
1489;2025.05.31 20:30;4;22;-200;-200;0;206;0;
1490;2025.05.31 20:45;4;22.0625;-200;-200;0;206;0;
1491;2025.05.31 21:00;4;22.0625;-200;-200;0;206;0;
1492;2025.05.31 21:15;4;22.0625;-200;-200;0;206;0;
1493;2025.05.31 21:30;4;22.0625;-200;-200;0;206;0;
1494;2025.05.31 21:45;4;22.125;-200;-200;0;206;0;
1495;2025.05.31 22:00;4;22.125;-200;-200;0;206;0;
1496;2025.05.31 22:15;4;22.125;-200;-200;0;206;0;
1497;2025.05.31 22:30;4;22.125;-200;-200;0;206;0;
1498;2025.05.31 22:45;4;22.125;-200;-200;0;206;0;
1499;2025.05.31 23:00;4;22.125;-200;-200;0;206;0;
1500;2025.05.31 23:15;4;22.125;-200;-200;0;206;0;
1501;2025.05.31 23:30;4;22.125;-200;-200;0;206;0;
1502;2025.05.31 23:45;4;22.125;-200;-200;0;206;0;
1503;2025.06.01 00:00;4;22.125;-200;-200;0;206;0;
1504;2025.06.01 00:15;4;22.125;-200;-200;0;206;0;
1505;2025.06.01 00:30;4;22.125;-200;-200;0;206;0;
1506;2025.06.01 00:45;4;22.125;-200;-200;0;206;0;
1507;2025.06.01 01:00;4;22.125;-200;-200;0;206;0;
1508;2025.06.01 01:15;4;22.0625;-200;-200;0;206;0;
1509;2025.06.01 01:30;4;22.0625;-200;-200;0;206;0;
1510;2025.06.01 01:45;4;22;-200;-200;0;206;0;
1511;2025.06.01 02:00;4;22;-200;-200;0;206;0;
1512;2025.06.01 02:15;4;22;-200;-200;0;206;0;
1513;2025.06.01 02:30;4;22;-200;-200;0;206;0;
1514;2025.06.01 02:45;4;21.9375;-200;-200;0;206;0;
1515;2025.06.01 03:00;4;21.875;-200;-200;0;206;0;
1516;2025.06.01 03:15;4;21.875;-200;-200;0;206;0;
1517;2025.06.01 03:30;4;21.875;-200;-200;0;206;0;
1518;2025.06.01 03:45;4;21.875;-200;-200;0;206;0;
1519;2025.06.01 04:00;4;21.875;-200;-200;0;206;0;
1520;2025.06.01 04:15;4;21.8125;-200;-200;0;206;0;
1521;2025.06.01 04:30;4;21.8125;-200;-200;0;206;0;
1522;2025.06.01 04:45;4;21.75;-200;-200;0;206;0;
1523;2025.06.01 05:00;4;21.75;-200;-200;0;206;0;
1524;2025.06.01 05:15;4;21.75;-200;-200;0;206;0;
1525;2025.06.01 05:30;4;21.75;-200;-200;0;206;0;
1526;2025.06.01 05:45;4;21.75;-200;-200;0;206;0;
1527;2025.06.01 06:00;4;21.75;-200;-200;0;206;0;
1528;2025.06.01 06:15;4;21.6875;-200;-200;0;206;0;
1529;2025.06.01 06:30;4;21.6875;-200;-200;0;206;0;
1530;2025.06.01 06:45;4;21.6875;-200;-200;0;206;0;
1531;2025.06.01 07:00;4;21.625;-200;-200;0;206;0;
1532;2025.06.01 07:15;4;21.625;-200;-200;0;206;0;
1533;2025.06.01 07:30;4;21.625;-200;-200;0;206;0;
1534;2025.06.01 07:45;4;21.625;-200;-200;0;206;0;
1535;2025.06.01 08:00;4;21.625;-200;-200;0;206;0;
1536;2025.06.01 08:15;4;21.625;-200;-200;0;206;0;
1537;2025.06.01 08:30;4;21.625;-200;-200;0;206;0;
1538;2025.06.01 08:45;4;21.625;-200;-200;0;206;0;
1539;2025.06.01 09:00;4;21.5625;-200;-200;0;206;0;
1540;2025.06.01 09:15;4;21.5625;-200;-200;0;206;0;
1541;2025.06.01 09:30;4;21.5;-200;-200;0;206;0;
1542;2025.06.01 09:45;4;21.5;-200;-200;0;206;0;
1543;2025.06.01 10:00;4;21.5;-200;-200;0;206;0;
1544;2025.06.01 10:15;4;21.5;-200;-200;0;206;0;
1545;2025.06.01 10:30;4;21.5;-200;-200;0;206;0;
1546;2025.06.01 10:45;4;21.5;-200;-200;0;206;0;
1547;2025.06.01 11:00;4;21.5;-200;-200;0;206;0;
1548;2025.06.01 11:15;4;21.5;-200;-200;0;206;0;
1549;2025.06.01 11:30;4;21.5;-200;-200;0;206;0;
1550;2025.06.01 11:45;4;21.5;-200;-200;0;206;0;
1551;2025.06.01 12:00;4;21.4375;-200;-200;0;206;0;
1552;2025.06.01 12:15;4;21.4375;-200;-200;0;206;0;
1553;2025.06.01 12:30;4;21.4375;-200;-200;0;206;0;
1554;2025.06.01 12:45;4;21.4375;-200;-200;0;206;0;
1555;2025.06.01 13:00;4;21.5;-200;-200;0;206;0;
1556;2025.06.01 13:15;4;21.5;-200;-200;0;206;0;
1557;2025.06.01 13:30;4;21.5;-200;-200;0;206;0;
1558;2025.06.01 13:45;4;21.5;-200;-200;0;206;0;
1559;2025.06.01 14:00;4;21.5;-200;-200;0;206;0;
1560;2025.06.01 14:15;4;21.5;-200;-200;0;206;0;
1561;2025.06.01 14:30;4;21.5;-200;-200;0;206;0;
1562;2025.06.01 14:45;4;21.5;-200;-200;0;206;0;
1563;2025.06.01 15:00;4;21.5625;-200;-200;0;206;0;
1564;2025.06.01 15:15;4;21.5625;-200;-200;0;206;0;
1565;2025.06.01 15:30;4;21.625;-200;-200;0;206;0;
1566;2025.06.01 15:45;4;21.625;-200;-200;0;206;0;
1567;2025.06.01 16:00;4;21.625;-200;-200;0;206;0;
1568;2025.06.01 16:15;4;21.625;-200;-200;0;206;0;
1569;2025.06.01 16:30;4;21.625;-200;-200;0;206;0;
1570;2025.06.01 16:45;4;21.6875;-200;-200;0;206;0;
1571;2025.06.01 17:00;4;21.6875;-200;-200;0;206;0;
1572;2025.06.01 17:15;4;21.75;-200;-200;0;206;0;
1573;2025.06.01 17:30;4;21.75;-200;-200;0;206;0;
1574;2025.06.01 17:45;4;21.75;-200;-200;0;206;0;
1575;2025.06.01 18:00;4;21.75;-200;-200;0;206;0;
1576;2025.06.01 18:15;4;21.8125;-200;-200;0;206;0;
1577;2025.06.01 18:30;4;21.8125;-200;-200;0;206;0;
1578;2025.06.01 18:45;4;21.875;-200;-200;0;206;0;
1579;2025.06.01 19:00;4;21.875;-200;-200;0;206;0;
1580;2025.06.01 19:15;4;21.875;-200;-200;0;206;0;
1581;2025.06.01 19:30;4;21.875;-200;-200;0;206;0;
1582;2025.06.01 19:45;4;21.875;-200;-200;0;206;0;
1583;2025.06.01 20:00;4;21.875;-200;-200;0;206;0;
1584;2025.06.01 20:15;4;21.875;-200;-200;0;206;0;
1585;2025.06.01 20:30;4;21.875;-200;-200;0;206;0;
1586;2025.06.01 20:45;4;21.9375;-200;-200;0;206;0;
1587;2025.06.01 21:00;4;21.9375;-200;-200;0;206;0;
1588;2025.06.01 21:15;4;21.9375;-200;-200;0;206;0;
1589;2025.06.01 21:30;4;21.9375;-200;-200;0;206;0;
1590;2025.06.01 21:45;4;21.9375;-200;-200;0;206;0;
1591;2025.06.01 22:00;4;22;-200;-200;0;206;0;
1592;2025.06.01 22:15;4;22;-200;-200;0;206;0;
1593;2025.06.01 22:30;4;22;-200;-200;0;206;0;
1594;2025.06.01 22:45;4;22;-200;-200;0;206;0;
1595;2025.06.01 23:00;4;22;-200;-200;0;206;0;
1596;2025.06.01 23:15;4;22;-200;-200;0;206;0;
1597;2025.06.01 23:30;4;22;-200;-200;0;206;0;
1598;2025.06.01 23:45;4;22;-200;-200;0;206;0;
1599;2025.06.02 00:00;4;22;-200;-200;0;206;0;
1600;2025.06.02 00:15;4;22;-200;-200;0;206;0;
1601;2025.06.02 00:30;4;22;-200;-200;0;206;0;
1602;2025.06.02 00:45;4;22;-200;-200;0;206;0;
1603;2025.06.02 01:00;4;22;-200;-200;0;206;0;
1604;2025.06.02 01:15;4;22;-200;-200;0;206;0;
1605;2025.06.02 01:30;4;21.9375;-200;-200;0;206;0;
1606;2025.06.02 01:45;4;21.9375;-200;-200;0;206;0;
1607;2025.06.02 02:00;4;21.875;-200;-200;0;206;0;
1608;2025.06.02 02:15;4;21.875;-200;-200;0;206;0;
1609;2025.06.02 02:30;4;21.875;-200;-200;0;206;0;
1610;2025.06.02 02:45;4;21.875;-200;-200;0;206;0;
1611;2025.06.02 03:00;4;21.875;-200;-200;0;206;0;
1612;2025.06.02 03:15;4;21.875;-200;-200;0;206;0;
1613;2025.06.02 03:30;4;21.875;-200;-200;0;206;0;
1614;2025.06.02 03:45;4;21.875;-200;-200;0;206;0;
1615;2025.06.02 04:00;4;21.8125;-200;-200;0;206;0;
1616;2025.06.02 04:15;4;21.75;-200;-200;0;206;0;
1617;2025.06.02 04:30;4;21.75;-200;-200;0;206;0;
1618;2025.06.02 04:45;4;21.75;-200;-200;0;206;0;
1619;2025.06.02 05:00;4;21.75;-200;-200;0;206;0;
1620;2025.06.02 05:15;4;21.75;-200;-200;0;206;0;
1621;2025.06.02 05:30;4;21.75;-200;-200;0;206;0;
1622;2025.06.02 05:45;4;21.6875;-200;-200;0;206;0;
1623;2025.06.02 06:00;4;21.6875;-200;-200;0;206;0;
1624;2025.06.02 06:15;4;21.6875;-200;-200;0;206;0;
1625;2025.06.02 06:30;4;21.625;-200;-200;0;206;0;
1626;2025.06.02 06:45;4;21.625;-200;-200;0;206;0;
1627;2025.06.02 07:00;4;21.625;-200;-200;0;206;0;
1628;2025.06.02 07:15;4;21.625;-200;-200;0;206;0;
1629;2025.06.02 07:30;4;21.625;-200;-200;0;206;0;
1630;2025.06.02 07:45;4;21.625;-200;-200;0;206;0;
1631;2025.06.02 08:00;4;21.625;-200;-200;0;206;0;
1632;2025.06.02 08:15;4;21.5625;-200;-200;0;206;0;
1633;2025.06.02 08:30;4;21.5625;-200;-200;0;206;0;
1634;2025.06.02 08:45;4;21.5625;-200;-200;0;206;0;
1635;2025.06.02 09:00;4;21.5625;-200;-200;0;206;0;
1636;2025.06.02 09:15;4;21.5;-200;-200;0;206;0;
1637;2025.06.02 09:30;4;21.5;-200;-200;0;206;0;
1638;2025.06.02 09:45;4;21.5;-200;-200;0;206;0;
1639;2025.06.02 10:00;4;21.5;-200;-200;0;206;0;
1640;2025.06.02 10:15;4;21.5;-200;-200;0;206;0;
1641;2025.06.02 10:30;4;21.5;-200;-200;0;206;0;
1642;2025.06.02 10:45;4;21.5;-200;-200;0;206;0;
1643;2025.06.02 11:00;4;21.5;-200;-200;0;206;0;
1644;2025.06.02 11:15;4;21.5;-200;-200;0;206;0;
1645;2025.06.02 11:30;4;21.5;-200;-200;0;206;0;
1646;2025.06.02 11:45;4;21.5;-200;-200;0;206;0;
1647;2025.06.02 12:00;4;21.5;-200;-200;0;206;0;
1648;2025.06.02 12:15;4;21.5;-200;-200;0;206;0;
1649;2025.06.02 12:30;4;21.5;-200;-200;0;206;0;
1650;2025.06.02 12:45;4;21.5;-200;-200;0;206;0;
1651;2025.06.02 13:00;4;21.5;-200;-200;0;206;0;
1652;2025.06.02 13:15;4;21.5;-200;-200;0;206;0;
1653;2025.06.02 13:30;4;21.5;-200;-200;0;206;0;
1654;2025.06.02 13:45;4;21.5;-200;-200;0;206;0;
1655;2025.06.02 14:00;4;21.5;-200;-200;0;206;0;
1656;2025.06.02 14:15;4;21.5625;-200;-200;0;206;0;
1657;2025.06.02 14:30;4;21.625;-200;-200;0;206;0;
1658;2025.06.02 14:45;4;21.625;-200;-200;0;206;0;
1659;2025.06.02 15:00;4;21.625;-200;-200;0;206;0;
1660;2025.06.02 15:15;4;21.625;-200;-200;0;206;0;
1661;2025.06.02 15:30;4;21.625;-200;-200;0;206;0;
1662;2025.06.02 15:45;4;21.6875;-200;-200;0;206;0;
1663;2025.06.02 16:00;4;21.6875;-200;-200;0;206;0;
1664;2025.06.02 16:15;4;21.75;-200;-200;0;206;0;
1665;2025.06.02 16:30;4;21.75;-200;-200;0;206;0;
1666;2025.06.02 16:45;4;21.75;-200;-200;0;206;0;
1667;2025.06.02 17:00;4;21.75;-200;-200;0;206;0;
1668;2025.06.02 17:15;4;21.75;-200;-200;0;206;0;
1669;2025.06.02 17:30;4;21.75;-200;-200;0;206;0;
1670;2025.06.02 17:45;4;21.8125;-200;-200;0;206;0;
1671;2025.06.02 18:00;4;21.8125;-200;-200;0;206;0;
1672;2025.06.02 18:15;4;21.875;-200;-200;0;206;0;
1673;2025.06.02 18:30;4;21.875;-200;-200;0;206;0;
1674;2025.06.02 18:45;4;21.875;-200;-200;0;206;0;
1675;2025.06.02 19:00;4;21.875;-200;-200;0;206;0;
1676;2025.06.02 19:15;4;21.875;-200;-200;0;206;0;
1677;2025.06.02 19:30;4;21.9375;-200;-200;0;206;0;
1678;2025.06.02 19:45;4;21.9375;-200;-200;0;206;0;
1679;2025.06.02 20:00;4;22;-200;-200;0;206;0;
1680;2025.06.02 20:15;4;22;-200;-200;0;206;0;
1681;2025.06.02 20:30;4;22;-200;-200;0;206;0;
1682;2025.06.02 20:45;4;22;-200;-200;0;206;0;
1683;2025.06.02 21:00;4;22;-200;-200;0;206;0;
1684;2025.06.02 21:15;4;22;-200;-200;0;206;0;
1685;2025.06.02 21:30;4;22;-200;-200;0;206;0;
1686;2025.06.02 21:45;4;22;-200;-200;0;206;0;
1687;2025.06.02 22:00;4;22;-200;-200;0;206;0;
1688;2025.06.02 22:15;4;22;-200;-200;0;206;0;
1689;2025.06.02 22:30;4;22.0625;-200;-200;0;206;0;
1690;2025.06.02 22:45;4;22.0625;-200;-200;0;206;0;
1691;2025.06.02 23:00;4;22.0625;-200;-200;0;206;0;
1692;2025.06.02 23:15;4;22.0625;-200;-200;0;206;0;
1693;2025.06.02 23:30;4;22.0625;-200;-200;0;206;0;
1694;2025.06.02 23:45;4;22.0625;-200;-200;0;206;0;
1695;2025.06.03 00:00;4;22.0625;-200;-200;0;206;0;
1696;2025.06.03 00:15;4;22.0625;-200;-200;0;206;0;
1697;2025.06.03 00:30;4;22;-200;-200;0;206;0;
1698;2025.06.03 00:45;4;22;-200;-200;0;206;0;
1699;2025.06.03 01:00;4;22;-200;-200;0;206;0;
1700;2025.06.03 01:15;4;22;-200;-200;0;206;0;
1701;2025.06.03 01:30;4;22;-200;-200;0;206;0;
1702;2025.06.03 01:45;4;21.9375;-200;-200;0;206;0;
1703;2025.06.03 02:00;4;21.9375;-200;-200;0;206;0;
1704;2025.06.03 02:15;4;21.875;-200;-200;0;206;0;
1705;2025.06.03 02:30;4;21.875;-200;-200;0;206;0;
1706;2025.06.03 02:45;4;21.875;-200;-200;0;206;0;
1707;2025.06.03 03:00;4;21.875;-200;-200;0;206;0;
1708;2025.06.03 03:15;4;21.875;-200;-200;0;206;0;
1709;2025.06.03 03:30;4;21.8125;-200;-200;0;206;0;
1710;2025.06.03 03:45;4;21.75;-200;-200;0;206;0;
1711;2025.06.03 04:00;4;21.75;-200;-200;0;206;0;
1712;2025.06.03 04:15;4;21.75;-200;-200;0;206;0;
1713;2025.06.03 04:30;4;21.75;-200;-200;0;206;0;
1714;2025.06.03 04:45;4;21.75;-200;-200;0;206;0;
1715;2025.06.03 05:00;4;21.75;-200;-200;0;206;0;
1716;2025.06.03 05:15;4;21.6875;-200;-200;0;206;0;
1717;2025.06.03 05:30;4;21.6875;-200;-200;0;206;0;
1718;2025.06.03 05:45;4;21.625;-200;-200;0;206;0;
1719;2025.06.03 06:00;4;21.625;-200;-200;0;206;0;
1720;2025.06.03 06:15;4;21.625;-200;-200;0;206;0;
1721;2025.06.03 06:30;4;21.625;-200;-200;0;206;0;
1722;2025.06.03 06:45;4;21.625;-200;-200;0;206;0;
1723;2025.06.03 07:00;4;21.625;-200;-200;0;206;0;
1724;2025.06.03 07:15;4;21.625;-200;-200;0;206;0;
1725;2025.06.03 07:30;4;21.625;-200;-200;0;206;0;
1726;2025.06.03 07:45;4;21.625;-200;-200;0;206;0;
1727;2025.06.03 08:00;4;21.625;-200;-200;0;206;0;
1728;2025.06.03 08:15;4;21.625;-200;-200;0;206;0;
1729;2025.06.03 08:30;4;21.5625;-200;-200;0;206;0;
1730;2025.06.03 08:45;4;21.5625;-200;-200;0;206;0;
1731;2025.06.03 09:00;4;21.5625;-200;-200;0;206;0;
1732;2025.06.03 09:15;4;21.5625;-200;-200;0;206;0;
1733;2025.06.03 09:30;4;21.5;-200;-200;0;206;0;
1734;2025.06.03 09:45;4;21.5;-200;-200;0;206;0;
1735;2025.06.03 10:00;4;21.5;-200;-200;0;206;0;
1736;2025.06.03 10:15;4;21.5;-200;-200;0;206;0;
1737;2025.06.03 10:30;4;21.5;-200;-200;0;206;0;
1738;2025.06.03 10:45;4;21.5;-200;-200;0;206;0;
1739;2025.06.03 11:00;4;21.5;-200;-200;0;206;0;
1740;2025.06.03 11:15;4;21.5;-200;-200;0;206;0;
1741;2025.06.03 11:30;4;21.5;-200;-200;0;206;0;
1742;2025.06.03 11:45;4;21.5;-200;-200;0;206;0;
1743;2025.06.03 12:00;4;21.5;-200;-200;0;206;0;
1744;2025.06.03 12:15;4;21.5;-200;-200;0;206;0;
1745;2025.06.03 12:30;4;21.5;-200;-200;0;206;0;
1746;2025.06.03 12:45;4;21.5;-200;-200;0;206;0;
1747;2025.06.03 13:00;4;21.5;-200;-200;0;206;0;
1748;2025.06.03 13:15;4;21.5;-200;-200;0;206;0;
1749;2025.06.03 13:30;4;21.5;-200;-200;0;206;0;
1750;2025.06.03 13:45;4;21.5;-200;-200;0;206;0;
1751;2025.06.03 14:00;4;21.5;-200;-200;0;206;0;
1752;2025.06.03 14:15;4;21.5625;-200;-200;0;206;0;
1753;2025.06.03 14:30;4;21.5625;-200;-200;0;206;0;
1754;2025.06.03 14:45;4;21.625;-200;-200;0;206;0;
1755;2025.06.03 15:00;4;21.625;-200;-200;0;206;0;
1756;2025.06.03 15:15;4;21.625;-200;-200;0;206;0;
1757;2025.06.03 15:30;4;21.625;-200;-200;0;206;0;
1758;2025.06.03 15:45;4;21.625;-200;-200;0;206;0;
1759;2025.06.03 16:00;4;21.625;-200;-200;0;206;0;
1760;2025.06.03 16:15;4;21.6875;-200;-200;0;206;0;
1761;2025.06.03 16:30;4;21.6875;-200;-200;0;206;0;
1762;2025.06.03 16:45;4;21.75;-200;-200;0;206;0;
1763;2025.06.03 17:00;4;21.75;-200;-200;0;206;0;
1764;2025.06.03 17:15;4;21.75;-200;-200;0;206;0;
1765;2025.06.03 17:30;4;21.75;-200;-200;0;206;0;
1766;2025.06.03 17:45;4;21.75;-200;-200;0;206;0;
1767;2025.06.03 18:00;4;21.75;-200;-200;0;206;0;
1768;2025.06.03 18:15;4;21.75;-200;-200;0;206;0;
1769;2025.06.03 18:30;4;21.8125;-200;-200;0;206;0;
1770;2025.06.03 18:45;4;21.8125;-200;-200;0;206;0;
1771;2025.06.03 19:00;4;21.8125;-200;-200;0;206;0;
1772;2025.06.03 19:15;4;21.875;-200;-200;0;206;0;
1773;2025.06.03 19:30;4;21.875;-200;-200;0;206;0;
1774;2025.06.03 19:45;4;21.875;-200;-200;0;206;0;
1775;2025.06.03 20:00;4;21.875;-200;-200;0;206;0;
1776;2025.06.03 20:15;4;21.875;-200;-200;0;206;0;
1777;2025.06.03 20:30;4;21.875;-200;-200;0;206;0;
1778;2025.06.03 20:45;4;21.875;-200;-200;0;206;0;
1779;2025.06.03 21:00;4;21.9375;-200;-200;0;206;0;
1780;2025.06.03 21:15;4;21.9375;-200;-200;0;206;0;
1781;2025.06.03 21:30;4;21.9375;-200;-200;0;206;0;
1782;2025.06.03 21:45;4;21.9375;-200;-200;0;206;0;
1783;2025.06.03 22:00;4;21.9375;-200;-200;0;206;0;
1784;2025.06.03 22:15;4;21.9375;-200;-200;0;206;0;
1785;2025.06.03 22:30;4;21.9375;-200;-200;0;206;0;
1786;2025.06.03 22:45;4;21.9375;-200;-200;0;206;0;
1787;2025.06.03 23:00;4;21.9375;-200;-200;0;206;0;
1788;2025.06.03 23:15;4;22;-200;-200;0;206;0;
1789;2025.06.03 23:30;4;22;-200;-200;0;206;0;
1790;2025.06.03 23:45;4;22;-200;-200;0;206;0;
1791;2025.06.04 00:00;4;22;-200;-200;0;206;0;
1792;2025.06.04 00:15;4;22;-200;-200;0;206;0;
1793;2025.06.04 00:30;4;21.9375;-200;-200;0;206;0;
1794;2025.06.04 00:45;4;21.9375;-200;-200;0;206;0;
1795;2025.06.04 01:00;4;21.875;-200;-200;0;206;0;
1796;2025.06.04 01:15;4;21.875;-200;-200;0;206;0;
1797;2025.06.04 01:30;4;21.875;-200;-200;0;206;0;
1798;2025.06.04 01:45;4;21.875;-200;-200;0;206;0;
1799;2025.06.04 02:00;4;21.875;-200;-200;0;206;0;
1800;2025.06.04 02:15;4;21.8125;-200;-200;0;206;0;
1801;2025.06.04 02:30;4;21.75;-200;-200;0;206;0;
1802;2025.06.04 02:45;4;21.75;-200;-200;0;206;0;
1803;2025.06.04 03:00;4;21.75;-200;-200;0;206;0;
1804;2025.06.04 03:15;4;21.75;-200;-200;0;206;0;
1805;2025.06.04 03:30;4;21.75;-200;-200;0;206;0;
1806;2025.06.04 03:45;4;21.6875;-200;-200;0;206;0;
1807;2025.06.04 04:00;4;21.6875;-200;-200;0;206;0;
1808;2025.06.04 04:15;4;21.625;-200;-200;0;206;0;
1809;2025.06.04 04:30;4;21.625;-200;-200;0;206;0;
1810;2025.06.04 04:45;4;21.625;-200;-200;0;206;0;
1811;2025.06.04 05:00;4;21.625;-200;-200;0;206;0;
1812;2025.06.04 05:15;4;21.625;-200;-200;0;206;0;
1813;2025.06.04 05:30;4;21.625;-200;-200;0;206;0;
1814;2025.06.04 05:45;4;21.625;-200;-200;0;206;0;
1815;2025.06.04 06:00;4;21.5625;-200;-200;0;206;0;
1816;2025.06.04 06:15;4;21.5625;-200;-200;0;206;0;
1817;2025.06.04 06:30;4;21.5625;-200;-200;0;206;0;
1818;2025.06.04 06:45;4;21.5;-200;-200;0;206;0;
1819;2025.06.04 07:00;4;21.5;-200;-200;0;206;0;
1820;2025.06.04 07:15;4;21.5;-200;-200;0;206;0;
1821;2025.06.04 07:30;4;21.5;-200;-200;0;206;0;
1822;2025.06.04 07:45;4;21.5;-200;-200;0;206;0;
1823;2025.06.04 08:00;4;21.5;-200;-200;0;206;0;
1824;2025.06.04 08:15;4;21.5;-200;-200;0;206;0;
1825;2025.06.04 08:30;4;21.5;-200;-200;0;206;0;
1826;2025.06.04 08:45;4;21.5;-200;-200;0;206;0;
1827;2025.06.04 09:00;4;21.5;-200;-200;0;206;0;
1828;2025.06.04 09:15;4;21.5;-200;-200;0;206;0;
1829;2025.06.04 09:30;4;21.5;-200;-200;0;206;0;
1830;2025.06.04 09:45;4;21.4375;-200;-200;0;206;0;
1831;2025.06.04 10:00;4;21.4375;-200;-200;0;206;0;
1832;2025.06.04 10:15;4;21.4375;-200;-200;0;206;0;
1833;2025.06.04 10:30;4;21.4375;-200;-200;0;206;0;
1834;2025.06.04 10:45;4;21.4375;-200;-200;0;206;0;
1835;2025.06.04 11:00;4;21.4375;-200;-200;0;206;0;
1836;2025.06.04 11:15;4;21.375;-200;-200;0;206;0;
1837;2025.06.04 11:30;4;21.375;-200;-200;0;206;0;
1838;2025.06.04 11:45;4;21.375;-200;-200;0;206;0;
1839;2025.06.04 12:00;4;21.375;-200;-200;0;206;0;
1840;2025.06.04 12:15;4;21.375;-200;-200;0;206;0;
1841;2025.06.04 12:30;4;21.375;-200;-200;0;206;0;
1842;2025.06.04 12:45;4;21.375;-200;-200;0;206;0;
1843;2025.06.04 13:00;4;21.375;-200;-200;0;206;0;
1844;2025.06.04 13:15;4;21.375;-200;-200;0;206;0;
1845;2025.06.04 13:30;4;21.4375;-200;-200;0;206;0;
1846;2025.06.04 13:45;4;21.4375;-200;-200;0;206;0;
1847;2025.06.04 14:00;4;21.4375;-200;-200;0;206;0;
1848;2025.06.04 14:15;4;21.5;-200;-200;0;206;0;
1849;2025.06.04 14:30;4;21.5;-200;-200;0;206;0;
1850;2025.06.04 14:45;4;21.5;-200;-200;0;206;0;
1851;2025.06.04 15:00;4;21.5;-200;-200;0;206;0;
1852;2025.06.04 15:15;4;21.5;-200;-200;0;206;0;
1853;2025.06.04 15:30;4;21.5625;-200;-200;0;206;0;
1854;2025.06.04 15:45;4;21.5625;-200;-200;0;206;0;
1855;2025.06.04 16:00;4;21.625;-200;-200;0;206;0;
1856;2025.06.04 16:15;4;21.625;-200;-200;0;206;0;
1857;2025.06.04 16:30;4;21.625;-200;-200;0;206;0;
1858;2025.06.04 16:45;4;21.625;-200;-200;0;206;0;
1859;2025.06.04 17:00;4;21.625;-200;-200;0;206;0;
1860;2025.06.04 17:15;4;21.625;-200;-200;0;206;0;
1861;2025.06.04 17:30;4;21.625;-200;-200;0;206;0;
1862;2025.06.04 17:45;4;21.6875;-200;-200;0;206;0;
1863;2025.06.04 18:00;4;21.6875;-200;-200;0;206;0;
1864;2025.06.04 18:15;4;21.6875;-200;-200;0;206;0;
1865;2025.06.04 18:30;4;21.75;-200;-200;0;206;0;
1866;2025.06.04 18:45;4;21.75;-200;-200;0;206;0;
1867;2025.06.04 19:00;4;21.75;-200;-200;0;206;0;
1868;2025.06.04 19:15;4;21.75;-200;-200;0;206;0;
1869;2025.06.04 19:30;4;21.75;-200;-200;0;206;0;
1870;2025.06.04 19:45;4;21.75;-200;-200;0;206;0;
1871;2025.06.04 20:00;4;21.75;-200;-200;0;206;0;
1872;2025.06.04 20:15;4;21.8125;-200;-200;0;206;0;
1873;2025.06.04 20:30;4;21.8125;-200;-200;0;206;0;
1874;2025.06.04 20:45;4;21.875;-200;-200;0;206;0;
1875;2025.06.04 21:00;4;21.875;-200;-200;0;206;0;
1876;2025.06.04 21:15;4;21.875;-200;-200;0;206;0;
1877;2025.06.04 21:30;4;21.875;-200;-200;0;206;0;
1878;2025.06.04 21:45;4;21.875;-200;-200;0;206;0;
1879;2025.06.04 22:00;4;21.875;-200;-200;0;206;0;
1880;2025.06.04 22:15;4;21.875;-200;-200;0;206;0;
1881;2025.06.04 22:30;4;21.875;-200;-200;0;206;0;
1882;2025.06.04 22:45;4;21.875;-200;-200;0;206;0;
1883;2025.06.04 23:00;4;21.875;-200;-200;0;206;0;
1884;2025.06.04 23:15;4;21.875;-200;-200;0;206;0;
1885;2025.06.04 23:30;4;21.875;-200;-200;0;206;0;
1886;2025.06.04 23:45;4;21.875;-200;-200;0;206;0;
1887;2025.06.05 00:00;4;21.875;-200;-200;0;206;0;
1888;2025.06.05 00:15;4;21.875;-200;-200;0;206;0;
1889;2025.06.05 00:30;4;21.875;-200;-200;0;206;0;
1890;2025.06.05 00:45;4;21.875;-200;-200;0;206;0;
1891;2025.06.05 01:00;4;21.875;-200;-200;0;206;0;
1892;2025.06.05 01:15;4;21.875;-200;-200;0;206;0;
1893;2025.06.05 01:30;4;21.875;-200;-200;0;206;0;
1894;2025.06.05 01:45;4;21.875;-200;-200;0;206;0;
1895;2025.06.05 02:00;4;21.8125;-200;-200;0;206;0;
1896;2025.06.05 02:15;4;21.8125;-200;-200;0;206;0;
1897;2025.06.05 02:30;4;21.75;-200;-200;0;206;0;
1898;2025.06.05 02:45;4;21.75;-200;-200;0;206;0;
1899;2025.06.05 03:00;4;21.75;-200;-200;0;206;0;
1900;2025.06.05 03:15;4;21.75;-200;-200;0;206;0;
1901;2025.06.05 03:30;4;21.75;-200;-200;0;206;0;
1902;2025.06.05 03:45;4;21.6875;-200;-200;0;206;0;
1903;2025.06.05 04:00;4;21.6875;-200;-200;0;206;0;
1904;2025.06.05 04:15;4;21.625;-200;-200;0;206;0;
1905;2025.06.05 04:30;4;21.625;-200;-200;0;206;0;
1906;2025.06.05 04:45;4;21.625;-200;-200;0;206;0;
1907;2025.06.05 05:00;4;21.625;-200;-200;0;206;0;
1908;2025.06.05 05:15;4;21.625;-200;-200;0;206;0;
1909;2025.06.05 05:30;4;21.625;-200;-200;0;206;0;
1910;2025.06.05 05:45;4;21.625;-200;-200;0;206;0;
1911;2025.06.05 06:00;4;21.5625;-200;-200;0;206;0;
1912;2025.06.05 06:15;4;21.5625;-200;-200;0;206;0;
1913;2025.06.05 06:30;4;21.5625;-200;-200;0;206;0;
1914;2025.06.05 06:45;4;21.5;-200;-200;0;206;0;
1915;2025.06.05 07:00;4;21.5;-200;-200;0;206;0;
1916;2025.06.05 07:15;4;21.5;-200;-200;0;206;0;
1917;2025.06.05 07:30;4;21.5;-200;-200;0;206;0;
1918;2025.06.05 07:45;4;21.5;-200;-200;0;206;0;
1919;2025.06.05 08:00;4;21.5;-200;-200;0;206;0;
1920;2025.06.05 08:15;4;21.5;-200;-200;0;206;0;
1921;2025.06.05 08:30;4;21.5;-200;-200;0;206;0;
1922;2025.06.05 08:45;4;21.5;-200;-200;0;206;0;
1923;2025.06.05 09:00;4;21.5;-200;-200;0;206;0;
1924;2025.06.05 09:15;4;21.5;-200;-200;0;206;0;
1925;2025.06.05 09:30;4;21.4375;-200;-200;0;206;0;
1926;2025.06.05 09:45;4;21.4375;-200;-200;0;206;0;
1927;2025.06.05 10:00;4;21.4375;-200;-200;0;206;0;
1928;2025.06.05 10:15;4;21.4375;-200;-200;0;206;0;
1929;2025.06.05 10:30;4;21.375;-200;-200;0;206;0;
1930;2025.06.05 10:45;4;21.375;-200;-200;0;206;0;
1931;2025.06.05 11:00;4;21.375;-200;-200;0;206;0;
1932;2025.06.05 11:15;4;21.375;-200;-200;0;206;0;
1933;2025.06.05 11:30;4;21.375;-200;-200;0;206;0;
1934;2025.06.05 11:45;4;21.375;-200;-200;0;206;0;
1935;2025.06.05 12:00;4;21.375;-200;-200;0;206;0;
1936;2025.06.05 12:15;4;21.375;-200;-200;0;206;0;
1937;2025.06.05 12:30;4;21.375;-200;-200;0;206;0;
1938;2025.06.05 12:45;4;21.375;-200;-200;0;206;0;
1939;2025.06.05 13:00;4;21.375;-200;-200;0;206;0;
1940;2025.06.05 13:15;4;21.375;-200;-200;0;206;0;
1941;2025.06.05 13:30;4;21.375;-200;-200;0;206;0;
1942;2025.06.05 13:45;4;21.4375;-200;-200;0;206;0;
1943;2025.06.05 14:00;4;21.4375;-200;-200;0;206;0;
1944;2025.06.05 14:15;4;21.5;-200;-200;0;206;0;
1945;2025.06.05 14:30;4;21.5;-200;-200;0;206;0;
1946;2025.06.05 14:45;4;21.5;-200;-200;0;206;0;
1947;2025.06.05 15:00;4;21.5;-200;-200;0;206;0;
1948;2025.06.05 15:15;4;21.5;-200;-200;0;206;0;
1949;2025.06.05 15:30;4;21.5;-200;-200;0;206;0;
1950;2025.06.05 15:45;4;21.5625;-200;-200;0;206;0;
1951;2025.06.05 16:00;4;21.5625;-200;-200;0;206;0;
1952;2025.06.05 16:15;4;21.625;-200;-200;0;206;0;
1953;2025.06.05 16:30;4;21.625;-200;-200;0;206;0;
1954;2025.06.05 16:45;4;21.625;-200;-200;0;206;0;
1955;2025.06.05 17:00;4;21.625;-200;-200;0;206;0;
1956;2025.06.05 17:15;4;21.625;-200;-200;0;206;0;
1957;2025.06.05 17:30;4;21.625;-200;-200;0;206;0;
1958;2025.06.05 17:45;4;21.6875;-200;-200;0;206;0;
1959;2025.06.05 18:00;4;21.6875;-200;-200;0;206;0;
1960;2025.06.05 18:15;4;21.6875;-200;-200;0;206;0;
1961;2025.06.05 18:30;4;21.75;-200;-200;0;206;0;
1962;2025.06.05 18:45;4;21.75;-200;-200;0;206;0;
1963;2025.06.05 19:00;4;21.75;-200;-200;0;206;0;
1964;2025.06.05 19:15;4;21.75;-200;-200;0;206;0;
1965;2025.06.05 19:30;4;21.75;-200;-200;0;206;0;
1966;2025.06.05 19:45;4;21.75;-200;-200;0;206;0;
1967;2025.06.05 20:00;4;21.75;-200;-200;0;206;0;
1968;2025.06.05 20:15;4;21.8125;-200;-200;0;206;0;
1969;2025.06.05 20:30;4;21.8125;-200;-200;0;206;0;
1970;2025.06.05 20:45;4;21.8125;-200;-200;0;206;0;
1971;2025.06.05 21:00;4;21.875;-200;-200;0;206;0;
1972;2025.06.05 21:15;4;21.875;-200;-200;0;206;0;
1973;2025.06.05 21:30;4;21.875;-200;-200;0;206;0;
1974;2025.06.05 21:45;4;21.875;-200;-200;0;206;0;
1975;2025.06.05 22:00;4;21.875;-200;-200;0;206;0;
1976;2025.06.05 22:15;4;21.875;-200;-200;0;206;0;
1977;2025.06.05 22:30;4;21.875;-200;-200;0;206;0;
1978;2025.06.05 22:45;4;21.875;-200;-200;0;206;0;
1979;2025.06.05 23:00;4;21.875;-200;-200;0;206;0;
1980;2025.06.05 23:15;4;21.875;-200;-200;0;206;0;
1981;2025.06.05 23:30;4;21.875;-200;-200;0;206;0;
1982;2025.06.05 23:45;4;21.875;-200;-200;0;206;0;
1983;2025.06.06 00:00;4;21.875;-200;-200;0;206;0;
1984;2025.06.06 00:15;4;21.875;-200;-200;0;206;0;
1985;2025.06.06 00:30;4;21.875;-200;-200;0;206;0;
1986;2025.06.06 00:45;4;21.875;-200;-200;0;206;0;
1987;2025.06.06 01:00;4;21.875;-200;-200;0;206;0;
1988;2025.06.06 01:15;4;21.875;-200;-200;0;206;0;
1989;2025.06.06 01:30;4;21.875;-200;-200;0;206;0;
1990;2025.06.06 01:45;4;21.875;-200;-200;0;206;0;
1991;2025.06.06 02:00;4;21.8125;-200;-200;0;206;0;
1992;2025.06.06 02:15;4;21.8125;-200;-200;0;206;0;
1993;2025.06.06 02:30;4;21.75;-200;-200;0;206;0;
1994;2025.06.06 02:45;4;21.75;-200;-200;0;206;0;
1995;2025.06.06 03:00;4;21.75;-200;-200;0;206;0;
1996;2025.06.06 03:15;4;21.75;-200;-200;0;206;0;
1997;2025.06.06 03:30;4;21.75;-200;-200;0;206;0;
1998;2025.06.06 03:45;4;21.75;-200;-200;0;206;0;
1999;2025.06.06 04:00;4;21.6875;-200;-200;0;206;0;
2000;2025.06.06 04:15;4;21.6875;-200;-200;0;206;0;
2001;2025.06.06 04:30;4;21.625;-200;-200;0;206;0;
2002;2025.06.06 04:45;4;21.625;-200;-200;0;206;0;
2003;2025.06.06 05:00;4;21.625;-200;-200;0;206;0;
2004;2025.06.06 05:15;4;21.625;-200;-200;0;206;0;
2005;2025.06.06 05:30;4;21.625;-200;-200;0;206;0;
2006;2025.06.06 05:45;4;21.625;-200;-200;0;206;0;
2007;2025.06.06 06:00;4;21.625;-200;-200;0;206;0;
2008;2025.06.06 06:15;4;21.625;-200;-200;0;206;0;
2009;2025.06.06 06:30;4;21.5625;-200;-200;0;206;0;
2010;2025.06.06 06:45;4;21.5625;-200;-200;0;206;0;
2011;2025.06.06 07:00;4;21.5625;-200;-200;0;206;0;
2012;2025.06.06 07:15;4;21.5;-200;-200;0;206;0;
2013;2025.06.06 07:30;4;21.5;-200;-200;0;206;0;
2014;2025.06.06 07:45;4;21.5;-200;-200;0;206;0;
2015;2025.06.06 08:00;4;21.5;-200;-200;0;206;0;
2016;2025.06.06 08:15;4;21.5;-200;-200;0;206;0;
2017;2025.06.06 08:30;4;21.5;-200;-200;0;206;0;
2018;2025.06.06 08:45;4;21.5;-200;-200;0;206;0;
2019;2025.06.06 09:00;4;21.5;-200;-200;0;206;0;
2020;2025.06.06 09:15;4;21.5;-200;-200;0;206;0;
2021;2025.06.06 09:30;4;21.5;-200;-200;0;206;0;
2022;2025.06.06 09:45;4;21.5;-200;-200;0;206;0;
2023;2025.06.06 10:00;4;21.5;-200;-200;0;206;0;
2024;2025.06.06 10:15;4;21.5;-200;-200;0;206;0;
2025;2025.06.06 10:30;4;21.4375;-200;-200;0;206;0;
2026;2025.06.06 10:45;4;21.4375;-200;-200;0;206;0;
2027;2025.06.06 11:00;4;21.4375;-200;-200;0;206;0;
2028;2025.06.06 11:15;4;21.4375;-200;-200;0;206;0;
2029;2025.06.06 11:30;4;21.4375;-200;-200;0;206;0;
2030;2025.06.06 11:45;4;21.4375;-200;-200;0;206;0;
2031;2025.06.06 12:00;4;21.375;-200;-200;0;206;0;
2032;2025.06.06 12:15;4;21.375;-200;-200;0;206;0;
2033;2025.06.06 12:30;4;21.375;-200;-200;0;206;0;
2034;2025.06.06 12:45;4;21.375;-200;-200;0;206;0;
2035;2025.06.06 13:00;4;21.375;-200;-200;0;206;0;
2036;2025.06.06 13:15;4;21.4375;-200;-200;0;206;0;
2037;2025.06.06 13:30;4;21.4375;-200;-200;0;206;0;
2038;2025.06.06 13:45;4;21.5;-200;-200;0;206;0;
2039;2025.06.06 14:00;4;21.5;-200;-200;0;206;0;
2040;2025.06.06 14:15;4;21.5;-200;-200;0;206;0;
2041;2025.06.06 14:30;4;21.5;-200;-200;0;206;0;
2042;2025.06.06 14:45;4;21.5;-200;-200;0;206;0;
2043;2025.06.06 15:00;4;21.5;-200;-200;0;206;0;
2044;2025.06.06 15:15;4;21.5625;-200;-200;0;206;0;
2045;2025.06.06 15:30;4;21.5625;-200;-200;0;206;0;
2046;2025.06.06 15:45;4;21.625;-200;-200;0;206;0;
2047;2025.06.06 16:00;4;21.625;-200;-200;0;206;0;
2048;2025.06.06 16:15;4;21.625;-200;-200;0;206;0;
2049;2025.06.06 16:30;4;21.625;-200;-200;0;206;0;
2050;2025.06.06 16:45;4;21.625;-200;-200;0;206;0;
2051;2025.06.06 17:00;4;21.625;-200;-200;0;206;0;
2052;2025.06.06 17:15;4;21.6875;-200;-200;0;206;0;
2053;2025.06.06 17:30;4;21.6875;-200;-200;0;206;0;
2054;2025.06.06 17:45;4;21.75;-200;-200;0;206;0;
2055;2025.06.06 18:00;4;21.75;-200;-200;0;206;0;
2056;2025.06.06 18:15;4;21.75;-200;-200;0;206;0;
2057;2025.06.06 18:30;4;21.75;-200;-200;0;206;0;
2058;2025.06.06 18:45;4;21.75;-200;-200;0;206;0;
2059;2025.06.06 19:00;4;21.75;-200;-200;0;206;0;
2060;2025.06.06 19:15;4;21.75;-200;-200;0;206;0;
2061;2025.06.06 19:30;4;21.8125;-200;-200;0;206;0;
2062;2025.06.06 19:45;4;21.8125;-200;-200;0;206;0;
2063;2025.06.06 20:00;4;21.8125;-200;-200;0;206;0;
2064;2025.06.06 20:15;4;21.875;-200;-200;0;206;0;
2065;2025.06.06 20:30;4;21.875;-200;-200;0;206;0;
2066;2025.06.06 20:45;4;21.875;-200;-200;0;206;0;
2067;2025.06.06 21:00;4;21.875;-200;-200;0;206;0;
2068;2025.06.06 21:15;4;21.875;-200;-200;0;206;0;
2069;2025.06.06 21:30;4;21.875;-200;-200;0;206;0;
2070;2025.06.06 21:45;4;21.875;-200;-200;0;206;0;
2071;2025.06.06 22:00;4;21.9375;-200;-200;0;206;0;
2072;2025.06.06 22:15;4;21.9375;-200;-200;0;206;0;
2073;2025.06.06 22:30;4;22;-200;-200;0;206;0;
2074;2025.06.06 22:45;4;22;-200;-200;0;206;0;
2075;2025.06.06 23:00;4;22;-200;-200;0;206;0;
2076;2025.06.06 23:15;4;22;-200;-200;0;206;0;
2077;2025.06.06 23:30;4;22;-200;-200;0;206;0;
2078;2025.06.06 23:45;4;22;-200;-200;0;206;0;
2079;2025.06.07 00:00;4;22;-200;-200;0;206;0;
2080;2025.06.07 00:15;4;22;-200;-200;0;206;0;
2081;2025.06.07 00:30;4;22;-200;-200;0;206;0;
2082;2025.06.07 00:45;4;22;-200;-200;0;206;0;
2083;2025.06.07 01:00;4;22;-200;-200;0;206;0;
2084;2025.06.07 01:15;4;22;-200;-200;0;206;0;
2085;2025.06.07 01:30;4;21.9375;-200;-200;0;206;0;
2086;2025.06.07 01:45;4;21.875;-200;-200;0;206;0;
2087;2025.06.07 02:00;4;21.875;-200;-200;0;206;0;
2088;2025.06.07 02:15;4;21.875;-200;-200;0;206;0;
2089;2025.06.07 02:30;4;21.875;-200;-200;0;206;0;
2090;2025.06.07 02:45;4;21.875;-200;-200;0;206;0;
2091;2025.06.07 03:00;4;21.875;-200;-200;0;206;0;
2092;2025.06.07 03:15;4;21.8125;-200;-200;0;206;0;
2093;2025.06.07 03:30;4;21.8125;-200;-200;0;206;0;
2094;2025.06.07 03:45;4;21.75;-200;-200;0;206;0;
2095;2025.06.07 04:00;4;21.75;-200;-200;0;206;0;
2096;2025.06.07 04:15;4;21.75;-200;-200;0;206;0;
2097;2025.06.07 04:30;4;21.75;-200;-200;0;206;0;
2098;2025.06.07 04:45;4;21.75;-200;-200;0;206;0;
2099;2025.06.07 05:00;4;21.75;-200;-200;0;206;0;
2100;2025.06.07 05:15;4;21.6875;-200;-200;0;206;0;
2101;2025.06.07 05:30;4;21.6875;-200;-200;0;206;0;
2102;2025.06.07 05:45;4;21.6875;-200;-200;0;206;0;
2103;2025.06.07 06:00;4;21.625;-200;-200;0;206;0;
2104;2025.06.07 06:15;4;21.625;-200;-200;0;206;0;
2105;2025.06.07 06:30;4;21.625;-200;-200;0;206;0;
2106;2025.06.07 06:45;4;21.625;-200;-200;0;206;0;
2107;2025.06.07 07:00;4;21.625;-200;-200;0;206;0;
2108;2025.06.07 07:15;4;21.625;-200;-200;0;206;0;
2109;2025.06.07 07:30;4;21.625;-200;-200;0;206;0;
2110;2025.06.07 07:45;4;21.625;-200;-200;0;206;0;
2111;2025.06.07 08:00;4;21.625;-200;-200;0;206;0;
2112;2025.06.07 08:15;4;21.625;-200;-200;0;206;0;
2113;2025.06.07 08:30;4;21.5625;-200;-200;0;206;0;
2114;2025.06.07 08:45;4;21.5625;-200;-200;0;206;0;
2115;2025.06.07 09:00;4;21.5;-200;-200;0;206;0;
2116;2025.06.07 09:15;4;21.5;-200;-200;0;206;0;
2117;2025.06.07 09:30;4;21.5;-200;-200;0;206;0;
2118;2025.06.07 09:45;4;21.5;-200;-200;0;206;0;
2119;2025.06.07 10:00;4;21.5;-200;-200;0;206;0;
2120;2025.06.07 10:15;4;21.5;-200;-200;0;206;0;
2121;2025.06.07 10:30;4;21.5;-200;-200;0;206;0;
2122;2025.06.07 10:45;4;21.5;-200;-200;0;206;0;
2123;2025.06.07 11:00;4;21.5;-200;-200;0;206;0;
2124;2025.06.07 11:15;4;21.5;-200;-200;0;206;0;
2125;2025.06.07 11:30;4;21.5;-200;-200;0;206;0;
2126;2025.06.07 11:45;4;21.5;-200;-200;0;206;0;
2127;2025.06.07 12:00;4;21.5;-200;-200;0;206;0;
2128;2025.06.07 12:15;4;21.5;-200;-200;0;206;0;
2129;2025.06.07 12:30;4;21.5;-200;-200;0;206;0;
2130;2025.06.07 12:45;4;21.5;-200;-200;0;206;0;
2131;2025.06.07 13:00;4;21.5;-200;-200;0;206;0;
2132;2025.06.07 13:15;4;21.5;-200;-200;0;206;0;
2133;2025.06.07 13:30;4;21.5;-200;-200;0;206;0;
2134;2025.06.07 13:45;4;21.5;-200;-200;0;206;0;
2135;2025.06.07 14:00;4;21.5625;-200;-200;0;206;0;
2136;2025.06.07 14:15;4;21.5625;-200;-200;0;206;0;
2137;2025.06.07 14:30;4;21.625;-200;-200;0;206;0;
2138;2025.06.07 14:45;4;21.625;-200;-200;0;206;0;
2139;2025.06.07 15:00;4;21.625;-200;-200;0;206;0;
2140;2025.06.07 15:15;4;21.625;-200;-200;0;206;0;
2141;2025.06.07 15:30;4;21.625;-200;-200;0;206;0;
2142;2025.06.07 15:45;4;21.6875;-200;-200;0;206;0;
2143;2025.06.07 16:00;4;21.6875;-200;-200;0;206;0;
2144;2025.06.07 16:15;4;21.75;-200;-200;0;206;0;
2145;2025.06.07 16:30;4;21.75;-200;-200;0;206;0;
2146;2025.06.07 16:45;4;21.75;-200;-200;0;206;0;
2147;2025.06.07 17:00;4;21.75;-200;-200;0;206;0;
2148;2025.06.07 17:15;4;21.75;-200;-200;0;206;0;
2149;2025.06.07 17:30;4;21.75;-200;-200;0;206;0;
2150;2025.06.07 17:45;4;21.8125;-200;-200;0;206;0;
2151;2025.06.07 18:00;4;21.8125;-200;-200;0;206;0;
2152;2025.06.07 18:15;4;21.8125;-200;-200;0;206;0;
2153;2025.06.07 18:30;4;21.875;-200;-200;0;206;0;
2154;2025.06.07 18:45;4;21.875;-200;-200;0;206;0;
2155;2025.06.07 19:00;4;21.875;-200;-200;0;206;0;
2156;2025.06.07 19:15;4;21.875;-200;-200;0;206;0;
2157;2025.06.07 19:30;4;21.875;-200;-200;0;206;0;
2158;2025.06.07 19:45;4;21.875;-200;-200;0;206;0;
2159;2025.06.07 20:00;4;21.875;-200;-200;0;206;0;
2160;2025.06.07 20:15;4;21.875;-200;-200;0;206;0;
2161;2025.06.07 20:30;4;21.9375;-200;-200;0;206;0;
2162;2025.06.07 20:45;4;21.9375;-200;-200;0;206;0;
2163;2025.06.07 21:00;4;21.9375;-200;-200;0;206;0;
2164;2025.06.07 21:15;4;21.9375;-200;-200;0;206;0;
2165;2025.06.07 21:30;4;22;-200;-200;0;206;0;
2166;2025.06.07 21:45;4;22;-200;-200;0;206;0;
2167;2025.06.07 22:00;4;22;-200;-200;0;206;0;
2168;2025.06.07 22:15;4;22;-200;-200;0;206;0;
2169;2025.06.07 22:30;4;22;-200;-200;0;206;0;
2170;2025.06.07 22:45;4;22;-200;-200;0;206;0;
2171;2025.06.07 23:00;4;22;-200;-200;0;206;0;
2172;2025.06.07 23:15;4;22;-200;-200;0;206;0;
2173;2025.06.07 23:30;4;22;-200;-200;0;206;0;
2174;2025.06.07 23:45;4;22;-200;-200;0;206;0;
2175;2025.06.08 00:00;4;22;-200;-200;0;206;0;
2176;2025.06.08 00:15;4;22;-200;-200;0;206;0;
2177;2025.06.08 00:30;4;22;-200;-200;0;206;0;
2178;2025.06.08 00:45;4;22;-200;-200;0;206;0;
2179;2025.06.08 01:00;4;22;-200;-200;0;206;0;
2180;2025.06.08 01:15;4;22;-200;-200;0;206;0;
2181;2025.06.08 01:30;4;22;-200;-200;0;206;0;
2182;2025.06.08 01:45;4;21.9375;-200;-200;0;206;0;
2183;2025.06.08 02:00;4;21.9375;-200;-200;0;206;0;
2184;2025.06.08 02:15;4;21.875;-200;-200;0;206;0;
2185;2025.06.08 02:30;4;21.875;-200;-200;0;206;0;
2186;2025.06.08 02:45;4;21.875;-200;-200;0;206;0;
2187;2025.06.08 03:00;4;21.875;-200;-200;0;206;0;
2188;2025.06.08 03:15;4;21.875;-200;-200;0;206;0;
2189;2025.06.08 03:30;4;21.8125;-200;-200;0;206;0;
2190;2025.06.08 03:45;4;21.8125;-200;-200;0;206;0;
2191;2025.06.08 04:00;4;21.75;-200;-200;0;206;0;
2192;2025.06.08 04:15;4;21.75;-200;-200;0;206;0;
2193;2025.06.08 04:30;4;21.75;-200;-200;0;206;0;
2194;2025.06.08 04:45;4;21.75;-200;-200;0;206;0;
2195;2025.06.08 05:00;4;21.75;-200;-200;0;206;0;
2196;2025.06.08 05:15;4;21.75;-200;-200;0;206;0;
2197;2025.06.08 05:30;4;21.6875;-200;-200;0;206;0;
2198;2025.06.08 05:45;4;21.6875;-200;-200;0;206;0;
2199;2025.06.08 06:00;4;21.6875;-200;-200;0;206;0;
2200;2025.06.08 06:15;4;21.625;-200;-200;0;206;0;
2201;2025.06.08 06:30;4;21.625;-200;-200;0;206;0;
2202;2025.06.08 06:45;4;21.625;-200;-200;0;206;0;
2203;2025.06.08 07:00;4;21.625;-200;-200;0;206;0;
2204;2025.06.08 07:15;4;21.625;-200;-200;0;206;0;
2205;2025.06.08 07:30;4;21.625;-200;-200;0;206;0;
2206;2025.06.08 07:45;4;21.625;-200;-200;0;206;0;
2207;2025.06.08 08:00;4;21.625;-200;-200;0;206;0;
2208;2025.06.08 08:15;4;21.625;-200;-200;0;206;0;
2209;2025.06.08 08:30;4;21.625;-200;-200;0;206;0;
2210;2025.06.08 08:45;4;21.625;-200;-200;0;206;0;
2211;2025.06.08 09:00;4;21.625;-200;-200;0;206;0;
2212;2025.06.08 09:15;4;21.5625;-200;-200;0;206;0;
2213;2025.06.08 09:30;4;21.5625;-200;-200;0;206;0;
2214;2025.06.08 09:45;4;21.5625;-200;-200;0;206;0;
2215;2025.06.08 10:00;4;21.5625;-200;-200;0;206;0;
2216;2025.06.08 10:15;4;21.5625;-200;-200;0;206;0;
2217;2025.06.08 10:30;4;21.5;-200;-200;0;206;0;
2218;2025.06.08 10:45;4;21.5;-200;-200;0;206;0;
2219;2025.06.08 11:00;4;21.5;-200;-200;0;206;0;
2220;2025.06.08 11:15;4;21.5;-200;-200;0;206;0;
2221;2025.06.08 11:30;4;21.5;-200;-200;0;206;0;
2222;2025.06.08 11:45;4;21.5;-200;-200;0;206;0;
2223;2025.06.08 12:00;4;21.5;-200;-200;0;206;0;
2224;2025.06.08 12:15;4;21.5;-200;-200;0;206;0;
2225;2025.06.08 12:30;4;21.5;-200;-200;0;206;0;
2226;2025.06.08 12:45;4;21.5;-200;-200;0;206;0;
2227;2025.06.08 13:00;4;21.5;-200;-200;0;206;0;
2228;2025.06.08 13:15;4;21.5;-200;-200;0;206;0;
2229;2025.06.08 13:30;4;21.5625;-200;-200;0;206;0;
2230;2025.06.08 13:45;4;21.5625;-200;-200;0;206;0;
2231;2025.06.08 14:00;4;21.625;-200;-200;0;206;0;
2232;2025.06.08 14:15;4;21.625;-200;-200;0;206;0;
2233;2025.06.08 14:30;4;21.625;-200;-200;0;206;0;
2234;2025.06.08 14:45;4;21.625;-200;-200;0;206;0;
2235;2025.06.08 15:00;4;21.625;-200;-200;0;206;0;
2236;2025.06.08 15:15;4;21.6875;-200;-200;0;206;0;
2237;2025.06.08 15:30;4;21.6875;-200;-200;0;206;0;
2238;2025.06.08 15:45;4;21.6875;-200;-200;0;206;0;
2239;2025.06.08 16:00;4;21.75;-200;-200;0;206;0;
2240;2025.06.08 16:15;4;21.75;-200;-200;0;206;0;
2241;2025.06.08 16:30;4;21.75;-200;-200;0;206;0;
2242;2025.06.08 16:45;4;21.75;-200;-200;0;206;0;
2243;2025.06.08 17:00;4;21.8125;-200;-200;0;206;0;
2244;2025.06.08 17:15;4;21.8125;-200;-200;0;206;0;
2245;2025.06.08 17:30;4;21.8125;-200;-200;0;206;0;
2246;2025.06.08 17:45;4;21.875;-200;-200;0;206;0;
2247;2025.06.08 18:00;4;21.875;-200;-200;0;206;0;
2248;2025.06.08 18:15;4;21.875;-200;-200;0;206;0;
2249;2025.06.08 18:30;4;21.875;-200;-200;0;206;0;
2250;2025.06.08 18:45;4;21.875;-200;-200;0;206;0;
2251;2025.06.08 19:00;4;21.875;-200;-200;0;206;0;
2252;2025.06.08 19:15;4;21.875;-200;-200;0;206;0;
2253;2025.06.08 19:30;4;21.875;-200;-200;0;206;0;
2254;2025.06.08 19:45;4;21.9375;-200;-200;0;206;0;
2255;2025.06.08 20:00;4;21.9375;-200;-200;0;206;0;
2256;2025.06.08 20:15;4;21.9375;-200;-200;0;206;0;
2257;2025.06.08 20:30;4;21.9375;-200;-200;0;206;0;
2258;2025.06.08 20:45;4;22;-200;-200;0;206;0;
2259;2025.06.08 21:00;4;22;-200;-200;0;206;0;
2260;2025.06.08 21:15;4;22;-200;-200;0;206;0;
2261;2025.06.08 21:30;4;22;-200;-200;0;206;0;
2262;2025.06.08 21:45;4;22;-200;-200;0;206;0;
2263;2025.06.08 22:00;4;22;-200;-200;0;206;0;
2264;2025.06.08 22:15;4;22;-200;-200;0;206;0;
2265;2025.06.08 22:30;4;22;-200;-200;0;206;0;
2266;2025.06.08 22:45;4;22;-200;-200;0;206;0;
2267;2025.06.08 23:00;4;22;-200;-200;0;206;0;
2268;2025.06.08 23:15;4;22;-200;-200;0;206;0;
2269;2025.06.08 23:30;4;22;-200;-200;0;206;0;
2270;2025.06.08 23:45;4;22;-200;-200;0;206;0;
2271;2025.06.09 00:00;4;22.0625;-200;-200;0;206;0;
2272;2025.06.09 00:15;4;22.125;-200;-200;0;206;0;
2273;2025.06.09 00:30;4;22.125;-200;-200;0;206;0;
2274;2025.06.09 00:45;4;22.125;-200;-200;0;206;0;
2275;2025.06.09 01:00;4;22.1875;-200;-200;0;206;0;
2276;2025.06.09 01:15;4;22.1875;-200;-200;0;206;0;
2277;2025.06.09 01:30;4;22.125;-200;-200;0;206;0;
2278;2025.06.09 01:45;4;22.125;-200;-200;0;206;0;
2279;2025.06.09 02:00;4;22.125;-200;-200;0;206;0;
2280;2025.06.09 02:15;4;22.125;-200;-200;0;206;0;
2281;2025.06.09 02:30;4;22.0625;-200;-200;0;206;0;
2282;2025.06.09 02:45;4;22;-200;-200;0;206;0;
2283;2025.06.09 03:00;4;22;-200;-200;0;206;0;
2284;2025.06.09 03:15;4;21.875;-200;-200;0;206;0;
2285;2025.06.09 03:30;4;21.875;-200;-200;0;206;0;
2286;2025.06.09 03:45;4;21.875;-200;-200;0;206;0;
2287;2025.06.09 04:00;4;21.8125;-200;-200;0;206;0;
2288;2025.06.09 04:15;4;21.75;-200;-200;0;206;0;
2289;2025.06.09 04:30;4;21.75;-200;-200;0;206;0;
2290;2025.06.09 04:45;4;21.6875;-200;-200;0;206;0;
2291;2025.06.09 05:00;4;21.625;-200;-200;0;206;0;
2292;2025.06.09 05:15;4;21.625;-200;-200;0;206;0;
2293;2025.06.09 05:30;4;21.625;-200;-200;0;206;0;
2294;2025.06.09 05:45;4;21.5;-200;-200;0;206;0;
2295;2025.06.09 06:00;4;21.5;-200;-200;0;206;0;
2296;2025.06.09 06:15;4;21.5;-200;-200;0;206;0;
2297;2025.06.09 06:30;4;21.4375;-200;-200;0;206;0;
2298;2025.06.09 06:45;4;21.375;-200;-200;0;206;0;
2299;2025.06.09 07:00;4;21.375;-200;-200;0;206;0;
2300;2025.06.09 07:15;4;21.3125;-200;-200;0;206;0;
2301;2025.06.09 07:30;4;21.25;-200;-200;0;206;0;
2302;2025.06.09 07:45;4;21.25;-200;-200;0;206;0;
2303;2025.06.09 08:00;4;21.1875;-200;-200;0;206;0;
2304;2025.06.09 08:15;4;21.125;-200;-200;0;206;0;
2305;2025.06.09 08:30;4;21.125;-200;-200;0;206;0;
2306;2025.06.09 08:45;4;21.125;-200;-200;0;206;0;
2307;2025.06.09 09:00;4;21;-200;-200;0;206;0;
2308;2025.06.09 09:15;4;20.875;-200;-200;0;206;0;
2309;2025.06.09 09:30;4;20.875;-200;-200;0;206;0;
2310;2025.06.09 09:45;4;20.875;-200;-200;0;206;0;
2311;2025.06.09 10:00;4;20.875;-200;-200;0;206;0;
2312;2025.06.09 10:15;4;20.8125;-200;-200;0;206;0;
2313;2025.06.09 10:30;4;20.75;-200;-200;0;206;0;
2314;2025.06.09 10:45;4;20.75;-200;-200;0;206;0;
2315;2025.06.09 11:00;4;20.6875;-200;-200;0;206;0;
2316;2025.06.09 11:15;4;20.625;-200;-200;0;206;0;
2317;2025.06.09 11:30;4;20.5625;-200;-200;0;206;0;
2318;2025.06.09 11:45;4;20.5;-200;-200;0;206;0;
2319;2025.06.09 12:00;4;20.5;-200;-200;0;206;0;
2320;2025.06.09 12:15;4;20.4375;-200;-200;0;206;0;
2321;2025.06.09 12:30;4;20.5;-200;-200;0;206;0;
2322;2025.06.09 12:45;4;20.5625;-200;-200;0;206;0;
2323;2025.06.09 13:00;4;20.6875;-200;-200;0;206;0;
2324;2025.06.09 13:15;4;20.8125;-200;-200;0;206;0;
2325;2025.06.09 13:30;4;20.875;-200;-200;0;206;0;
2326;2025.06.09 13:45;4;21.0625;-200;-200;0;206;0;
2327;2025.06.09 14:00;4;21.1875;-200;-200;0;206;0;
2328;2025.06.09 14:15;4;21.25;-200;-200;0;206;0;
2329;2025.06.09 14:30;4;21.375;-200;-200;0;206;0;
2330;2025.06.09 14:45;4;21.25;-200;-200;0;206;0;
2331;2025.06.09 15:00;4;21.125;-200;-200;0;206;0;
2332;2025.06.09 15:15;4;21;-200;-200;0;206;0;
2333;2025.06.09 15:30;4;20.875;-200;-200;0;206;0;
2334;2025.06.09 15:45;4;20.8125;-200;-200;0;206;0;
2335;2025.06.09 16:00;4;20.875;-200;-200;0;206;0;
2336;2025.06.09 16:15;4;20.875;-200;-200;0;206;0;
2337;2025.06.09 16:30;4;20.9375;-200;-200;0;206;0;
2338;2025.06.09 16:45;4;20.9375;-200;-200;0;206;0;
2339;2025.06.09 17:00;4;21;-200;-200;0;206;0;
2340;2025.06.09 17:15;4;21.125;-200;-200;0;206;0;
2341;2025.06.09 17:30;4;21.25;-200;-200;0;206;0;
2342;2025.06.09 17:45;4;21.25;-200;-200;0;206;0;
2343;2025.06.09 18:00;4;21.375;-200;-200;0;206;0;
2344;2025.06.09 18:15;4;21.4375;-200;-200;0;206;0;
2345;2025.06.09 18:30;4;21.4375;-200;-200;0;206;0;
2346;2025.06.09 18:45;4;21.5;-200;-200;0;206;0;
2347;2025.06.09 19:00;4;21.5;-200;-200;0;206;0;
2348;2025.06.09 19:15;4;21.5625;-200;-200;0;206;0;
2349;2025.06.09 19:30;4;21.625;-200;-200;0;206;0;
2350;2025.06.09 19:45;4;21.6875;-200;-200;0;206;0;
2351;2025.06.09 20:00;4;21.8125;-200;-200;0;206;0;
2352;2025.06.09 20:15;4;22;-200;-200;0;206;0;
2353;2025.06.09 20:30;4;22.0625;-200;-200;0;206;0;
2354;2025.06.09 20:45;4;22;-200;-200;0;206;0;
2355;2025.06.09 21:00;4;21.875;-200;-200;0;206;0;
2356;2025.06.09 21:15;4;21.625;-200;-200;0;206;0;
2357;2025.06.09 21:30;4;21.5;-200;-200;0;206;0;
2358;2025.06.09 21:45;4;21.25;-200;-200;0;206;0;
2359;2025.06.09 22:00;4;21.125;-200;-200;0;206;0;
2360;2025.06.09 22:15;4;20.9375;-200;-200;0;206;0;
2361;2025.06.09 22:30;4;20.8125;-200;-200;0;206;0;
2362;2025.06.09 22:45;4;20.6875;-200;-200;0;206;0;
2363;2025.06.09 23:00;4;20.625;-200;-200;0;206;0;
2364;2025.06.09 23:15;4;20.5;-200;-200;0;206;0;
2365;2025.06.09 23:30;4;20.4375;-200;-200;0;206;0;
2366;2025.06.09 23:45;4;20.375;-200;-200;0;206;0;
2367;2025.06.10 00:00;4;20.375;-200;-200;0;206;0;
2368;2025.06.10 00:15;4;20.375;-200;-200;0;206;0;
2369;2025.06.10 00:30;4;20.5;-200;-200;0;206;0;
2370;2025.06.10 00:45;4;20.5625;-200;-200;0;206;0;
2371;2025.06.10 01:00;4;20.625;-200;-200;0;206;0;
2372;2025.06.10 01:15;4;20.75;-200;-200;0;206;0;
2373;2025.06.10 01:30;4;21;-200;-200;0;206;0;
2374;2025.06.10 01:45;4;21.1875;-200;-200;0;206;0;
2375;2025.06.10 02:00;4;21.375;-200;-200;0;206;0;
2376;2025.06.10 02:15;4;21.625;-200;-200;0;206;0;
2377;2025.06.10 02:30;4;21.8125;-200;-200;0;206;0;
2378;2025.06.10 02:45;4;22;-200;-200;0;206;0;
2379;2025.06.10 03:00;4;22.125;-200;-200;0;206;0;
2380;2025.06.10 03:15;4;22.25;-200;-200;0;206;0;
2381;2025.06.10 03:30;4;22.375;-200;-200;0;206;0;
2382;2025.06.10 03:45;4;22.4375;-200;-200;0;206;0;
2383;2025.06.10 04:00;4;22.5;-200;-200;0;206;0;
2384;2025.06.10 04:15;4;22.5;-200;-200;0;206;0;
2385;2025.06.10 04:30;4;22.375;-200;-200;0;206;0;
2386;2025.06.10 04:45;4;22.375;-200;-200;0;206;0;
2387;2025.06.10 05:00;4;22.25;-200;-200;0;206;0;
2388;2025.06.10 05:15;4;22.125;-200;-200;0;206;0;
2389;2025.06.10 05:30;4;22;-200;-200;0;206;0;
2390;2025.06.10 05:45;4;21.875;-200;-200;0;206;0;
2391;2025.06.10 06:00;4;21.625;-200;-200;0;206;0;
2392;2025.06.10 06:15;4;21.5;-200;-200;0;206;0;
2393;2025.06.10 06:30;4;21.25;-200;-200;0;206;0;
2394;2025.06.10 06:45;4;21.0625;-200;-200;0;206;0;
2395;2025.06.10 07:00;4;20.8125;-200;-200;0;206;0;
2396;2025.06.10 07:15;4;20.625;-200;-200;0;206;0;
2397;2025.06.10 07:30;4;20.375;-200;-200;0;206;0;
2398;2025.06.10 07:45;4;20.125;-200;-200;0;206;0;
2399;2025.06.10 08:00;4;19.8125;-200;-200;0;206;0;
2400;2025.06.10 08:15;4;19.5625;-200;-200;0;206;0;
2401;2025.06.10 08:30;4;19.25;-200;-200;0;206;0;
2402;2025.06.10 08:45;4;19;-200;-200;0;206;0;
2403;2025.06.10 09:00;4;18.75;-200;-200;0;206;0;
2404;2025.06.10 09:15;4;18.375;-200;-200;0;206;0;
2405;2025.06.10 09:30;4;18.125;-200;-200;0;206;0;
2406;2025.06.10 09:45;4;17.8125;-200;-200;0;206;0;
2407;2025.06.10 10:00;4;17.5;-200;-200;0;206;0;
2408;2025.06.10 10:15;4;17.25;-200;-200;0;206;0;
2409;2025.06.10 10:30;4;16.875;-200;-200;0;206;0;
2410;2025.06.10 10:45;4;16.625;-200;-200;0;206;0;
2411;2025.06.10 11:00;4;16.3125;-200;-200;0;206;0;
2412;2025.06.10 11:15;4;16;-200;-200;0;206;0;
2413;2025.06.10 11:30;4;15.75;-200;-200;0;206;0;
2414;2025.06.10 11:45;4;15.4375;-200;-200;0;206;0;
2415;2025.06.10 12:00;4;15.125;-200;-200;0;206;0;
2416;2025.06.10 12:15;4;14.875;-200;-200;0;206;0;
2417;2025.06.10 12:30;4;14.5625;-200;-200;0;206;0;
2418;2025.06.10 12:45;4;14.25;-200;-200;0;206;0;
2419;2025.06.10 13:00;4;14;-200;-200;0;206;0;
2420;2025.06.10 13:15;4;13.75;-200;-200;0;206;0;
2421;2025.06.10 13:30;4;13.5;-200;-200;0;206;0;
2422;2025.06.10 13:45;4;13.3125;-200;-200;0;206;0;
2423;2025.06.10 14:00;4;13.125;-200;-200;0;206;0;
2424;2025.06.10 14:15;4;13;-200;-200;0;206;0;
2425;2025.06.10 14:30;4;12.875;-200;-200;0;206;0;
2426;2025.06.10 14:45;4;12.875;-200;-200;0;206;0;
2427;2025.06.10 15:00;4;12.875;-200;-200;0;206;0;
2428;2025.06.10 15:15;4;13.0625;-200;-200;0;206;0;
2429;2025.06.10 15:30;4;13.25;-200;-200;0;206;0;
2430;2025.06.10 15:45;4;13.875;-200;-200;0;206;0;
2431;2025.06.10 16:00;4;14;-200;-200;0;206;0;
2432;2025.06.10 16:15;4;14.125;-200;-200;0;206;0;
2433;2025.06.10 16:30;4;14.375;-200;-200;0;206;0;
2434;2025.06.10 16:45;4;14.625;-200;-200;0;206;0;
2435;2025.06.10 17:00;4;14.9375;-200;-200;0;206;0;
2436;2025.06.10 17:15;4;15.25;-200;-200;0;206;0;
2437;2025.06.10 17:30;4;15.5625;-200;-200;0;206;0;
2438;2025.06.10 17:45;4;15.875;-200;-200;0;206;0;
2439;2025.06.10 18:00;4;16.25;-200;-200;0;206;0;
2440;2025.06.10 18:15;4;16.625;-200;-200;0;206;0;
2441;2025.06.10 18:30;4;17.0625;-200;-200;0;206;0;
2442;2025.06.10 18:45;4;17.5;-200;-200;0;206;0;
2443;2025.06.10 19:00;4;17.6875;-200;-200;0;206;0;
2444;2025.06.10 19:15;4;17.75;-200;-200;0;206;0;
2445;2025.06.10 19:30;4;18.375;-200;-200;0;206;0;
2446;2025.06.10 19:45;4;18.75;-200;-200;0;206;0;
2447;2025.06.10 20:00;4;19.25;-200;-200;0;206;0;
2448;2025.06.10 20:15;4;19.875;-200;-200;0;206;0;
2449;2025.06.10 20:30;4;20.5;-200;-200;0;206;0;
2450;2025.06.10 20:45;4;20.6875;-200;-200;0;206;0;
2451;2025.06.10 21:00;4;20.75;-200;-200;0;206;0;
2452;2025.06.10 21:15;4;21.1875;-200;-200;0;206;0;
2453;2025.06.10 21:30;4;21.25;-200;-200;0;206;0;
2454;2025.06.10 21:45;4;21.25;-200;-200;0;206;0;
2455;2025.06.10 22:00;4;21.1875;-200;-200;0;206;0;
2456;2025.06.10 22:15;4;21.8125;-200;-200;0;206;0;
2457;2025.06.10 22:30;4;22.375;-200;-200;0;206;0;
2458;2025.06.10 22:45;4;22.125;-200;-200;0;206;0;
2459;2025.06.10 23:00;4;22.125;-200;-200;0;206;0;
2460;2025.06.10 23:15;4;22.5;-200;-200;0;206;0;
2461;2025.06.10 23:30;4;23.1875;-200;-200;0;206;0;
2462;2025.06.10 23:45;4;23.375;-200;-200;0;206;0;
2463;2025.06.11 00:00;4;23.5625;-200;-200;0;206;0;
2464;2025.06.11 00:15;4;23.875;-200;-200;0;206;0;
2465;2025.06.11 00:30;4;24;-200;-200;0;206;0;
2466;2025.06.11 00:45;4;24.1875;-200;-200;0;206;0;
2467;2025.06.11 01:00;4;24.25;-200;-200;0;206;0;
2468;2025.06.11 01:15;4;24.25;-200;-200;0;206;0;
2469;2025.06.11 01:30;4;24.125;-200;-200;0;206;0;
2470;2025.06.11 01:45;4;24.0625;-200;-200;0;206;0;
2471;2025.06.11 02:00;4;23.9375;-200;-200;0;206;0;
2472;2025.06.11 02:15;4;23.75;-200;-200;0;206;0;
2473;2025.06.11 02:30;4;23.5;-200;-200;0;206;0;
2474;2025.06.11 02:45;4;23.25;-200;-200;0;206;0;
2475;2025.06.11 03:00;4;23;-200;-200;0;206;0;
2476;2025.06.11 03:15;4;22.625;-200;-200;0;206;0;
2477;2025.06.11 03:30;4;22.25;-200;-200;0;206;0;
2478;2025.06.11 03:45;4;21.875;-200;-200;0;206;0;
2479;2025.06.11 04:00;4;21.5;-200;-200;0;206;0;
2480;2025.06.11 04:15;4;21.125;-200;-200;0;206;0;
2481;2025.06.11 04:30;4;20.75;-200;-200;0;206;0;
2482;2025.06.11 04:45;4;20.375;-200;-200;0;206;0;
2483;2025.06.11 05:00;4;19.9375;-200;-200;0;206;0;
2484;2025.06.11 05:15;4;19.5;-200;-200;0;206;0;
2485;2025.06.11 05:30;4;19.125;-200;-200;0;206;0;
2486;2025.06.11 05:45;4;18.6875;-200;-200;0;206;0;
2487;2025.06.11 06:00;4;18.25;-200;-200;0;206;0;
2488;2025.06.11 06:15;4;17.875;-200;-200;0;206;0;
2489;2025.06.11 06:30;4;17.5;-200;-200;0;206;0;
2490;2025.06.11 06:45;4;17.0625;-200;-200;0;206;0;
2491;2025.06.11 07:00;4;16.625;-200;-200;0;206;0;
2492;2025.06.11 07:15;4;16.25;-200;-200;0;206;0;
2493;2025.06.11 07:30;4;15.875;-200;-200;0;206;0;
2494;2025.06.11 07:45;4;15.5;-200;-200;0;206;0;
2495;2025.06.11 08:00;4;15.125;-200;-200;0;206;0;
2496;2025.06.11 08:15;4;14.8125;-200;-200;0;206;0;
2497;2025.06.11 08:30;4;14.5;-200;-200;0;206;0;
2498;2025.06.11 08:45;4;14.125;-200;-200;0;206;0;
2499;2025.06.11 09:00;4;13.8125;-200;-200;0;206;0;
2500;2025.06.11 09:15;4;13.5;-200;-200;0;206;0;
2501;2025.06.11 09:30;4;13.125;-200;-200;0;206;0;
2502;2025.06.11 09:45;4;12.875;-200;-200;0;206;0;
2503;2025.06.11 10:00;4;12.5625;-200;-200;0;206;0;
2504;2025.06.11 10:15;4;12.25;-200;-200;0;206;0;
2505;2025.06.11 10:30;4;12;-200;-200;0;206;0;
2506;2025.06.11 10:45;4;11.6875;-200;-200;0;206;0;
2507;2025.06.11 11:00;4;11.375;-200;-200;0;206;0;
2508;2025.06.11 11:15;4;11.125;-200;-200;0;206;0;
2509;2025.06.11 11:30;4;10.875;-200;-200;0;206;0;
2510;2025.06.11 11:45;4;10.625;-200;-200;0;206;0;
2511;2025.06.11 12:00;4;10.375;-200;-200;0;206;0;
2512;2025.06.11 12:15;4;10.125;-200;-200;0;206;0;
2513;2025.06.11 12:30;4;9.875;-200;-200;0;206;0;
2514;2025.06.11 12:45;4;9.75;-200;-200;0;206;0;
2515;2025.06.11 13:00;4;9.625;-200;-200;0;206;0;
2516;2025.06.11 13:15;4;9.5;-200;-200;0;206;0;
2517;2025.06.11 13:30;4;9.5;-200;-200;0;206;0;
2518;2025.06.11 13:45;4;9.5;-200;-200;0;206;0;
2519;2025.06.11 14:00;4;9.75;-200;-200;0;206;0;
2520;2025.06.11 14:15;4;10.5;-200;-200;0;206;0;
2521;2025.06.11 14:30;4;11.625;-200;-200;0;206;0;
2522;2025.06.11 14:45;4;12.25;-200;-200;0;206;0;
2523;2025.06.11 15:00;4;15.5;-200;-200;0;206;0;
2524;2025.06.11 15:15;4;16;-200;-200;0;206;0;
2525;2025.06.11 15:30;4;16.25;-200;-200;0;206;0;
2526;2025.06.11 15:45;4;16.5;-200;-200;0;206;0;
2527;2025.06.11 16:00;4;16.75;-200;-200;0;206;0;
2528;2025.06.11 16:15;4;16.875;-200;-200;0;206;0;
2529;2025.06.11 16:30;4;17.125;-200;-200;0;206;0;
2530;2025.06.11 16:45;4;17.25;-200;-200;0;206;0;
2531;2025.06.11 17:00;4;17.375;-200;-200;0;206;0;
2532;2025.06.11 17:15;4;17.5;-200;-200;0;206;0;
2533;2025.06.11 17:30;4;17.625;-200;-200;0;206;0;
2534;2025.06.11 17:45;4;17.75;-200;-200;0;206;0;
2535;2025.06.11 18:00;4;17.875;-200;-200;0;206;0;
2536;2025.06.11 18:15;4;18;-200;-200;0;206;0;
2537;2025.06.11 18:30;4;18.125;-200;-200;0;206;0;
2538;2025.06.11 18:45;4;18.125;-200;-200;0;206;0;
2539;2025.06.11 19:00;4;18.25;-200;-200;0;206;0;
2540;2025.06.11 19:15;4;18.375;-200;-200;0;206;0;
2541;2025.06.11 19:30;4;18.375;-200;-200;0;206;0;
2542;2025.06.11 19:45;4;18.5;-200;-200;0;206;0;
2543;2025.06.11 20:00;4;18.5625;-200;-200;0;206;0;
2544;2025.06.11 20:15;4;18.625;-200;-200;0;206;0;
2545;2025.06.11 20:30;4;18.625;-200;-200;0;206;0;
2546;2025.06.11 20:45;4;18.75;-200;-200;0;206;0;
2547;2025.06.11 21:00;4;18.75;-200;-200;0;206;0;
2548;2025.06.11 21:15;4;18.8125;-200;-200;0;206;0;
2549;2025.06.11 21:30;4;18.875;-200;-200;0;206;0;
2550;2025.06.11 21:45;4;18.9375;-200;-200;0;206;0;
2551;2025.06.11 22:00;4;19;-200;-200;0;206;0;
2552;2025.06.11 22:15;4;19;-200;-200;0;206;0;
2553;2025.06.11 22:30;4;19.125;-200;-200;0;206;0;
2554;2025.06.11 22:45;4;19.125;-200;-200;0;206;0;
2555;2025.06.11 23:00;4;19.125;-200;-200;0;206;0;
2556;2025.06.11 23:15;4;19.25;-200;-200;0;206;0;
2557;2025.06.11 23:30;4;19.25;-200;-200;0;206;0;
2558;2025.06.11 23:45;4;19.25;-200;-200;0;206;0;
2559;2025.06.12 00:00;4;19.3125;-200;-200;0;206;0;
2560;2025.06.12 00:15;4;19.375;-200;-200;0;206;0;
2561;2025.06.12 00:30;4;19.375;-200;-200;0;206;0;
2562;2025.06.12 00:45;4;19.5;-200;-200;0;206;0;
2563;2025.06.12 01:00;4;19.5;-200;-200;0;206;0;
2564;2025.06.12 01:15;4;19.5625;-200;-200;0;206;0;
2565;2025.06.12 01:30;4;19.625;-200;-200;0;206;0;
2566;2025.06.12 01:45;4;19.625;-200;-200;0;206;0;
2567;2025.06.12 02:00;4;19.625;-200;-200;0;206;0;
2568;2025.06.12 02:15;4;19.625;-200;-200;0;206;0;
2569;2025.06.12 02:30;4;19.75;-200;-200;0;206;0;
2570;2025.06.12 02:45;4;19.75;-200;-200;0;206;0;
2571;2025.06.12 03:00;4;19.75;-200;-200;0;206;0;
2572;2025.06.12 03:15;4;19.75;-200;-200;0;206;0;
2573;2025.06.12 03:30;4;19.75;-200;-200;0;206;0;
2574;2025.06.12 03:45;4;19.8125;-200;-200;0;206;0;
2575;2025.06.12 04:00;4;19.8125;-200;-200;0;206;0;
2576;2025.06.12 04:15;4;19.875;-200;-200;0;206;0;
2577;2025.06.12 04:30;4;19.875;-200;-200;0;206;0;
2578;2025.06.12 04:45;4;19.875;-200;-200;0;206;0;
2579;2025.06.12 05:00;4;19.875;-200;-200;0;206;0;
2580;2025.06.12 05:15;4;19.875;-200;-200;0;206;0;
2581;2025.06.12 05:30;4;19.875;-200;-200;0;206;0;
2582;2025.06.12 05:45;4;19.875;-200;-200;0;206;0;
2583;2025.06.12 06:00;4;19.875;-200;-200;0;206;0;
2584;2025.06.12 06:15;4;19.875;-200;-200;0;206;0;
2585;2025.06.12 06:30;4;19.875;-200;-200;0;206;0;
2586;2025.06.12 06:45;4;19.875;-200;-200;0;206;0;
2587;2025.06.12 07:00;4;19.8125;-200;-200;0;206;0;
2588;2025.06.12 07:15;4;19.8125;-200;-200;0;206;0;
2589;2025.06.12 07:30;4;19.8125;-200;-200;0;206;0;
2590;2025.06.12 07:45;4;19.75;-200;-200;0;206;0;
2591;2025.06.12 08:00;4;19.75;-200;-200;0;206;0;
2592;2025.06.12 08:15;4;19.75;-200;-200;0;206;0;
2593;2025.06.12 08:30;4;19.75;-200;-200;0;206;0;
2594;2025.06.12 08:45;4;19.75;-200;-200;0;206;0;
2595;2025.06.12 09:00;4;19.75;-200;-200;0;206;0;
2596;2025.06.12 09:15;4;19.6875;-200;-200;0;206;0;
2597;2025.06.12 09:30;4;19.6875;-200;-200;0;206;0;
2598;2025.06.12 09:45;4;19.625;-200;-200;0;206;0;
2599;2025.06.12 10:00;4;19.625;-200;-200;0;206;0;
2600;2025.06.12 10:15;4;19.625;-200;-200;0;206;0;
2601;2025.06.12 10:30;4;19.625;-200;-200;0;206;0;
2602;2025.06.12 10:45;4;19.5625;-200;-200;0;206;0;
2603;2025.06.12 11:00;4;19.5;-200;-200;0;206;0;
2604;2025.06.12 11:15;4;19.5;-200;-200;0;206;0;
2605;2025.06.12 11:30;4;19.5;-200;-200;0;206;0;
2606;2025.06.12 11:45;4;19.4375;-200;-200;0;206;0;
2607;2025.06.12 12:00;4;19.375;-200;-200;0;206;0;
2608;2025.06.12 12:15;4;19.375;-200;-200;0;206;0;
2609;2025.06.12 12:30;4;19.3125;-200;-200;0;206;0;
2610;2025.06.12 12:45;4;19.25;-200;-200;0;206;0;
2611;2025.06.12 13:00;4;19.25;-200;-200;0;206;0;
2612;2025.06.12 13:15;4;19.25;-200;-200;0;206;0;
2613;2025.06.12 13:30;4;19.25;-200;-200;0;206;0;
2614;2025.06.12 13:45;4;19.25;-200;-200;0;206;0;
2615;2025.06.12 14:00;4;19.25;-200;-200;0;206;0;
2616;2025.06.12 14:15;4;19.25;-200;-200;0;206;0;
2617;2025.06.12 14:30;4;19.25;-200;-200;0;206;0;
2618;2025.06.12 14:45;4;19.25;-200;-200;0;206;0;
2619;2025.06.12 15:00;4;19.625;-200;-200;0;206;0;
2620;2025.06.12 15:15;4;20.375;-200;-200;0;206;0;
2621;2025.06.12 15:30;4;21;-200;-200;0;206;0;
2622;2025.06.12 15:45;4;21.5;-200;-200;0;206;0;
2623;2025.06.12 16:00;4;21.9375;-200;-200;0;206;0;
2624;2025.06.12 16:15;4;22.3125;-200;-200;0;206;0;
2625;2025.06.12 16:30;4;22.625;-200;-200;0;206;0;
2626;2025.06.12 16:45;4;23;-200;-200;0;206;0;
2627;2025.06.12 17:00;4;23.25;-200;-200;0;206;0;
2628;2025.06.12 17:15;4;23.875;-200;-200;0;206;0;
2629;2025.06.12 17:30;4;26;-200;-200;0;206;0;
2630;2025.06.12 17:45;4;27.875;-200;-200;0;206;0;
2631;2025.06.12 18:00;4;27;-200;-200;0;206;0;
2632;2025.06.12 18:15;4;31.1875;-200;-200;0;206;0;
2633;2025.06.12 18:30;4;34.1875;-200;-200;0;206;0;
2634;2025.06.12 18:45;4;33.125;-200;-200;0;206;0;
2635;2025.06.12 19:00;4;28.875;-200;-200;0;206;0;
2636;2025.06.12 19:15;4;26.75;-200;-200;1773;206;0;
2637;2025.06.12 19:30;4;25.5;-200;-200;1773;206;0;
2638;2025.06.12 19:45;-24;25.25;-200;-200;1796;206;0;
2639;2025.06.12 20:00;-24;26;-200;-200;1796;206;0;
2640;2025.06.12 20:15;-24;26.0625;-200;-200;1796;206;0;
2641;2025.06.12 20:30;-24;25.875;-200;-200;1796;206;0;
2642;2025.06.12 20:45;-24;25.75;-200;-200;1796;206;0;
2643;2025.06.12 21:00;-24;26.375;-200;-200;1796;206;0;
2644;2025.06.12 21:15;-24;25.875;-200;-200;1796;206;0;
2645;2025.06.12 21:30;-24;26.125;-200;-200;1796;206;0;
2646;2025.06.12 21:45;-24;25.625;-200;-200;1796;206;0;
2647;2025.06.12 22:00;-24;25.5625;-200;-200;1796;206;0;
2648;2025.06.12 22:15;-24;26.375;-200;-200;1795;206;0;
2649;2025.06.12 22:30;-24;24.75;-200;-200;1795;206;0;
2650;2025.06.12 22:45;-24;24.625;-200;-200;1795;206;0;
2651;2025.06.12 23:00;-24;24.1875;-200;-200;1795;206;0;
2652;2025.06.12 23:15;-24;25.125;-200;-200;1794;206;0;
2653;2025.06.12 23:30;-24;25;-200;-200;1794;206;0;
2654;2025.06.12 23:45;-24;24.375;-200;-200;1794;206;0;
2655;2025.06.13 00:00;-24;23.5;-200;-200;1793;206;0;
2656;2025.06.13 00:15;-24;22.625;-200;-200;1793;206;0;
2657;2025.06.13 00:30;-24;21.75;-200;-200;1793;206;0;
2658;2025.06.13 00:45;-24;21.375;-200;-200;1793;206;0;
2659;2025.06.13 01:00;-24;21;-200;-200;1793;206;0;
2660;2025.06.13 01:15;-24;20.25;-200;-200;1792;206;0;
2661;2025.06.13 01:30;-24;19.625;-200;-200;1792;206;0;
2662;2025.06.13 01:45;-24;18.375;-200;-200;1792;206;0;
2663;2025.06.13 02:00;-24;16.875;-200;-200;1792;206;0;
2664;2025.06.13 02:15;-24;15.625;-200;-200;1792;206;0;
2665;2025.06.13 02:30;-24;13.9375;-200;-200;1792;206;0;
2666;2025.06.13 02:45;-24;12.5;-200;-200;1792;206;0;
2667;2025.06.13 03:00;-24;11.375;-200;-200;1791;206;0;
2668;2025.06.13 03:15;-24;10.5;-200;-200;1791;206;0;
2669;2025.06.13 03:30;-24;9.8125;-200;-200;1791;206;0;
2670;2025.06.13 03:45;-24;9.3125;-200;-200;1791;206;0;
2671;2025.06.13 04:00;-24;8.75;-200;-200;1791;206;0;
2672;2025.06.13 04:15;-24;8.25;-200;-200;1791;206;0;
2673;2025.06.13 04:30;-24;7.75;-200;-200;1791;206;0;
2674;2025.06.13 04:45;-24;7.4375;-200;-200;1791;206;0;
2675;2025.06.13 05:00;-24;7.125;-200;-200;1791;206;0;
2676;2025.06.13 05:15;-24;6.875;-200;-200;1791;206;0;
2677;2025.06.13 05:30;-24;6.625;-200;-200;1791;206;0;
2678;2025.06.13 05:45;-24;6.375;-200;-200;1791;206;0;
2679;2025.06.13 06:00;-24;6.125;-200;-200;1791;206;0;
2680;2025.06.13 06:15;-24;5.875;-200;-200;1791;206;0;
2681;2025.06.13 06:30;-24;5.6875;-200;-200;1791;206;0;
2682;2025.06.13 06:45;-24;5.625;-200;-200;1791;206;0;
2683;2025.06.13 07:00;-24;5.5625;-200;-200;1791;206;0;
2684;2025.06.13 07:15;-24;5.4375;-200;-200;1791;206;0;
2685;2025.06.13 07:30;-24;5.375;-200;-200;1791;206;0;
2686;2025.06.13 07:45;-24;5.3125;-200;-200;1791;206;0;
2687;2025.06.13 08:00;-24;5.0625;-200;-200;1791;206;0;
2688;2025.06.13 08:15;-24;5.1875;-200;-200;1791;206;0;
2689;2025.06.13 08:30;-24;5.5;-200;-200;1791;206;0;
2690;2025.06.13 08:45;-24;5.375;-200;-200;1791;206;0;
2691;2025.06.13 09:00;-24;5.125;-200;-200;1791;206;0;
2692;2025.06.13 09:15;-24;5;-200;-200;1791;206;0;
2693;2025.06.13 09:30;-24;4.875;-200;-200;1791;206;0;
2694;2025.06.13 09:45;-24;4.8125;-200;-200;1791;206;0;
2695;2025.06.13 10:00;-24;4.625;-200;-200;1791;206;0;
2696;2025.06.13 10:15;-24;4.5;-200;-200;1791;206;0;
2697;2025.06.13 10:30;-24;4.25;-200;-200;1791;206;0;
2698;2025.06.13 10:45;-24;4.0625;-200;-200;1791;206;0;
2699;2025.06.13 11:00;-24;4;-200;-200;1791;206;0;
2700;2025.06.13 11:15;-24;3.8125;-200;-200;1790;206;0;
2701;2025.06.13 11:30;-24;3.75;-200;-200;1791;206;0;
2702;2025.06.13 11:45;-24;3.625;-200;-200;1791;206;0;
2703;2025.06.13 12:00;-24;3.5;-200;-200;1791;206;0;
2704;2025.06.13 12:15;-24;3.5;-200;-200;1790;206;0;
2705;2025.06.13 12:30;-24;3.625;-200;-200;1790;206;0;
2706;2025.06.13 12:45;-24;3.875;-200;-200;1791;206;0;
2707;2025.06.13 13:00;-24;4.25;-200;-200;1790;206;0;
2708;2025.06.13 13:15;-24;5.25;-200;-200;1790;206;0;
2709;2025.06.13 13:30;-24;11;-200;-200;1790;206;0;
2710;2025.06.13 13:45;-24;14.375;-200;-200;1790;206;0;
2711;2025.06.13 14:00;-24;15.625;-200;-200;1789;206;0;
2712;2025.06.13 14:15;-24;22.75;-200;-200;1788;206;0;
2713;2025.06.13 14:30;-24;27;-200;-200;1787;206;0;
2714;2025.06.13 14:45;-24;29.75;-200;-200;1787;206;0;
2715;2025.06.13 15:00;-24;29.125;-200;-200;1787;206;0;
2716;2025.06.13 15:15;-24;26.5;-200;-200;1787;206;0;
2717;2025.06.13 15:30;-24;25.25;-200;-200;1787;206;0;
2718;2025.06.13 15:45;-24;25.375;-200;-200;1787;206;0;
2719;2025.06.13 16:00;-24;23.875;-200;-200;1787;206;0;
2720;2025.06.13 16:15;-24;23.5;-200;-200;1787;206;0;
2721;2025.06.13 16:30;-24;22.625;-200;-200;1787;206;0;
2722;2025.06.13 16:45;-24;21.6875;-200;-200;1787;206;0;
2723;2025.06.13 17:00;-24;23.375;-200;-200;1787;206;0;
2724;2025.06.13 17:15;-24;26.25;-200;-200;1786;206;0;
2725;2025.06.13 17:30;-24;27.1875;-200;-200;1786;206;0;
2726;2025.06.13 17:45;-24;27.125;-200;-200;1786;206;0;
2727;2025.06.13 18:00;-24;27.25;-200;-200;1786;206;0;
2728;2025.06.13 18:15;-24;27.3125;-200;-200;1786;206;0;
2729;2025.06.13 18:30;-24;26.125;-200;-200;1786;206;0;
2730;2025.06.13 18:45;-24;25.25;-200;-200;1786;206;0;
2731;2025.06.13 19:00;-24;24.375;-200;-200;1786;206;0;
2732;2025.06.13 19:15;-24;24.125;-200;-200;1786;206;0;
2733;2025.06.13 19:30;-24;23.875;-200;-200;1786;206;0;
2734;2025.06.13 19:45;-24;23.75;-200;-200;1786;206;0;
2735;2025.06.13 20:00;-24;23.75;-200;-200;1786;206;0;
2736;2025.06.13 20:15;-24;23.875;-200;-200;1786;206;0;
2737;2025.06.13 20:30;-24;24.25;-200;-200;1786;206;0;
2738;2025.06.13 20:45;-24;24.375;-200;-200;1786;206;0;
2739;2025.06.13 21:00;-24;24.75;-200;-200;1786;206;0;
2740;2025.06.13 21:15;-24;25.3125;-200;-200;1786;206;0;
2741;2025.06.13 21:30;-24;25.3125;-200;-200;1786;206;0;
2742;2025.06.13 21:45;-24;25.75;-200;-200;1786;206;0;
2743;2025.06.13 22:00;-24;26.625;-200;-200;1786;206;0;
2744;2025.06.13 22:15;-24;26.25;-200;-200;1786;206;0;
2745;2025.06.13 22:30;-24;25.125;-200;-200;1786;206;0;
2746;2025.06.13 22:45;-24;25.125;-200;-200;1786;206;0;
2747;2025.06.13 23:00;-24;24.5;-200;-200;1786;206;0;
2748;2025.06.13 23:15;-24;25.125;-200;-200;1786;206;0;
2749;2025.06.13 23:30;-24;25.125;-200;-200;1786;206;0;
2750;2025.06.13 23:45;-24;24.375;-200;-200;1786;206;0;
2751;2025.06.14 00:00;-24;24.375;-200;-200;1786;206;0;
2752;2025.06.14 00:15;-24;23.0625;-200;-200;1786;206;0;
2753;2025.06.14 00:30;-24;22.25;-200;-200;1786;206;0;
2754;2025.06.14 00:45;-24;21.25;-200;-200;1786;206;0;
2755;2025.06.14 01:00;-24;20.875;-200;-200;1786;206;0;
2756;2025.06.14 01:15;-24;20.1875;-200;-200;1785;206;0;
2757;2025.06.14 01:30;-24;19.25;-200;-200;1785;206;0;
2758;2025.06.14 01:45;-24;18.1875;-200;-200;1785;206;0;
2759;2025.06.14 02:00;-24;16.9375;-200;-200;1785;206;0;
2760;2025.06.14 02:15;-24;15.375;-200;-200;1785;206;0;
2761;2025.06.14 02:30;-24;13.75;-200;-200;1785;206;0;
2762;2025.06.14 02:45;-24;12.25;-200;-200;1785;206;0;
2763;2025.06.14 03:00;-24;11.0625;-200;-200;1784;206;0;
2764;2025.06.14 03:15;-24;10.125;-200;-200;1784;206;0;
2765;2025.06.14 03:30;-24;9.3125;-200;-200;1784;206;0;
2766;2025.06.14 03:45;-24;8.625;-200;-200;1784;206;0;
2767;2025.06.14 04:00;-24;8.125;-200;-200;1784;206;0;
2768;2025.06.14 04:15;-24;7.625;-200;-200;1784;206;0;
2769;2025.06.14 04:30;-24;7.25;-200;-200;1784;206;0;
2770;2025.06.14 04:45;-24;6.875;-200;-200;1784;206;0;
2771;2025.06.14 05:00;-24;6.625;-200;-200;1784;206;0;
2772;2025.06.14 05:15;-24;6.375;-200;-200;1784;206;0;
2773;2025.06.14 05:30;-24;6.25;-200;-200;1784;206;0;
2774;2025.06.14 05:45;-24;6.0625;-200;-200;1784;206;0;
2775;2025.06.14 06:00;-24;5.875;-200;-200;1784;206;0;
2776;2025.06.14 06:15;-24;5.6875;-200;-200;1784;206;0;
2777;2025.06.14 06:30;-24;5.5;-200;-200;1784;206;0;
2778;2025.06.14 06:45;-24;5.3125;-200;-200;1784;206;0;
2779;2025.06.14 07:00;-24;5.125;-200;-200;1784;206;0;
2780;2025.06.14 07:15;-24;5;-200;-200;1784;206;0;
2781;2025.06.14 07:30;-24;4.875;-200;-200;1784;206;0;
2782;2025.06.14 07:45;-24;4.75;-200;-200;1784;206;0;
2783;2025.06.14 08:00;-24;4.5625;-200;-200;1784;206;0;
2784;2025.06.14 08:15;-24;4.375;-200;-200;1784;206;0;
2785;2025.06.14 08:30;-24;4.1875;-200;-200;1784;206;0;
2786;2025.06.14 08:45;-24;4.125;-200;-200;1784;206;0;
2787;2025.06.14 09:00;-24;4;-200;-200;1784;206;0;
2788;2025.06.14 09:15;-24;3.875;-200;-200;1784;206;0;
2789;2025.06.14 09:30;-24;3.875;-200;-200;1784;206;0;
2790;2025.06.14 09:45;-24;3.75;-200;-200;1784;206;0;
2791;2025.06.14 10:00;-24;3.625;-200;-200;1784;206;0;
2792;2025.06.14 10:15;-24;3.5;-200;-200;1784;206;0;
2793;2025.06.14 10:30;-24;3.3125;-200;-200;1784;206;0;
2794;2025.06.14 10:45;-24;3.125;-200;-200;1784;206;0;
2795;2025.06.14 11:00;-24;3.0625;-200;-200;1784;206;0;
2796;2025.06.14 11:15;-24;2.875;-200;-200;1784;206;0;
2797;2025.06.14 11:30;-24;2.75;-200;-200;1784;206;0;
2798;2025.06.14 11:45;-24;2.75;-200;-200;1784;206;0;
2799;2025.06.14 12:00;-24;2.6875;-200;-200;1784;206;0;
2800;2025.06.14 12:15;-24;2.75;-200;-200;1784;206;0;
2801;2025.06.14 12:30;-24;2.875;-200;-200;1784;206;0;
2802;2025.06.14 12:45;-24;3.25;-200;-200;1784;206;0;
2803;2025.06.14 13:00;-24;3.875;-200;-200;1784;206;0;
2804;2025.06.14 13:15;-24;4.8125;-200;-200;1784;206;0;
2805;2025.06.14 13:30;-24;9.125;-200;-200;1782;206;0;
2806;2025.06.14 13:45;-24;14.625;-200;-200;1781;206;0;
2807;2025.06.14 14:00;-24;17.125;-200;-200;1781;206;0;
2808;2025.06.14 14:15;-24;24.625;-200;-200;1779;206;0;
2809;2025.06.14 14:30;-24;29.0625;-200;-200;1779;206;0;
2810;2025.06.14 14:45;-24;30.375;-200;-200;1778;206;0;
2811;2025.06.14 15:00;-24;30;-200;-200;1778;206;0;
2812;2025.06.14 15:15;-24;25.875;-200;-200;1778;206;0;
2813;2025.06.14 15:30;-24;25.5;-200;-200;1779;206;0;
2814;2025.06.14 15:45;-24;24.875;-200;-200;1779;206;0;
2815;2025.06.14 16:00;-24;24.75;-200;-200;1779;206;0;
2816;2025.06.14 16:15;-24;24.5;-200;-200;1779;206;0;
2817;2025.06.14 16:30;-24;24.25;-200;-200;1779;206;0;
2818;2025.06.14 16:45;-24;23.125;-200;-200;1779;206;0;
2819;2025.06.14 17:00;-24;24.375;-200;-200;1779;206;0;
2820;2025.06.14 17:15;-24;27.5625;-200;-200;1778;206;0;
2821;2025.06.14 17:30;-24;29.75;-200;-200;1778;206;0;
2822;2025.06.14 17:45;-24;28.75;-200;-200;1778;206;0;
2823;2025.06.14 18:00;-24;28.5;-200;-200;1778;206;0;
2824;2025.06.14 18:15;-24;28;-200;-200;1778;206;0;
2825;2025.06.14 18:30;-24;27.1875;-200;-200;1778;206;0;
2826;2025.06.14 18:45;-24;26.0625;-200;-200;1778;206;0;
2827;2025.06.14 19:00;-24;25.875;-200;-200;1778;206;0;
2828;2025.06.14 19:15;-24;25.375;-200;-200;1778;206;0;
2829;2025.06.14 19:30;-24;25.3125;-200;-200;1779;206;0;
2830;2025.06.14 19:45;-24;25;-200;-200;1778;206;0;
2831;2025.06.14 20:00;-24;25.375;-200;-200;1778;206;0;
2832;2025.06.14 20:15;-24;25.5;-200;-200;1779;206;0;
2833;2025.06.14 20:30;-24;26.25;-200;-200;1779;206;0;
2834;2025.06.14 20:45;-24;24.9375;-200;-200;1779;206;0;
2835;2025.06.14 21:00;-24;26;-200;-200;1778;206;0;
2836;2025.06.14 21:15;-24;26.5;-200;-200;1778;206;0;
2837;2025.06.14 21:30;-24;26;-200;-200;1778;206;0;
2838;2025.06.14 21:45;-24;27.25;-200;-200;1778;206;0;
2839;2025.06.14 22:00;-24;27.75;-200;-200;1778;206;0;
2840;2025.06.14 22:15;-24;27.625;-200;-200;1778;206;0;
2841;2025.06.14 22:30;-24;26.75;-200;-200;1778;206;0;
2842;2025.06.14 22:45;-24;25.75;-200;-200;1778;206;0;
2843;2025.06.14 23:00;-24;25;-200;-200;1778;206;0;
2844;2025.06.14 23:15;-24;26.3125;-200;-200;1778;206;0;
2845;2025.06.14 23:30;-24;26.4375;-200;-200;1778;206;0;
2846;2025.06.14 23:45;-24;25.25;-200;-200;1778;206;0;
2847;2025.06.15 00:00;-24;25.375;-200;-200;1778;206;0;
2848;2025.06.15 00:15;-24;23.8125;-200;-200;1778;206;0;
2849;2025.06.15 00:30;-24;22.75;-200;-200;1778;206;0;
2850;2025.06.15 00:45;-24;21.875;-200;-200;1778;206;0;
2851;2025.06.15 01:00;-24;21;-200;-200;1778;206;0;
2852;2025.06.15 01:15;-24;20.125;-200;-200;1778;206;0;
2853;2025.06.15 01:30;-24;19.1875;-200;-200;1778;206;0;
2854;2025.06.15 01:45;-24;18;-200;-200;1778;206;0;
2855;2025.06.15 02:00;-24;16.625;-200;-200;1778;206;0;
2856;2025.06.15 02:15;-24;15.375;-200;-200;1777;206;0;
2857;2025.06.15 02:30;-24;13.8125;-200;-200;1777;206;0;
2858;2025.06.15 02:45;-24;12.5;-200;-200;1777;206;0;
2859;2025.06.15 03:00;-24;11.3125;-200;-200;1777;206;0;
2860;2025.06.15 03:15;-24;10.25;-200;-200;1777;206;0;
2861;2025.06.15 03:30;-24;9.375;-200;-200;1777;206;0;
2862;2025.06.15 03:45;-24;8.5625;-200;-200;1777;206;0;
2863;2025.06.15 04:00;-24;7.9375;-200;-200;1776;206;0;
2864;2025.06.15 04:15;-24;7.625;-200;-200;1777;206;0;
2865;2025.06.15 04:30;-24;7.4375;-200;-200;1776;206;0;
2866;2025.06.15 04:45;-24;7.125;-200;-200;1776;206;0;
2867;2025.06.15 05:00;-24;6.875;-200;-200;1776;206;0;
2868;2025.06.15 05:15;-24;6.625;-200;-200;1776;206;0;
2869;2025.06.15 05:30;-24;6.375;-200;-200;1776;206;0;
2870;2025.06.15 05:45;-24;6.25;-200;-200;1776;206;0;
2871;2025.06.15 06:00;-24;6.0625;-200;-200;1776;206;0;
2872;2025.06.15 06:15;-24;5.75;-200;-200;1776;206;0;
2873;2025.06.15 06:30;-24;5.5625;-200;-200;1776;206;0;
2874;2025.06.15 06:45;-24;5.4375;-200;-200;1776;206;0;
2875;2025.06.15 07:00;-24;5.375;-200;-200;1776;206;0;
2876;2025.06.15 07:15;-24;5.25;-200;-200;1776;206;0;
2877;2025.06.15 07:30;-24;5.125;-200;-200;1776;206;0;
2878;2025.06.15 07:45;-24;5;-200;-200;1776;206;0;
2879;2025.06.15 08:00;-24;4.875;-200;-200;1776;206;0;
2880;2025.06.15 08:15;-24;4.6875;-200;-200;1776;206;0;
2881;2025.06.15 08:30;-24;4.625;-200;-200;1776;206;0;
2882;2025.06.15 08:45;-24;4.5625;-200;-200;1776;206;0;
2883;2025.06.15 09:00;-24;4.5;-200;-200;1776;206;0;
2884;2025.06.15 09:15;-24;4.4375;-200;-200;1776;206;0;
2885;2025.06.15 09:30;-24;4.3125;-200;-200;1776;206;0;
2886;2025.06.15 09:45;-24;4.25;-200;-200;1776;206;0;
2887;2025.06.15 10:00;-24;4.0625;-200;-200;1776;206;0;
2888;2025.06.15 10:15;-24;3.875;-200;-200;1776;206;0;
2889;2025.06.15 10:30;-24;3.75;-200;-200;1776;206;0;
2890;2025.06.15 10:45;-24;3.5;-200;-200;1776;206;0;
2891;2025.06.15 11:00;-24;3.375;-200;-200;1776;206;0;
2892;2025.06.15 11:15;-24;3.25;-200;-200;1776;206;0;
2893;2025.06.15 11:30;-24;3.0625;-200;-200;1776;206;0;
2894;2025.06.15 11:45;-24;3;-200;-200;1776;206;0;
2895;2025.06.15 12:00;-24;3;-200;-200;1776;206;0;
2896;2025.06.15 12:15;-24;3.0625;-200;-200;1776;206;0;
2897;2025.06.15 12:30;-24;3.3125;-200;-200;1776;206;0;
2898;2025.06.15 12:45;-24;3.75;-200;-200;1776;206;0;
2899;2025.06.15 13:00;-24;4.3125;-200;-200;1776;206;0;
2900;2025.06.15 13:15;-24;5.375;-200;-200;1776;206;0;
2901;2025.06.15 13:30;-24;10.5;-200;-200;1774;206;0;
2902;2025.06.15 13:45;-24;14.0625;-200;-200;1774;206;0;
2903;2025.06.15 14:00;-24;16;-200;-200;1774;206;0;
2904;2025.06.15 14:15;-24;24;-200;-200;1773;206;0;
2905;2025.06.15 14:30;-24;27.8125;-200;-200;1772;206;0;
2906;2025.06.15 14:45;-24;31.3125;-200;-200;1772;206;0;
2907;2025.06.15 15:00;-24;31.5625;-200;-200;1772;206;0;
2908;2025.06.15 15:15;-24;28.5;-200;-200;1772;206;0;
2909;2025.06.15 15:30;-24;27.9375;-200;-200;1772;206;0;
2910;2025.06.15 15:45;-24;27.625;-200;-200;1772;206;0;
2911;2025.06.15 16:00;-24;26.75;-200;-200;1772;206;0;
2912;2025.06.15 16:15;-24;26.875;-200;-200;1772;206;0;
2913;2025.06.15 16:30;-24;26.125;-200;-200;1772;206;0;
2914;2025.06.15 16:45;-24;24.875;-200;-200;1772;206;0;
2915;2025.06.15 17:00;-24;26;-200;-200;1772;206;0;
2916;2025.06.15 17:15;-24;29.375;-200;-200;1772;206;0;
2917;2025.06.15 17:30;-24;30.625;-200;-200;1772;206;0;
2918;2025.06.15 17:45;-24;30.4375;-200;-200;1772;206;0;
2919;2025.06.15 18:00;-24;30.5;-200;-200;1771;206;0;
2920;2025.06.15 18:15;-24;30.125;-200;-200;1771;206;0;
2921;2025.06.15 18:30;-24;29.125;-200;-200;1772;206;0;
2922;2025.06.15 18:45;-24;27.875;-200;-200;1772;206;0;
2923;2025.06.15 19:00;-24;27.625;-200;-200;1772;206;0;
2924;2025.06.15 19:15;-24;27.125;-200;-200;1772;206;0;
2925;2025.06.15 19:30;-24;27;-200;-200;1772;206;0;
2926;2025.06.15 19:45;-24;26.75;-200;-200;1772;206;0;
2927;2025.06.15 20:00;-24;26.75;-200;-200;1772;206;0;
2928;2025.06.15 20:15;-24;27;-200;-200;1772;206;0;
2929;2025.06.15 20:30;-24;27.125;-200;-200;1772;206;0;
2930;2025.06.15 20:45;-24;27.375;-200;-200;1772;206;0;
2931;2025.06.15 21:00;-24;27.625;-200;-200;1772;206;0;
2932;2025.06.15 21:15;-24;27.9375;-200;-200;1772;206;0;
2933;2025.06.15 21:30;-24;28.125;-200;-200;1772;206;0;
2934;2025.06.15 21:45;-24;28.875;-200;-200;1772;206;0;
2935;2025.06.15 22:00;-24;29.375;-200;-200;1771;206;0;
2936;2025.06.15 22:15;-24;29.875;-200;-200;1771;206;0;
2937;2025.06.15 22:30;-24;27.375;-200;-200;1772;206;0;
2938;2025.06.15 22:45;-24;26.625;-200;-200;1772;206;0;
2939;2025.06.15 23:00;-24;26.125;-200;-200;1772;206;0;
2940;2025.06.15 23:15;-24;27.25;-200;-200;1772;206;0;
2941;2025.06.15 23:30;-24;27.625;-200;-200;1772;206;0;
2942;2025.06.15 23:45;-24;26.4375;-200;-200;1772;206;0;
2943;2025.06.16 00:00;-24;26;-200;-200;1772;206;0;
2944;2025.06.16 00:15;-24;24.625;-200;-200;1772;206;0;
2945;2025.06.16 00:30;-24;23.875;-200;-200;1772;206;0;
2946;2025.06.16 00:45;-24;23;-200;-200;1772;206;0;
2947;2025.06.16 01:00;-24;21.875;-200;-200;1772;206;0;
2948;2025.06.16 01:15;-24;21.25;-200;-200;1772;206;0;
2949;2025.06.16 01:30;-24;20;-200;-200;1772;206;0;
2950;2025.06.16 01:45;-24;19;-200;-200;1772;206;0;
2951;2025.06.16 02:00;-24;17.625;-200;-200;1772;206;0;
2952;2025.06.16 02:15;-24;15.875;-200;-200;1772;206;0;
2953;2025.06.16 02:30;-24;14.25;-200;-200;1771;206;0;
2954;2025.06.16 02:45;-24;12.75;-200;-200;1771;206;0;
2955;2025.06.16 03:00;-24;11.5;-200;-200;1771;206;0;
2956;2025.06.16 03:15;-24;10.4375;-200;-200;1771;206;0;
2957;2025.06.16 03:30;-24;9.4375;-200;-200;1771;206;0;
2958;2025.06.16 03:45;-24;8.75;-200;-200;1771;206;0;
2959;2025.06.16 04:00;-24;8.125;-200;-200;1771;206;0;
2960;2025.06.16 04:15;-24;7.75;-200;-200;1771;206;0;
2961;2025.06.16 04:30;-24;7.5;-200;-200;1771;206;0;
2962;2025.06.16 04:45;-24;7.25;-200;-200;1771;206;0;
2963;2025.06.16 05:00;-24;7.125;-200;-200;1771;206;0;
2964;2025.06.16 05:15;-24;6.8125;-200;-200;1771;206;0;
2965;2025.06.16 05:30;-24;6.625;-200;-200;1771;206;0;
2966;2025.06.16 05:45;-24;6.4375;-200;-200;1771;206;0;
2967;2025.06.16 06:00;-24;6.375;-200;-200;1771;206;0;
2968;2025.06.16 06:15;-24;6.125;-200;-200;1771;206;0;
2969;2025.06.16 06:30;-24;5.875;-200;-200;1771;206;0;
2970;2025.06.16 06:45;-24;5.75;-200;-200;1771;206;0;
2971;2025.06.16 07:00;-24;5.875;-200;-200;1771;206;0;
2972;2025.06.16 07:15;-24;5.75;-200;-200;1771;206;0;
2973;2025.06.16 07:30;-24;5.75;-200;-200;1771;206;0;
2974;2025.06.16 07:45;-24;5.75;-200;-200;1771;206;0;
2975;2025.06.16 08:00;-24;5.6875;-200;-200;1771;206;0;
2976;2025.06.16 08:15;-24;5.4375;-200;-200;1771;206;0;
2977;2025.06.16 08:30;-24;5.25;-200;-200;1771;206;0;
2978;2025.06.16 08:45;-24;5;-200;-200;1771;206;0;
2979;2025.06.16 09:00;-24;4.6875;-200;-200;1771;206;0;
2980;2025.06.16 09:15;-24;4.375;-200;-200;1771;206;0;
2981;2025.06.16 09:30;-24;4.25;-200;-200;1771;206;0;
2982;2025.06.16 09:45;-24;4.125;-200;-200;1771;206;0;
2983;2025.06.16 10:00;-24;4;-200;-200;1770;206;0;
2984;2025.06.16 10:15;-24;3.875;-200;-200;1770;206;0;
2985;2025.06.16 10:30;-24;3.875;-200;-200;1771;206;0;
2986;2025.06.16 10:45;-24;3.875;-200;-200;1771;206;0;
2987;2025.06.16 11:00;-24;3.8125;-200;-200;1770;206;0;
2988;2025.06.16 11:15;-24;3.75;-200;-200;1771;206;0;
2989;2025.06.16 11:30;-24;3.625;-200;-200;1771;206;0;
2990;2025.06.16 11:45;-24;3.5;-200;-200;1771;206;0;
2991;2025.06.16 12:00;-24;3.3125;-200;-200;1771;206;0;
2992;2025.06.16 12:15;-24;3.375;-200;-200;1771;206;0;
2993;2025.06.16 12:30;-24;3.3125;-200;-200;1770;206;0;
2994;2025.06.16 12:45;-24;3.625;-200;-200;1770;206;0;
2995;2025.06.16 13:00;-24;4.0625;-200;-200;1770;206;0;
2996;2025.06.16 13:15;-24;5;-200;-200;1770;206;0;
2997;2025.06.16 13:30;-24;10.25;-200;-200;1769;206;0;
2998;2025.06.16 13:45;-24;13.8125;-200;-200;1769;206;0;
2999;2025.06.16 14:00;-24;15.75;-200;-200;1768;206;0;
3000;2025.06.16 14:15;-24;23.375;-200;-200;1767;206;0;
3001;2025.06.16 14:30;-24;28.4375;-200;-200;1767;206;0;
3002;2025.06.16 14:45;-24;30.75;-200;-200;1766;206;0;
3003;2025.06.16 15:00;-24;32;-200;-200;1766;206;0;
3004;2025.06.16 15:15;-24;28.3125;-200;-200;1766;206;0;
3005;2025.06.16 15:30;-24;28.125;-200;-200;1766;206;0;
3006;2025.06.16 15:45;-24;28.125;-200;-200;1766;206;0;
3007;2025.06.16 16:00;-24;27.3125;-200;-200;1766;206;0;
3008;2025.06.16 16:15;-24;26.75;-200;-200;1766;206;0;
3009;2025.06.16 16:30;-24;26.0625;-200;-200;1767;206;0;
3010;2025.06.16 16:45;-24;24.875;-200;-200;1767;206;0;
3011;2025.06.16 17:00;-24;26.25;-200;-200;1767;206;0;
3012;2025.06.16 17:15;-24;29.375;-200;-200;1766;206;0;
3013;2025.06.16 17:30;-24;30;-200;-200;1766;206;0;
3014;2025.06.16 17:45;-24;30.5;-200;-200;1766;206;0;
3015;2025.06.16 18:00;-24;30.25;-200;-200;1765;206;0;
3016;2025.06.16 18:15;-24;29.875;-200;-200;1765;206;0;
3017;2025.06.16 18:30;-24;29.625;-200;-200;1766;206;0;
3018;2025.06.16 18:45;-24;28;-200;-200;1766;206;0;
3019;2025.06.16 19:00;-24;27.5;-200;-200;1766;206;0;
3020;2025.06.16 19:15;-24;26.9375;-200;-200;1766;206;0;
3021;2025.06.16 19:30;-24;26.5;-200;-200;1766;206;0;
3022;2025.06.16 19:45;-24;26.0625;-200;-200;1766;206;0;
3023;2025.06.16 20:00;-24;26;-200;-200;1766;206;0;
3024;2025.06.16 20:15;-24;26.4375;-200;-200;1766;206;0;
3025;2025.06.16 20:30;-24;26.4375;-200;-200;1766;206;0;
3026;2025.06.16 20:45;-24;26.875;-200;-200;1766;206;0;
3027;2025.06.16 21:00;-24;27.125;-200;-200;1766;206;0;
3028;2025.06.16 21:15;-24;27.5;-200;-200;1766;206;0;
3029;2025.06.16 21:30;-24;27.5625;-200;-200;1766;206;0;
3030;2025.06.16 21:45;-24;27.75;-200;-200;1766;206;0;
3031;2025.06.16 22:00;-24;29.125;-200;-200;1766;206;0;
3032;2025.06.16 22:15;-24;29.375;-200;-200;1766;206;0;
3033;2025.06.16 22:30;-24;27;-200;-200;1766;206;0;
3034;2025.06.16 22:45;-24;26.5625;-200;-200;1766;206;0;
3035;2025.06.16 23:00;-24;25.9375;-200;-200;1766;206;0;
3036;2025.06.16 23:15;-24;26.875;-200;-200;1766;206;0;
3037;2025.06.16 23:30;-24;26.75;-200;-200;1766;206;0;
3038;2025.06.16 23:45;-24;25.875;-200;-200;1766;206;0;
3039;2025.06.17 00:00;-24;25.6875;-200;-200;1766;206;0;
3040;2025.06.17 00:15;-24;24.5;-200;-200;1766;206;0;
3041;2025.06.17 00:30;-24;23.4375;-200;-200;1766;206;0;
3042;2025.06.17 00:45;-24;22.875;-200;-200;1766;206;0;
3043;2025.06.17 01:00;-24;22.25;-200;-200;1766;206;0;
3044;2025.06.17 01:15;-24;21.375;-200;-200;1767;206;0;
3045;2025.06.17 01:30;-24;20.875;-200;-200;1766;206;0;
3046;2025.06.17 01:45;-24;19.5;-200;-200;1766;206;0;
3047;2025.06.17 02:00;-24;18.375;-200;-200;1766;206;0;
3048;2025.06.17 02:15;-24;16.75;-200;-200;1766;206;0;
3049;2025.06.17 02:30;-24;15;-200;-200;1765;206;0;
3050;2025.06.17 02:45;-24;13.375;-200;-200;1765;206;0;
3051;2025.06.17 03:00;-24;12.0625;-200;-200;1765;206;0;
3052;2025.06.17 03:15;-24;11.0625;-200;-200;1765;206;0;
3053;2025.06.17 03:30;-24;10.1875;-200;-200;1765;206;0;
3054;2025.06.17 03:45;-24;9.5;-200;-200;1765;206;0;
3055;2025.06.17 04:00;-24;9;-200;-200;1765;206;0;
3056;2025.06.17 04:15;-24;8.625;-200;-200;1764;206;0;
3057;2025.06.17 04:30;-24;8.25;-200;-200;1764;206;0;
3058;2025.06.17 04:45;-24;8;-200;-200;1764;206;0;
3059;2025.06.17 05:00;-24;7.875;-200;-200;1764;206;0;
3060;2025.06.17 05:15;-24;7.75;-200;-200;1764;206;0;
3061;2025.06.17 05:30;-24;7.625;-200;-200;1764;206;0;
3062;2025.06.17 05:45;-24;7.625;-200;-200;1764;206;0;
3063;2025.06.17 06:00;-24;7.5;-200;-200;1764;206;0;
3064;2025.06.17 06:15;-24;7.25;-200;-200;1764;206;0;
3065;2025.06.17 06:30;-24;7.125;-200;-200;1764;206;0;
3066;2025.06.17 06:45;-24;6.875;-200;-200;1764;206;0;
3067;2025.06.17 07:00;-24;6.6875;-200;-200;1764;206;0;
3068;2025.06.17 07:15;-24;6.5;-200;-200;1764;206;0;
3069;2025.06.17 07:30;-24;6.5;-200;-200;1764;206;0;
3070;2025.06.17 07:45;-24;6.4375;-200;-200;1764;206;0;
3071;2025.06.17 08:00;-24;6.5;-200;-200;1764;206;0;
3072;2025.06.17 08:15;-24;7;-200;-200;1764;206;0;
3073;2025.06.17 08:30;-24;7.125;-200;-200;1764;206;0;
3074;2025.06.17 08:45;-24;7.25;-200;-200;1764;206;0;
3075;2025.06.17 09:00;-24;7.125;-200;-200;1764;206;0;
3076;2025.06.17 09:15;-24;6.625;-200;-200;1764;206;0;
3077;2025.06.17 09:30;-24;5.875;-200;-200;1764;206;0;
3078;2025.06.17 09:45;-24;5.4375;-200;-200;1764;206;0;
3079;2025.06.17 10:00;-24;5.125;-200;-200;1764;206;0;
3080;2025.06.17 10:15;-24;5.375;-200;-200;1764;206;0;
3081;2025.06.17 10:30;-24;5.125;-200;-200;1764;206;0;
3082;2025.06.17 10:45;-24;4.8125;-200;-200;1764;206;0;
3083;2025.06.17 11:00;-24;4.6875;-200;-200;1764;206;0;
3084;2025.06.17 11:15;-24;4.625;-200;-200;1764;206;0;
3085;2025.06.17 11:30;-24;4.25;-200;-200;1764;206;0;
3086;2025.06.17 11:45;-24;3.75;-200;-200;1764;206;0;
3087;2025.06.17 12:00;-24;3.4375;-200;-200;1764;206;0;
3088;2025.06.17 12:15;-24;3.25;-200;-200;1764;206;0;
3089;2025.06.17 12:30;-24;3.25;-200;-200;1764;206;0;
3090;2025.06.17 12:45;-24;3.375;-200;-200;1764;206;0;
3091;2025.06.17 13:00;-24;3.9375;-200;-200;1764;206;0;
3092;2025.06.17 13:15;-24;4.875;-200;-200;1764;206;0;
3093;2025.06.17 13:30;-24;9.5;-200;-200;1763;206;0;
3094;2025.06.17 13:45;-24;11.625;-200;-200;1762;206;0;
3095;2025.06.17 14:00;-24;13.25;-200;-200;1762;206;0;
3096;2025.06.17 14:15;-24;21.1875;-200;-200;1761;206;0;
3097;2025.06.17 14:30;-24;26;-200;-200;1760;206;0;
3098;2025.06.17 14:45;-24;27.5;-200;-200;1759;206;0;
3099;2025.06.17 15:00;-24;28.25;-200;-200;1758;206;0;
3100;2025.06.17 15:15;-24;25.375;-200;-200;1759;206;0;
3101;2025.06.17 15:30;-24;24.6875;-200;-200;1759;206;0;
3102;2025.06.17 15:45;-24;24.625;-200;-200;1759;206;0;
3103;2025.06.17 16:00;-24;23.75;-200;-200;1759;206;0;
3104;2025.06.17 16:15;-24;23.25;-200;-200;1759;206;0;
3105;2025.06.17 16:30;-24;23.375;-200;-200;1759;206;0;
3106;2025.06.17 16:45;-24;22.1875;-200;-200;1760;206;0;
3107;2025.06.17 17:00;-24;23.25;-200;-200;1760;206;0;
3108;2025.06.17 17:15;-24;26.125;-200;-200;1759;206;0;
3109;2025.06.17 17:30;-24;27.125;-200;-200;1758;206;0;
3110;2025.06.17 17:45;-24;27.125;-200;-200;1758;206;0;
3111;2025.06.17 18:00;-24;27.4375;-200;-200;1758;206;0;
3112;2025.06.17 18:15;-24;26.75;-200;-200;1758;206;0;
3113;2025.06.17 18:30;-24;25.75;-200;-200;1758;206;0;
3114;2025.06.17 18:45;-24;25.125;-200;-200;1759;206;0;
3115;2025.06.17 19:00;-24;24.75;-200;-200;1759;206;0;
3116;2025.06.17 19:15;-24;25.0625;-200;-200;1759;206;0;
3117;2025.06.17 19:30;-24;24.25;-200;-200;1759;206;0;
3118;2025.06.17 19:45;-24;24.375;-200;-200;1759;206;0;
3119;2025.06.17 20:00;-24;24.375;-200;-200;1759;206;0;
3120;2025.06.17 20:15;-24;24.4375;-200;-200;1759;206;0;
3121;2025.06.17 20:30;-24;24.25;-200;-200;1759;206;0;
3122;2025.06.17 20:45;-24;25.1875;-200;-200;1759;206;0;
3123;2025.06.17 21:00;-24;25.5;-200;-200;1759;206;0;
3124;2025.06.17 21:15;-24;25.625;-200;-200;1759;206;0;
3125;2025.06.17 21:30;-24;25.875;-200;-200;1759;206;0;
3126;2025.06.17 21:45;-24;26.5;-200;-200;1759;206;0;
3127;2025.06.17 22:00;-24;27.625;-200;-200;1758;206;0;
3128;2025.06.17 22:15;-24;26.875;-200;-200;1758;206;0;
3129;2025.06.17 22:30;-24;25.625;-200;-200;1759;206;0;
3130;2025.06.17 22:45;-24;25;-200;-200;1759;206;0;
3131;2025.06.17 23:00;-24;24.625;-200;-200;1759;206;0;
3132;2025.06.17 23:15;-24;25.3125;-200;-200;1759;206;0;
3133;2025.06.17 23:30;-24;25.5625;-200;-200;1759;206;0;
3134;2025.06.17 23:45;-24;24.5;-200;-200;1759;206;0;
3135;2025.06.18 00:00;-24;24.25;-200;-200;1759;206;0;
3136;2025.06.18 00:15;-24;23;-200;-200;1759;206;0;
3137;2025.06.18 00:30;-24;22.1875;-200;-200;1759;206;0;
3138;2025.06.18 00:45;-24;21.5625;-200;-200;1759;206;0;
3139;2025.06.18 01:00;-24;20.875;-200;-200;1759;206;0;
3140;2025.06.18 01:15;-24;20.0625;-200;-200;1759;206;0;
3141;2025.06.18 01:30;-24;19.5;-200;-200;1759;206;0;
3142;2025.06.18 01:45;-24;18.875;-200;-200;1759;206;0;
3143;2025.06.18 02:00;-24;17.625;-200;-200;1760;206;0;
3144;2025.06.18 02:15;-24;16.1875;-200;-200;1759;206;0;
3145;2025.06.18 02:30;-24;14.625;-200;-200;1759;206;0;
3146;2025.06.18 02:45;-24;12.875;-200;-200;1759;206;0;
3147;2025.06.18 03:00;-24;11.5625;-200;-200;1758;206;0;
3148;2025.06.18 03:15;-24;10.625;-200;-200;1758;206;0;
3149;2025.06.18 03:30;-24;9.875;-200;-200;1758;206;0;
3150;2025.06.18 03:45;-24;9.1875;-200;-200;1758;206;0;
3151;2025.06.18 04:00;-24;8.875;-200;-200;1758;206;0;
3152;2025.06.18 04:15;-24;8.75;-200;-200;1758;206;0;
3153;2025.06.18 04:30;-24;8.5;-200;-200;1758;206;0;
3154;2025.06.18 04:45;-24;8.3125;-200;-200;1758;206;0;
3155;2025.06.18 05:00;-24;8.125;-200;-200;1758;206;0;
3156;2025.06.18 05:15;-24;7.875;-200;-200;1758;206;0;
3157;2025.06.18 05:30;-24;7.5;-200;-200;1758;206;0;
3158;2025.06.18 05:45;-24;7.375;-200;-200;1758;206;0;
3159;2025.06.18 06:00;-24;7.3125;-200;-200;1758;206;0;
3160;2025.06.18 06:15;-24;7.375;-200;-200;1758;206;0;
3161;2025.06.18 06:30;-24;7.3125;-200;-200;1758;206;0;
3162;2025.06.18 06:45;-24;7.25;-200;-200;1758;206;0;
3163;2025.06.18 07:00;-24;7.125;-200;-200;1758;206;0;
3164;2025.06.18 07:15;-24;6.9375;-200;-200;1758;206;0;
3165;2025.06.18 07:30;-24;6.75;-200;-200;1758;206;0;
3166;2025.06.18 07:45;-24;6.6875;-200;-200;1758;206;0;
3167;2025.06.18 08:00;-24;6.8125;-200;-200;1758;206;0;
3168;2025.06.18 08:15;-24;6.625;-200;-200;1758;206;0;
3169;2025.06.18 08:30;-24;6.75;-200;-200;1758;206;0;
3170;2025.06.18 08:45;-24;7.125;-200;-200;1758;206;0;
3171;2025.06.18 09:00;-24;8.375;-200;-200;1758;206;0;
3172;2025.06.18 09:15;-24;9.125;-200;-200;1758;206;0;
3173;2025.06.18 09:30;-24;8.75;-200;-200;1758;206;0;
3174;2025.06.18 09:45;-24;8.125;-200;-200;1758;206;0;
3175;2025.06.18 10:00;-24;7.3125;-200;-200;1758;206;0;
3176;2025.06.18 10:15;-24;6.875;-200;-200;1758;206;0;
3177;2025.06.18 10:30;-24;7.1875;-200;-200;1758;206;0;
3178;2025.06.18 10:45;-24;7.0625;-200;-200;1758;206;0;
3179;2025.06.18 11:00;-24;6.9375;-200;-200;1758;206;0;
3180;2025.06.18 11:15;-24;7.0625;-200;-200;1758;206;0;
3181;2025.06.18 11:30;-24;7.6875;-200;-200;1758;206;0;
3182;2025.06.18 11:45;-24;9;-200;-200;1758;206;0;
3183;2025.06.18 12:00;-24;8.875;-200;-200;1758;206;0;
3184;2025.06.18 12:15;-24;8.625;-200;-200;1758;206;0;
3185;2025.06.18 12:30;-24;9.25;-200;-200;1758;206;0;
3186;2025.06.18 12:45;-24;8.75;-200;-200;1758;206;0;
3187;2025.06.18 13:00;-24;7.625;-200;-200;1758;206;0;
3188;2025.06.18 13:15;-24;7.375;-200;-200;1758;206;0;
3189;2025.06.18 13:30;-24;12.375;-200;-200;1757;206;0;
3190;2025.06.18 13:45;-24;13.875;-200;-200;1756;206;0;
3191;2025.06.18 14:00;-24;14.5625;-200;-200;1755;206;0;
3192;2025.06.18 14:15;-24;22.375;-200;-200;1755;206;0;
3193;2025.06.18 14:30;-24;27.0625;-200;-200;1754;206;0;
3194;2025.06.18 14:45;-24;28.875;-200;-200;1753;206;0;
3195;2025.06.18 15:00;-24;29.5625;-200;-200;1753;206;0;
3196;2025.06.18 15:15;-24;26.625;-200;-200;1753;206;0;
3197;2025.06.18 15:30;-24;25.625;-200;-200;1753;206;0;
3198;2025.06.18 15:45;-24;26.125;-200;-200;1753;206;0;
3199;2025.06.18 16:00;-24;24.75;-200;-200;1753;206;0;
3200;2025.06.18 16:15;-24;24.375;-200;-200;1754;206;0;
3201;2025.06.18 16:30;-24;24.375;-200;-200;1754;206;0;
3202;2025.06.18 16:45;-24;22.875;-200;-200;1754;206;0;
3203;2025.06.18 17:00;-24;24.125;-200;-200;1754;206;0;
3204;2025.06.18 17:15;-24;27;-200;-200;1753;206;0;
3205;2025.06.18 17:30;-24;28.5;-200;-200;1753;206;0;
3206;2025.06.18 17:45;-24;28.5;-200;-200;1753;206;0;
3207;2025.06.18 18:00;-24;28.125;-200;-200;1753;206;0;
3208;2025.06.18 18:15;-24;27.5;-200;-200;1753;206;0;
3209;2025.06.18 18:30;-24;26.875;-200;-200;1753;206;0;
3210;2025.06.18 18:45;-24;26.1875;-200;-200;1753;206;0;
3211;2025.06.18 19:00;-24;25.5;-200;-200;1753;206;0;
3212;2025.06.18 19:15;-24;25.625;-200;-200;1753;206;0;
3213;2025.06.18 19:30;-24;25.3125;-200;-200;1753;206;0;
3214;2025.06.18 19:45;-24;25.0625;-200;-200;1753;206;0;
3215;2025.06.18 20:00;-24;25.25;-200;-200;1753;206;0;
3216;2025.06.18 20:15;-24;25.4375;-200;-200;1753;206;0;
3217;2025.06.18 20:30;-24;25.6875;-200;-200;1753;206;0;
3218;2025.06.18 20:45;-24;25.75;-200;-200;1753;206;0;
3219;2025.06.18 21:00;-24;25.875;-200;-200;1753;206;0;
3220;2025.06.18 21:15;-24;26.625;-200;-200;1753;206;0;
3221;2025.06.18 21:30;-24;26.8125;-200;-200;1753;206;0;
3222;2025.06.18 21:45;-24;26.8125;-200;-200;1753;206;0;
3223;2025.06.18 22:00;-24;28.375;-200;-200;1753;206;0;
3224;2025.06.18 22:15;-24;28.3125;-200;-200;1753;206;0;
3225;2025.06.18 22:30;-24;26.625;-200;-200;1753;206;0;
3226;2025.06.18 22:45;-24;25.875;-200;-200;1753;206;0;
3227;2025.06.18 23:00;-24;25.25;-200;-200;1753;206;0;
3228;2025.06.18 23:15;-24;25.875;-200;-200;1753;206;0;
3229;2025.06.18 23:30;-24;26.4375;-200;-200;1753;206;0;
3230;2025.06.18 23:45;-24;25.75;-200;-200;1753;206;0;
3231;2025.06.19 00:00;-24;26.0625;-200;-200;1753;206;0;
3232;2025.06.19 00:15;-24;24;-200;-200;1753;206;0;
3233;2025.06.19 00:30;-24;22.8125;-200;-200;1753;206;0;
3234;2025.06.19 00:45;-24;22.125;-200;-200;1753;206;0;
3235;2025.06.19 01:00;-24;21.375;-200;-200;1753;206;0;
3236;2025.06.19 01:15;-24;20.625;-200;-200;1753;206;0;
3237;2025.06.19 01:30;-24;19.75;-200;-200;1753;206;0;
3238;2025.06.19 01:45;-24;18.75;-200;-200;1754;206;0;
3239;2025.06.19 02:00;-24;17.4375;-200;-200;1754;206;0;
3240;2025.06.19 02:15;-24;15.875;-200;-200;1754;206;0;
3241;2025.06.19 02:30;-24;14.375;-200;-200;1754;206;0;
3242;2025.06.19 02:45;-24;13;-200;-200;1753;206;0;
3243;2025.06.19 03:00;-24;11.875;-200;-200;1753;206;0;
3244;2025.06.19 03:15;-24;10.875;-200;-200;1753;206;0;
3245;2025.06.19 03:30;-24;10.1875;-200;-200;1753;206;0;
3246;2025.06.19 03:45;-24;9.6875;-200;-200;1753;206;0;
3247;2025.06.19 04:00;-24;9.25;-200;-200;1753;206;0;
3248;2025.06.19 04:15;-24;8.9375;-200;-200;1753;206;0;
3249;2025.06.19 04:30;-24;8.625;-200;-200;1753;206;0;
3250;2025.06.19 04:45;-24;8.375;-200;-200;1753;206;0;
3251;2025.06.19 05:00;-24;8.25;-200;-200;1753;206;0;
3252;2025.06.19 05:15;-24;8.125;-200;-200;1753;206;0;
3253;2025.06.19 05:30;-24;7.75;-200;-200;1753;206;0;
3254;2025.06.19 05:45;-24;7.375;-200;-200;1753;206;0;
3255;2025.06.19 06:00;-24;7.25;-200;-200;1753;206;0;
3256;2025.06.19 06:15;-24;7.25;-200;-200;1753;206;0;
3257;2025.06.19 06:30;-24;7.4375;-200;-200;1753;206;0;
3258;2025.06.19 06:45;-24;7.5;-200;-200;1753;206;0;
3259;2025.06.19 07:00;-24;7.5;-200;-200;1753;206;0;
3260;2025.06.19 07:15;-24;7.0625;-200;-200;1753;206;0;
3261;2025.06.19 07:30;-24;6.625;-200;-200;1753;206;0;
3262;2025.06.19 07:45;-24;6.125;-200;-200;1752;206;0;
3263;2025.06.19 08:00;-24;5.75;-200;-200;1752;206;0;
3264;2025.06.19 08:15;-24;5.625;-200;-200;1752;206;0;
3265;2025.06.19 08:30;-24;5.3125;-200;-200;1752;206;0;
3266;2025.06.19 08:45;-24;5;-200;-200;1752;206;0;
3267;2025.06.19 09:00;-24;4.75;-200;-200;1752;206;0;
3268;2025.06.19 09:15;-24;4.625;-200;-200;1752;206;0;
3269;2025.06.19 09:30;-24;4.5;-200;-200;1752;206;0;
3270;2025.06.19 09:45;-24;4.375;-200;-200;1752;206;0;
3271;2025.06.19 10:00;-24;4.125;-200;-200;1752;206;0;
3272;2025.06.19 10:15;-24;4;-200;-200;1752;206;0;
3273;2025.06.19 10:30;-24;3.9375;-200;-200;1752;206;0;
3274;2025.06.19 10:45;-24;3.875;-200;-200;1752;206;0;
3275;2025.06.19 11:00;-24;3.8125;-200;-200;1752;206;0;
3276;2025.06.19 11:15;-24;3.75;-200;-200;1752;206;0;
3277;2025.06.19 11:30;-24;3.625;-200;-200;1752;206;0;
3278;2025.06.19 11:45;-24;3.5625;-200;-200;1752;206;0;
3279;2025.06.19 12:00;-24;3.5625;-200;-200;1752;206;0;
3280;2025.06.19 12:15;-24;3.5625;-200;-200;1752;206;0;
3281;2025.06.19 12:30;-24;3.6875;-200;-200;1752;206;0;
3282;2025.06.19 12:45;-24;4.0625;-200;-200;1752;206;0;
3283;2025.06.19 13:00;-24;4.75;-200;-200;1752;206;0;
3284;2025.06.19 13:15;-24;5.75;-200;-200;1752;206;0;
3285;2025.06.19 13:30;-24;11.125;-200;-200;1752;206;0;
3286;2025.06.19 13:45;-24;13.125;-200;-200;1751;206;0;
3287;2025.06.19 14:00;-24;15.875;-200;-200;1751;206;0;
3288;2025.06.19 14:15;-24;23.25;-200;-200;1749;206;0;
3289;2025.06.19 14:30;-24;28.375;-200;-200;1748;206;0;
3290;2025.06.19 14:45;-24;31.1875;-200;-200;1748;206;0;
3291;2025.06.19 15:00;-24;30.9375;-200;-200;1747;206;0;
3292;2025.06.19 15:15;-24;27.875;-200;-200;1748;206;0;
3293;2025.06.19 15:30;-24;27.375;-200;-200;1748;206;0;
3294;2025.06.19 15:45;-24;26.75;-200;-200;1748;206;0;
3295;2025.06.19 16:00;-24;26.375;-200;-200;1748;206;0;
3296;2025.06.19 16:15;-24;26.375;-200;-200;1748;206;0;
3297;2025.06.19 16:30;-24;26;-200;-200;1748;206;0;
3298;2025.06.19 16:45;-24;25;-200;-200;1748;206;0;
3299;2025.06.19 17:00;-24;26.3125;-200;-200;1748;206;0;
3300;2025.06.19 17:15;-24;28.625;-200;-200;1748;206;0;
3301;2025.06.19 17:30;-24;30.375;-200;-200;1747;206;0;
3302;2025.06.19 17:45;-24;30.8125;-200;-200;1747;206;0;
3303;2025.06.19 18:00;-24;30.3125;-200;-200;1747;206;0;
3304;2025.06.19 18:15;-24;29.75;-200;-200;1747;206;0;
3305;2025.06.19 18:30;-24;29;-200;-200;1747;206;0;
3306;2025.06.19 18:45;-24;27.875;-200;-200;1748;206;0;
3307;2025.06.19 19:00;-24;27.5;-200;-200;1748;206;0;
3308;2025.06.19 19:15;-24;26.5625;-200;-200;1748;206;0;
3309;2025.06.19 19:30;-24;27.1875;-200;-200;1748;206;0;
3310;2025.06.19 19:45;-24;27.25;-200;-200;1748;206;0;
3311;2025.06.19 20:00;-24;26.375;-200;-200;1748;206;0;
3312;2025.06.19 20:15;-24;26.75;-200;-200;1748;206;0;
3313;2025.06.19 20:30;-24;27;-200;-200;1748;206;0;
3314;2025.06.19 20:45;-24;26.25;-200;-200;1748;206;0;
3315;2025.06.19 21:00;-24;27.75;-200;-200;1748;206;0;
3316;2025.06.19 21:15;-24;29;-200;-200;1748;206;0;
3317;2025.06.19 21:30;-24;26.0625;-200;-200;1748;206;0;
3318;2025.06.19 21:45;-24;28.5;-200;-200;1748;206;0;
3319;2025.06.19 22:00;-24;29.5625;-200;-200;1747;206;0;
3320;2025.06.19 22:15;-24;29;-200;-200;1747;206;0;
3321;2025.06.19 22:30;-24;27.5;-200;-200;1748;206;0;
3322;2025.06.19 22:45;-24;27.1875;-200;-200;1748;206;0;
3323;2025.06.19 23:00;-24;26.0625;-200;-200;1748;206;0;
3324;2025.06.19 23:15;-24;26.75;-200;-200;1748;206;0;
3325;2025.06.19 23:30;-24;27.75;-200;-200;1748;206;0;
3326;2025.06.19 23:45;-24;25.4375;-200;-200;1748;206;0;
3327;2025.06.20 00:00;-24;26.1875;-200;-200;1748;206;0;
3328;2025.06.20 00:15;-24;25.25;-200;-200;1748;206;0;
3329;2025.06.20 00:30;-24;24.375;-200;-200;1748;206;0;
3330;2025.06.20 00:45;-24;23.75;-200;-200;1748;206;0;
3331;2025.06.20 01:00;-24;23.375;-200;-200;1748;206;0;
3332;2025.06.20 01:15;-24;23.5;-200;-200;1748;206;0;
3333;2025.06.20 01:30;-24;23;-200;-200;1748;206;0;
3334;2025.06.20 01:45;-24;21.875;-200;-200;1748;206;0;
3335;2025.06.20 02:00;-24;20;-200;-200;1749;206;0;
3336;2025.06.20 02:15;-24;18.375;-200;-200;1749;206;0;
3337;2025.06.20 02:30;-24;16.75;-200;-200;1749;206;0;
3338;2025.06.20 02:45;-24;15.1875;-200;-200;1749;206;0;
3339;2025.06.20 03:00;-24;13.875;-200;-200;1749;206;0;
3340;2025.06.20 03:15;-24;12.875;-200;-200;1749;206;0;
3341;2025.06.20 03:30;-24;12.375;-200;-200;1749;206;0;
3342;2025.06.20 03:45;-24;11.875;-200;-200;1749;206;0;
3343;2025.06.20 04:00;-24;11.4375;-200;-200;1748;206;0;
3344;2025.06.20 04:15;-24;11;-200;-200;1748;206;0;
3345;2025.06.20 04:30;-24;10.625;-200;-200;1748;206;0;
3346;2025.06.20 04:45;-24;10.3125;-200;-200;1748;206;0;
3347;2025.06.20 05:00;-24;10;-200;-200;1748;206;0;
3348;2025.06.20 05:15;-24;9.875;-200;-200;1748;206;0;
3349;2025.06.20 05:30;-24;9.75;-200;-200;1748;206;0;
3350;2025.06.20 05:45;-24;9.625;-200;-200;1748;206;0;
3351;2025.06.20 06:00;-24;9.3125;-200;-200;1748;206;0;
3352;2025.06.20 06:15;-24;9;-200;-200;1748;206;0;
3353;2025.06.20 06:30;-24;8.875;-200;-200;1748;206;0;
3354;2025.06.20 06:45;-24;8.5625;-200;-200;1748;206;0;
3355;2025.06.20 07:00;-24;8.4375;-200;-200;1748;206;0;
3356;2025.06.20 07:15;-24;8.25;-200;-200;1748;206;0;
3357;2025.06.20 07:30;-24;8.375;-200;-200;1748;206;0;
3358;2025.06.20 07:45;-24;8.375;-200;-200;1748;206;0;
3359;2025.06.20 08:00;-24;8.1875;-200;-200;1748;206;0;
3360;2025.06.20 08:15;-24;7.9375;-200;-200;1748;206;0;
3361;2025.06.20 08:30;-24;8;-200;-200;1748;206;0;
3362;2025.06.20 08:45;-24;7.875;-200;-200;1748;206;0;
3363;2025.06.20 09:00;-24;7.75;-200;-200;1748;206;0;
3364;2025.06.20 09:15;-24;7.625;-200;-200;1748;206;0;
3365;2025.06.20 09:30;-24;7.6875;-200;-200;1748;206;0;
3366;2025.06.20 09:45;-24;7.625;-200;-200;1748;206;0;
3367;2025.06.20 10:00;-24;7.5625;-200;-200;1748;206;0;
3368;2025.06.20 10:15;-24;7.5;-200;-200;1748;206;0;
3369;2025.06.20 10:30;-24;7.4375;-200;-200;1748;206;0;
3370;2025.06.20 10:45;-24;7.375;-200;-200;1748;206;0;
3371;2025.06.20 11:00;-24;7.375;-200;-200;1748;206;0;
3372;2025.06.20 11:15;-24;7.25;-200;-200;1748;206;0;
3373;2025.06.20 11:30;-24;7.125;-200;-200;1748;206;0;
3374;2025.06.20 11:45;-24;6.875;-200;-200;1748;206;0;
3375;2025.06.20 12:00;-24;6.75;-200;-200;1748;206;0;
3376;2025.06.20 12:15;-24;6.9375;-200;-200;1748;206;0;
3377;2025.06.20 12:30;-24;7.25;-200;-200;1748;206;0;
3378;2025.06.20 12:45;-24;7.25;-200;-200;1748;206;0;
3379;2025.06.20 13:00;-24;7.5625;-200;-200;1748;206;0;
3380;2025.06.20 13:15;-24;8.4375;-200;-200;1748;206;0;
3381;2025.06.20 13:30;-24;14;-200;-200;1747;206;0;
3382;2025.06.20 13:45;-24;16.625;-200;-200;1746;206;0;
3383;2025.06.20 14:00;-24;18.875;-200;-200;1745;206;0;
3384;2025.06.20 14:15;-24;23;-200;-200;1744;206;0;
3385;2025.06.20 14:30;-24;26;-200;-200;1743;206;0;
3386;2025.06.20 14:45;-24;28.125;-200;-200;1743;206;0;
3387;2025.06.20 15:00;-24;28.75;-200;-200;1743;206;0;
3388;2025.06.20 15:15;-24;25.5;-200;-200;1743;206;0;
3389;2025.06.20 15:30;-24;24.875;-200;-200;1743;206;0;
3390;2025.06.20 15:45;-24;25.875;-200;-200;1743;206;0;
3391;2025.06.20 16:00;-24;24.75;-200;-200;1744;206;0;
3392;2025.06.20 16:15;-24;24.8125;-200;-200;1744;206;0;
3393;2025.06.20 16:30;-24;24.625;-200;-200;1744;206;0;
3394;2025.06.20 16:45;-24;23.9375;-200;-200;1744;206;0;
3395;2025.06.20 17:00;-24;25.4375;-200;-200;1744;206;0;
3396;2025.06.20 17:15;-24;27.9375;-200;-200;1743;206;0;
3397;2025.06.20 17:30;-24;29.125;-200;-200;1743;206;0;
3398;2025.06.20 17:45;-24;28.625;-200;-200;1743;206;0;
3399;2025.06.20 18:00;-24;28.9375;-200;-200;1743;206;0;
3400;2025.06.20 18:15;-24;28.75;-200;-200;1743;206;0;
3401;2025.06.20 18:30;-24;28.25;-200;-200;1743;206;0;
3402;2025.06.20 18:45;-24;26.875;-200;-200;1743;206;0;
3403;2025.06.20 19:00;-24;26.4375;-200;-200;1743;206;0;
3404;2025.06.20 19:15;-24;26.25;-200;-200;1744;206;0;
3405;2025.06.20 19:30;-24;26.0625;-200;-200;1743;206;0;
3406;2025.06.20 19:45;-24;25.875;-200;-200;1743;206;0;
3407;2025.06.20 20:00;-24;25.875;-200;-200;1743;206;0;
3408;2025.06.20 20:15;-24;25.8125;-200;-200;1743;206;0;
3409;2025.06.20 20:30;-24;26.625;-200;-200;1743;206;0;
3410;2025.06.20 20:45;-24;26.625;-200;-200;1743;206;0;
3411;2025.06.20 21:00;-24;26.625;-200;-200;1743;206;0;
3412;2025.06.20 21:15;-24;27.25;-200;-200;1743;206;0;
3413;2025.06.20 21:30;-24;27.1875;-200;-200;1743;206;0;
3414;2025.06.20 21:45;-24;27.375;-200;-200;1743;206;0;
3415;2025.06.20 22:00;-24;28.5;-200;-200;1743;206;0;
3416;2025.06.20 22:15;-24;27.875;-200;-200;1743;206;0;
3417;2025.06.20 22:30;-24;26.5625;-200;-200;1743;206;0;
3418;2025.06.20 22:45;-24;26.125;-200;-200;1743;206;0;
3419;2025.06.20 23:00;-24;25.8125;-200;-200;1743;206;0;
3420;2025.06.20 23:15;-24;26.875;-200;-200;1743;206;0;
3421;2025.06.20 23:30;-24;26.25;-200;-200;1743;206;0;
3422;2025.06.20 23:45;-24;25.875;-200;-200;1743;206;0;
3423;2025.06.21 00:00;-24;25.625;-200;-200;1743;206;0;
3424;2025.06.21 00:15;-24;24.875;-200;-200;1744;206;0;
3425;2025.06.21 00:30;-24;24.125;-200;-200;1744;206;0;
3426;2025.06.21 00:45;-24;23.625;-200;-200;1744;206;0;
3427;2025.06.21 01:00;-24;23.375;-200;-200;1744;206;0;
3428;2025.06.21 01:15;-24;23;-200;-200;1744;206;0;
3429;2025.06.21 01:30;-24;22.5625;-200;-200;1744;206;0;
3430;2025.06.21 01:45;-24;22;-200;-200;1744;206;0;
3431;2025.06.21 02:00;-24;21.625;-200;-200;1744;206;0;
3432;2025.06.21 02:15;-24;21.125;-200;-200;1744;206;0;
3433;2025.06.21 02:30;-24;20.5625;-200;-200;1744;206;0;
3434;2025.06.21 02:45;-24;20.125;-200;-200;1744;206;0;
3435;2025.06.21 03:00;-24;19.375;-200;-200;1744;206;0;
3436;2025.06.21 03:15;-24;19;-200;-200;1744;206;0;
3437;2025.06.21 03:30;-24;18.125;-200;-200;1743;206;0;
3438;2025.06.21 03:45;-24;16.6875;-200;-200;1743;206;0;
3439;2025.06.21 04:00;-24;15.75;-200;-200;1743;206;0;
3440;2025.06.21 04:15;-24;16.6875;-200;-200;1743;206;0;
3441;2025.06.21 04:30;-24;15.75;-200;-200;1743;206;0;
3442;2025.06.21 04:45;-24;17.0625;-200;-200;1743;206;0;
3443;2025.06.21 05:00;-24;16.9375;-200;-200;1743;206;0;
3444;2025.06.21 05:15;-24;17;-200;-200;1743;206;0;
3445;2025.06.21 05:30;-24;16.8125;-200;-200;1743;206;0;
3446;2025.06.21 05:45;-24;15.9375;-200;-200;1743;206;0;
3447;2025.06.21 06:00;-24;14.8125;-200;-200;1743;206;0;
3448;2025.06.21 06:15;-24;13.875;-200;-200;1743;206;0;
3449;2025.06.21 06:30;-24;12.0625;-200;-200;1743;206;0;
3450;2025.06.21 06:45;-24;11;-200;-200;1742;206;0;
3451;2025.06.21 07:00;-24;10.625;-200;-200;1742;206;0;
3452;2025.06.21 07:15;-24;10.25;-200;-200;1742;206;0;
3453;2025.06.21 07:30;-24;9.375;-200;-200;1742;206;0;
3454;2025.06.21 07:45;-24;9.125;-200;-200;1742;206;0;
3455;2025.06.21 08:00;-24;8.5;-200;-200;1742;206;0;
3456;2025.06.21 08:15;-24;7.625;-200;-200;1742;206;0;
3457;2025.06.21 08:30;-24;6.875;-200;-200;1742;206;0;
3458;2025.06.21 08:45;-24;6.5;-200;-200;1741;206;0;
3459;2025.06.21 09:00;-24;6.125;-200;-200;1742;206;0;
3460;2025.06.21 09:15;-24;5.875;-200;-200;1742;206;0;
3461;2025.06.21 09:30;-24;5.5;-200;-200;1742;206;0;
3462;2025.06.21 09:45;-24;5.375;-200;-200;1742;206;0;
3463;2025.06.21 10:00;-24;5.5;-200;-200;1742;206;0;
3464;2025.06.21 10:15;-24;5.625;-200;-200;1742;206;0;
3465;2025.06.21 10:30;-24;5.1875;-200;-200;1742;206;0;
3466;2025.06.21 10:45;-24;4.875;-200;-200;1742;206;0;
3467;2025.06.21 11:00;-24;4.5;-200;-200;1741;206;0;
3468;2025.06.21 11:15;-24;4.25;-200;-200;1741;206;0;
3469;2025.06.21 11:30;-24;4;-200;-200;1741;206;0;
3470;2025.06.21 11:45;-24;3.75;-200;-200;1741;206;0;
3471;2025.06.21 12:00;-24;3.8125;-200;-200;1741;206;0;
3472;2025.06.21 12:15;-24;3.875;-200;-200;1741;206;0;
3473;2025.06.21 12:30;-24;4;-200;-200;1741;206;0;
3474;2025.06.21 12:45;-24;4.375;-200;-200;1741;206;0;
3475;2025.06.21 13:00;-24;5;-200;-200;1741;206;0;
3476;2025.06.21 13:15;-24;5.875;-200;-200;1741;206;0;
3477;2025.06.21 13:30;-24;11.75;-200;-200;1738;206;0;
3478;2025.06.21 13:45;-24;15;-200;-200;1736;206;0;
3479;2025.06.21 14:00;-24;16.625;-200;-200;1736;206;0;
3480;2025.06.21 14:15;-24;19;-200;-200;1734;206;0;
3481;2025.06.21 14:30;-24;22.6875;-200;-200;1734;206;0;
3482;2025.06.21 14:45;-24;26;-200;-200;1734;206;0;
3483;2025.06.21 15:00;-24;26.375;-200;-200;1734;206;0;
3484;2025.06.21 15:15;-24;22.75;-200;-200;1734;206;0;
3485;2025.06.21 15:30;-24;22.5;-200;-200;1734;206;0;
3486;2025.06.21 15:45;-24;21.875;-200;-200;1734;206;0;
3487;2025.06.21 16:00;-24;21.625;-200;-200;1734;206;0;
3488;2025.06.21 16:15;-24;21.5;-200;-200;1734;206;0;
3489;2025.06.21 16:30;-24;21.25;-200;-200;1734;206;0;
3490;2025.06.21 16:45;-24;20.375;-200;-200;1734;206;0;
3491;2025.06.21 17:00;-24;21.625;-200;-200;1734;206;0;
3492;2025.06.21 17:15;-24;24.375;-200;-200;1734;206;0;
3493;2025.06.21 17:30;-24;25.375;-200;-200;1733;206;0;
3494;2025.06.21 17:45;-24;25.875;-200;-200;1733;206;0;
3495;2025.06.21 18:00;-24;25.4375;-200;-200;1733;206;0;
3496;2025.06.21 18:15;-24;25;-200;-200;1733;206;0;
3497;2025.06.21 18:30;-24;24.1875;-200;-200;1733;206;0;
3498;2025.06.21 18:45;-24;23.5625;-200;-200;1734;206;0;
3499;2025.06.21 19:00;-24;23.375;-200;-200;1734;206;0;
3500;2025.06.21 19:15;-24;22.75;-200;-200;1734;206;0;
3501;2025.06.21 19:30;-24;22.375;-200;-200;1734;206;0;
3502;2025.06.21 19:45;-24;22.25;-200;-200;1734;206;0;
3503;2025.06.21 20:00;-24;22.625;-200;-200;1734;206;0;
3504;2025.06.21 20:15;-24;22.8125;-200;-200;1734;206;0;
3505;2025.06.21 20:30;-24;22.875;-200;-200;1734;206;0;
3506;2025.06.21 20:45;-24;23.5;-200;-200;1734;206;0;
3507;2025.06.21 21:00;-24;23.875;-200;-200;1734;206;0;
3508;2025.06.21 21:15;-24;24.375;-200;-200;1734;206;0;
3509;2025.06.21 21:30;-24;24.875;-200;-200;1734;206;0;
3510;2025.06.21 21:45;-24;24.875;-200;-200;1734;206;0;
3511;2025.06.21 22:00;-24;25.4375;-200;-200;1733;206;0;
3512;2025.06.21 22:15;-24;25.125;-200;-200;1733;206;0;
3513;2025.06.21 22:30;-24;23.75;-200;-200;1734;206;0;
3514;2025.06.21 22:45;-24;23.375;-200;-200;1734;206;0;
3515;2025.06.21 23:00;-24;23.375;-200;-200;1734;206;0;
3516;2025.06.21 23:15;-24;23.6875;-200;-200;1734;206;0;
3517;2025.06.21 23:30;-24;23.5;-200;-200;1734;206;0;
3518;2025.06.21 23:45;-24;23.125;-200;-200;1734;206;0;
3519;2025.06.22 00:00;-24;22.8125;-200;-200;1734;206;0;
3520;2025.06.22 00:15;-24;22;-200;-200;1734;206;0;
3521;2025.06.22 00:30;-24;21.4375;-200;-200;1734;206;0;
3522;2025.06.22 00:45;-24;21.125;-200;-200;1734;206;0;
3523;2025.06.22 01:00;-24;20.625;-200;-200;1734;206;0;
3524;2025.06.22 01:15;-24;20.25;-200;-200;1734;206;0;
3525;2025.06.22 01:30;-24;20.0625;-200;-200;1734;206;0;
3526;2025.06.22 01:45;-24;19.6875;-200;-200;1734;206;0;
3527;2025.06.22 02:00;-24;18.8125;-200;-200;1734;206;0;
3528;2025.06.22 02:15;-24;17.625;-200;-200;1734;206;0;
3529;2025.06.22 02:30;-24;15.875;-200;-200;1734;206;0;
3530;2025.06.22 02:45;-24;14.375;-200;-200;1734;206;0;
3531;2025.06.22 03:00;-24;13.0625;-200;-200;1733;206;0;
3532;2025.06.22 03:15;-24;12.125;-200;-200;1733;206;0;
3533;2025.06.22 03:30;-24;11.25;-200;-200;1733;206;0;
3534;2025.06.22 03:45;-24;10.375;-200;-200;1733;206;0;
3535;2025.06.22 04:00;-24;9.75;-200;-200;1733;206;0;
3536;2025.06.22 04:15;-24;9.3125;-200;-200;1733;206;0;
3537;2025.06.22 04:30;-24;9.1875;-200;-200;1732;206;0;
3538;2025.06.22 04:45;-24;9.125;-200;-200;1732;206;0;
3539;2025.06.22 05:00;-24;9.25;-200;-200;1732;206;0;
3540;2025.06.22 05:15;-24;9.25;-200;-200;1732;206;0;
3541;2025.06.22 05:30;-24;9.8125;-200;-200;1732;206;0;
3542;2025.06.22 05:45;-24;9.625;-200;-200;1732;206;0;
3543;2025.06.22 06:00;-24;9.3125;-200;-200;1732;206;0;
3544;2025.06.22 06:15;-24;9.625;-200;-200;1732;206;0;
3545;2025.06.22 06:30;-24;10;-200;-200;1732;206;0;
3546;2025.06.22 06:45;-24;9.875;-200;-200;1732;206;0;
3547;2025.06.22 07:00;-24;9.125;-200;-200;1732;206;0;
3548;2025.06.22 07:15;-24;8.6875;-200;-200;1733;206;0;
3549;2025.06.22 07:30;-24;8.375;-200;-200;1732;206;0;
3550;2025.06.22 07:45;-24;8.75;-200;-200;1733;206;0;
3551;2025.06.22 08:00;-24;8.3125;-200;-200;1732;206;0;
3552;2025.06.22 08:15;-24;7.625;-200;-200;1733;206;0;
3553;2025.06.22 08:30;-24;7;-200;-200;1732;206;0;
3554;2025.06.22 08:45;-24;6.75;-200;-200;1733;206;0;
3555;2025.06.22 09:00;-24;7.125;-200;-200;1733;206;0;
3556;2025.06.22 09:15;-24;7.1875;-200;-200;1733;206;0;
3557;2025.06.22 09:30;-24;7.125;-200;-200;1733;206;0;
3558;2025.06.22 09:45;-24;7.75;-200;-200;1733;206;0;
3559;2025.06.22 10:00;-24;7.875;-200;-200;1733;206;0;
3560;2025.06.22 10:15;-24;7.375;-200;-200;1733;206;0;
3561;2025.06.22 10:30;-24;8;-200;-200;1733;206;0;
3562;2025.06.22 10:45;-24;7.75;-200;-200;1733;206;0;
3563;2025.06.22 11:00;-24;7.875;-200;-200;1733;206;0;
3564;2025.06.22 11:15;-24;7.75;-200;-200;1733;206;0;
3565;2025.06.22 11:30;-24;7.125;-200;-200;1733;206;0;
3566;2025.06.22 11:45;-24;7.125;-200;-200;1733;206;0;
3567;2025.06.22 12:00;-24;6.75;-200;-200;1733;206;0;
3568;2025.06.22 12:15;-24;6.625;-200;-200;1733;206;0;
3569;2025.06.22 12:30;-24;6.875;-200;-200;1733;206;0;
3570;2025.06.22 12:45;-24;7.4375;-200;-200;1733;206;0;
3571;2025.06.22 13:00;-24;8.375;-200;-200;1733;206;0;
3572;2025.06.22 13:15;-24;9.5625;-200;-200;1733;206;0;
3573;2025.06.22 13:30;-24;13.25;-200;-200;1731;206;0;
3574;2025.06.22 13:45;-24;14.75;-200;-200;1730;206;0;
3575;2025.06.22 14:00;-24;15.25;-200;-200;1730;206;0;
3576;2025.06.22 14:15;-24;17.75;-200;-200;1729;206;0;
3577;2025.06.22 14:30;-24;20.625;-200;-200;1728;206;0;
3578;2025.06.22 14:45;-24;23.375;-200;-200;1727;206;0;
3579;2025.06.22 15:00;-24;23.1875;-200;-200;1727;206;0;
3580;2025.06.22 15:15;-24;20.625;-200;-200;1728;206;0;
3581;2025.06.22 15:30;-24;20;-200;-200;1728;206;0;
3582;2025.06.22 15:45;-24;19.625;-200;-200;1728;206;0;
3583;2025.06.22 16:00;-24;19.25;-200;-200;1728;206;0;
3584;2025.06.22 16:15;-24;20.4375;-200;-200;1728;206;0;
3585;2025.06.22 16:30;-24;19.1875;-200;-200;1728;206;0;
3586;2025.06.22 16:45;-24;18.125;-200;-200;1729;206;0;
3587;2025.06.22 17:00;-24;20.1875;-200;-200;1728;206;0;
3588;2025.06.22 17:15;-24;22.875;-200;-200;1727;206;0;
3589;2025.06.22 17:30;-24;23.375;-200;-200;1727;206;0;
3590;2025.06.22 17:45;-24;23.375;-200;-200;1726;206;0;
3591;2025.06.22 18:00;-24;23.1875;-200;-200;1726;206;0;
3592;2025.06.22 18:15;-24;23.3125;-200;-200;1726;206;0;
3593;2025.06.22 18:30;-24;21.875;-200;-200;1726;206;0;
3594;2025.06.22 18:45;-24;21.625;-200;-200;1727;206;0;
3595;2025.06.22 19:00;-24;21.625;-200;-200;1727;206;0;
3596;2025.06.22 19:15;-24;21.0625;-200;-200;1727;206;0;
3597;2025.06.22 19:30;-24;21;-200;-200;1728;206;0;
3598;2025.06.22 19:45;-24;20.375;-200;-200;1728;206;0;
3599;2025.06.22 20:00;-24;20.5;-200;-200;1728;206;0;
3600;2025.06.22 20:15;-24;20.875;-200;-200;1727;206;0;
3601;2025.06.22 20:30;-24;21;-200;-200;1728;206;0;
3602;2025.06.22 20:45;-24;21.125;-200;-200;1728;206;0;
3603;2025.06.22 21:00;-24;21.375;-200;-200;1728;206;0;
3604;2025.06.22 21:15;-24;21.4375;-200;-200;1728;206;0;
3605;2025.06.22 21:30;-24;22.3125;-200;-200;1728;206;0;
3606;2025.06.22 21:45;-24;22.25;-200;-200;1728;206;0;
3607;2025.06.22 22:00;-24;23.25;-200;-200;1727;206;0;
3608;2025.06.22 22:15;-24;22.625;-200;-200;1727;206;0;
3609;2025.06.22 22:30;-24;21.625;-200;-200;1727;206;0;
3610;2025.06.22 22:45;-24;21.5;-200;-200;1727;206;0;
3611;2025.06.22 23:00;-24;20.875;-200;-200;1727;206;0;
3612;2025.06.22 23:15;-24;21.875;-200;-200;1727;206;0;
3613;2025.06.22 23:30;-24;21.625;-200;-200;1727;206;0;
3614;2025.06.22 23:45;-24;20.75;-200;-200;1727;206;0;
3615;2025.06.23 00:00;-24;21;-200;-200;1727;206;0;
3616;2025.06.23 00:15;-24;19.625;-200;-200;1728;206;0;
3617;2025.06.23 00:30;-24;18.8125;-200;-200;1728;206;0;
3618;2025.06.23 00:45;-24;18.375;-200;-200;1728;206;0;
3619;2025.06.23 01:00;-24;17.8125;-200;-200;1728;206;0;
3620;2025.06.23 01:15;-24;17.5;-200;-200;1728;206;0;
3621;2025.06.23 01:30;-24;17;-200;-200;1728;206;0;
3622;2025.06.23 01:45;-24;16.375;-200;-200;1728;206;0;
3623;2025.06.23 02:00;-24;15.0625;-200;-200;1728;206;0;
3624;2025.06.23 02:15;-24;13.375;-200;-200;1728;206;0;
3625;2025.06.23 02:30;-24;11.9375;-200;-200;1727;206;0;
3626;2025.06.23 02:45;-24;10.375;-200;-200;1727;206;0;
3627;2025.06.23 03:00;-24;9.125;-200;-200;1727;206;0;
3628;2025.06.23 03:15;-24;8.125;-200;-200;1726;206;0;
3629;2025.06.23 03:30;-24;7.5;-200;-200;1726;206;0;
3630;2025.06.23 03:45;-24;6.8125;-200;-200;1726;206;0;
3631;2025.06.23 04:00;-24;6.1875;-200;-200;1726;206;0;
3632;2025.06.23 04:15;-24;5.75;-200;-200;1725;206;0;
3633;2025.06.23 04:30;-24;5.375;-200;-200;1725;206;0;
3634;2025.06.23 04:45;-24;5.125;-200;-200;1725;206;0;
3635;2025.06.23 05:00;-24;4.8125;-200;-200;1726;206;0;
3636;2025.06.23 05:15;-24;4.625;-200;-200;1726;206;0;
3637;2025.06.23 05:30;-24;4.375;-200;-200;1725;206;0;
3638;2025.06.23 05:45;-24;4.125;-200;-200;1726;206;0;
3639;2025.06.23 06:00;-24;4;-200;-200;1725;206;0;
3640;2025.06.23 06:15;-24;3.875;-200;-200;1725;206;0;
3641;2025.06.23 06:30;-24;3.75;-200;-200;1725;206;0;
3642;2025.06.23 06:45;-24;3.8125;-200;-200;1725;206;0;
3643;2025.06.23 07:00;-24;3.875;-200;-200;1725;206;0;
3644;2025.06.23 07:15;-24;3.875;-200;-200;1726;206;0;
3645;2025.06.23 07:30;-24;3.875;-200;-200;1725;206;0;
3646;2025.06.23 07:45;-24;3.8125;-200;-200;1726;206;0;
3647;2025.06.23 08:00;-24;3.625;-200;-200;1726;206;0;
3648;2025.06.23 08:15;-24;3.4375;-200;-200;1725;206;0;
3649;2025.06.23 08:30;-24;3.25;-200;-200;1725;206;0;
3650;2025.06.23 08:45;-24;3.125;-200;-200;1726;206;0;
3651;2025.06.23 09:00;-24;3;-200;-200;1726;206;0;
3652;2025.06.23 09:15;-24;2.875;-200;-200;1725;206;0;
3653;2025.06.23 09:30;-24;2.625;-200;-200;1725;206;0;
3654;2025.06.23 09:45;-24;2.375;-200;-200;1725;206;0;
3655;2025.06.23 10:00;-24;2.125;-200;-200;1725;206;0;
3656;2025.06.23 10:15;-24;1.875;-200;-200;1725;206;0;
3657;2025.06.23 10:30;-24;1.75;-200;-200;1725;206;0;
3658;2025.06.23 10:45;-24;1.6875;-200;-200;1725;206;0;
3659;2025.06.23 11:00;-24;1.625;-200;-200;1725;206;0;
3660;2025.06.23 11:15;-24;1.4375;-200;-200;1725;206;0;
3661;2025.06.23 11:30;-24;1.25;-200;-200;1725;206;0;
3662;2025.06.23 11:45;-24;1.0625;-200;-200;1725;206;0;
3663;2025.06.23 12:00;-24;1.0625;-200;-200;1725;206;0;
3664;2025.06.23 12:15;-24;1.1875;-200;-200;1725;206;0;
3665;2025.06.23 12:30;-24;1.375;-200;-200;1725;206;0;
3666;2025.06.23 12:45;-24;1.9375;-200;-200;1725;206;0;
3667;2025.06.23 13:00;-24;2.625;-200;-200;1725;206;0;
3668;2025.06.23 13:15;-24;3.4375;-200;-200;1725;206;0;
3669;2025.06.23 13:30;-24;7.3125;-200;-200;1724;206;0;
3670;2025.06.23 13:45;-24;10.4375;-200;-200;1722;206;0;
3671;2025.06.23 14:00;-24;12.375;-200;-200;1722;206;0;
3672;2025.06.23 14:15;-24;15.5;-200;-200;1720;206;0;
3673;2025.06.23 14:30;-24;18.125;-200;-200;1720;206;0;
3674;2025.06.23 14:45;-24;23.25;-200;-200;1718;206;0;
3675;2025.06.23 15:00;-24;24.25;-200;-200;1718;206;0;
3676;2025.06.23 15:15;-24;21.5;-200;-200;1719;206;0;
3677;2025.06.23 15:30;-24;20.875;-200;-200;1719;206;0;
3678;2025.06.23 15:45;-24;20.875;-200;-200;1719;206;0;
3679;2025.06.23 16:00;-24;20.75;-200;-200;1719;206;0;
3680;2025.06.23 16:15;-24;20.5625;-200;-200;1719;206;0;
3681;2025.06.23 16:30;-24;19.75;-200;-200;1720;206;0;
3682;2025.06.23 16:45;-24;18.625;-200;-200;1720;206;0;
3683;2025.06.23 17:00;-24;19.8125;-200;-200;1720;206;0;
3684;2025.06.23 17:15;-24;22.875;-200;-200;1719;206;0;
3685;2025.06.23 17:30;-24;24.375;-200;-200;1718;206;0;
3686;2025.06.23 17:45;-24;24.625;-200;-200;1718;206;0;
3687;2025.06.23 18:00;-24;24.25;-200;-200;1718;206;0;
3688;2025.06.23 18:15;-24;24.125;-200;-200;1718;206;0;
3689;2025.06.23 18:30;-24;23.5;-200;-200;1718;206;0;
3690;2025.06.23 18:45;-24;22.25;-200;-200;1719;206;0;
3691;2025.06.23 19:00;-24;22;-200;-200;1719;206;0;
3692;2025.06.23 19:15;-24;21.625;-200;-200;1719;206;0;
3693;2025.06.23 19:30;-24;21.625;-200;-200;1719;206;0;
3694;2025.06.23 19:45;-24;21.5;-200;-200;1719;206;0;
3695;2025.06.23 20:00;-24;21.5;-200;-200;1719;206;0;
3696;2025.06.23 20:15;-24;22;-200;-200;1719;206;0;
3697;2025.06.23 20:30;-24;22.625;-200;-200;1719;206;0;
3698;2025.06.23 20:45;-24;21.625;-200;-200;1719;206;0;
3699;2025.06.23 21:00;-24;22.4375;-200;-200;1719;206;0;
3700;2025.06.23 21:15;-24;23.25;-200;-200;1719;206;0;
3701;2025.06.23 21:30;-24;22.875;-200;-200;1719;206;0;
3702;2025.06.23 21:45;-24;23.625;-200;-200;1719;206;0;
3703;2025.06.23 22:00;-24;24.625;-200;-200;1718;206;0;
3704;2025.06.23 22:15;-24;24.375;-200;-200;1718;206;0;
3705;2025.06.23 22:30;-24;23.375;-200;-200;1718;206;0;
3706;2025.06.23 22:45;-24;22.9375;-200;-200;1718;206;0;
3707;2025.06.23 23:00;-24;22.375;-200;-200;1719;206;0;
3708;2025.06.23 23:15;-24;22.875;-200;-200;1719;206;0;
3709;2025.06.23 23:30;-24;22.5625;-200;-200;1719;206;0;
3710;2025.06.23 23:45;-24;20.875;-200;-200;1719;206;0;
3711;2025.06.24 00:00;-24;22.4375;-200;-200;1719;206;0;
3712;2025.06.24 00:15;-24;21.3125;-200;-200;1719;206;0;
3713;2025.06.24 00:30;-24;20.6875;-200;-200;1719;206;0;
3714;2025.06.24 00:45;-24;20.4375;-200;-200;1719;206;0;
3715;2025.06.24 01:00;-24;19.875;-200;-200;1719;206;0;
3716;2025.06.24 01:15;-24;19.25;-200;-200;1719;206;0;
3717;2025.06.24 01:30;-24;18.5;-200;-200;1719;206;0;
3718;2025.06.24 01:45;-24;17.75;-200;-200;1720;206;0;
3719;2025.06.24 02:00;-24;16.875;-200;-200;1720;206;0;
3720;2025.06.24 02:15;-24;15.25;-200;-200;1720;206;0;
3721;2025.06.24 02:30;-24;13.8125;-200;-200;1721;206;0;
3722;2025.06.24 02:45;-24;12.5;-200;-200;1721;206;0;
3723;2025.06.24 03:00;-24;11.5;-200;-200;1721;206;0;
3724;2025.06.24 03:15;-24;10.5;-200;-200;1721;206;0;
3725;2025.06.24 03:30;-24;9.75;-200;-200;1721;206;0;
3726;2025.06.24 03:45;-24;9.25;-200;-200;1720;206;0;
3727;2025.06.24 04:00;-24;8.8125;-200;-200;1720;206;0;
3728;2025.06.24 04:15;-24;8.375;-200;-200;1721;206;0;
3729;2025.06.24 04:30;-24;8.0625;-200;-200;1720;206;0;
3730;2025.06.24 04:45;-24;7.8125;-200;-200;1721;206;0;
3731;2025.06.24 05:00;-24;7.625;-200;-200;1721;206;0;
3732;2025.06.24 05:15;-24;7.5;-200;-200;1721;206;0;
3733;2025.06.24 05:30;-24;7.375;-200;-200;1720;206;0;
3734;2025.06.24 05:45;-24;7.3125;-200;-200;1721;206;0;
3735;2025.06.24 06:00;-24;7.375;-200;-200;1721;206;0;
3736;2025.06.24 06:15;-24;8.125;-200;-200;1721;206;0;
3737;2025.06.24 06:30;-24;8.625;-200;-200;1721;206;0;
3738;2025.06.24 06:45;-24;8.6875;-200;-200;1721;206;0;
3739;2025.06.24 07:00;-24;9.25;-200;-200;1720;206;0;
3740;2025.06.24 07:15;-24;9.625;-200;-200;1720;206;0;
3741;2025.06.24 07:30;-24;9.625;-200;-200;1720;206;0;
3742;2025.06.24 07:45;-24;9.4375;-200;-200;1720;206;0;
3743;2025.06.24 08:00;-24;9.375;-200;-200;1721;206;0;
3744;2025.06.24 08:15;-24;9.5;-200;-200;1720;206;0;
3745;2025.06.24 08:30;-24;9.625;-200;-200;1720;206;0;
3746;2025.06.24 08:45;-24;9.5;-200;-200;1720;206;0;
3747;2025.06.24 09:00;-24;9.5;-200;-200;1721;206;0;
3748;2025.06.24 09:15;-24;9.625;-200;-200;1720;206;0;
3749;2025.06.24 09:30;-24;9.625;-200;-200;1720;206;0;
3750;2025.06.24 09:45;-24;10;-200;-200;1720;206;0;
3751;2025.06.24 10:00;-24;11.75;-200;-200;1720;206;0;
3752;2025.06.24 10:15;-24;10.625;-200;-200;1720;206;0;
3753;2025.06.24 10:30;-24;11.3125;-200;-200;1720;206;0;
3754;2025.06.24 10:45;-24;11.75;-200;-200;1720;206;0;
3755;2025.06.24 11:00;-24;11.25;-200;-200;1720;206;0;
3756;2025.06.24 11:15;-24;10.75;-200;-200;1720;206;0;
3757;2025.06.24 11:30;-24;10.375;-200;-200;1720;206;0;
3758;2025.06.24 11:45;-24;9.125;-200;-200;1720;206;0;
3759;2025.06.24 12:00;-24;8.1875;-200;-200;1720;206;0;
3760;2025.06.24 12:15;-24;7.375;-200;-200;1720;206;0;
3761;2025.06.24 12:30;-24;7.5;-200;-200;1721;206;0;
3762;2025.06.24 12:45;-24;8.5;-200;-200;1720;206;0;
3763;2025.06.24 13:00;-24;9.0625;-200;-200;1720;206;0;
3764;2025.06.24 13:15;-24;9.8125;-200;-200;1720;206;0;
3765;2025.06.24 13:30;-24;13.375;-200;-200;1720;206;0;
3766;2025.06.24 13:45;-24;16.0625;-200;-200;1718;206;0;
3767;2025.06.24 14:00;-24;17.125;-200;-200;1718;206;0;
3768;2025.06.24 14:15;-24;20.25;-200;-200;1717;206;0;
3769;2025.06.24 14:30;-24;22.875;-200;-200;1716;206;0;
3770;2025.06.24 14:45;-24;23.875;-200;-200;1715;206;0;
3771;2025.06.24 15:00;-24;24.5;-200;-200;1715;206;0;
3772;2025.06.24 15:15;-24;18;-200;-200;1716;206;0;
3773;2025.06.24 15:30;-24;20;-200;-200;1717;206;0;
3774;2025.06.24 15:45;-24;22.4375;-200;-200;1716;206;0;
3775;2025.06.24 16:00;-24;22.125;-200;-200;1716;206;0;
3776;2025.06.24 16:15;-24;22.875;-200;-200;1716;206;0;
3777;2025.06.24 16:30;-24;21.9375;-200;-200;1716;206;0;
3778;2025.06.24 16:45;-24;21.125;-200;-200;1716;206;0;
3779;2025.06.24 17:00;-24;21.75;-200;-200;1716;206;0;
3780;2025.06.24 17:15;-24;23.625;-200;-200;1716;206;0;
3781;2025.06.24 17:30;-24;23;-200;-200;1715;206;0;
3782;2025.06.24 17:45;-24;24.9375;-200;-200;1715;206;0;
3783;2025.06.24 18:00;-24;23.9375;-200;-200;1715;206;0;
3784;2025.06.24 18:15;-24;25.25;-200;-200;1715;206;0;
3785;2025.06.24 18:30;-24;25.625;-200;-200;1715;206;0;
3786;2025.06.24 18:45;-24;23.625;-200;-200;1716;206;0;
3787;2025.06.24 19:00;-24;23;-200;-200;1716;206;0;
3788;2025.06.24 19:15;-24;23.9375;-200;-200;1716;206;0;
3789;2025.06.24 19:30;-24;24.5;-200;-200;1716;206;0;
3790;2025.06.24 19:45;-24;23.25;-200;-200;1716;206;0;
3791;2025.06.24 20:00;-24;24.125;-200;-200;1716;206;0;
3792;2025.06.24 20:15;-24;23;-200;-200;1716;206;0;
3793;2025.06.24 20:30;-24;23.75;-200;-200;1716;206;0;
3794;2025.06.24 20:45;-24;21.6875;-200;-200;1716;206;0;
3795;2025.06.24 21:00;-24;22;-200;-200;1716;206;0;
3796;2025.06.24 21:15;-24;21.625;-200;-200;1716;206;0;
3797;2025.06.24 21:30;-24;21.0625;-200;-200;1716;206;0;
3798;2025.06.24 21:45;-24;22.9375;-200;-200;1716;206;0;
3799;2025.06.24 22:00;-24;23.375;-200;-200;1716;206;0;
3800;2025.06.24 22:15;-24;24;-200;-200;1716;206;0;
3801;2025.06.24 22:30;-24;22.5;-200;-200;1716;206;0;
3802;2025.06.24 22:45;-24;21.75;-200;-200;1716;206;0;
3803;2025.06.24 23:00;-24;22.875;-200;-200;1716;206;0;
3804;2025.06.24 23:15;-24;23.125;-200;-200;1716;206;0;
3805;2025.06.24 23:30;-24;23.125;-200;-200;1716;206;0;
3806;2025.06.24 23:45;-24;21.125;-200;-200;1716;206;0;
3807;2025.06.25 00:00;-24;21.875;-200;-200;1716;206;0;
3808;2025.06.25 00:15;-24;20.625;-200;-200;1716;206;0;
3809;2025.06.25 00:30;-24;20.125;-200;-200;1716;206;0;
3810;2025.06.25 00:45;-24;19.6875;-200;-200;1716;206;0;
3811;2025.06.25 01:00;-24;20.25;-200;-200;1716;206;0;
3812;2025.06.25 01:15;-24;19.875;-200;-200;1716;206;0;
3813;2025.06.25 01:30;-24;19.25;-200;-200;1716;206;0;
3814;2025.06.25 01:45;-24;18.75;-200;-200;1716;206;0;
3815;2025.06.25 02:00;-24;17.875;-200;-200;1717;206;0;
3816;2025.06.25 02:15;-24;17.25;-200;-200;1717;206;0;
3817;2025.06.25 02:30;-24;16.75;-200;-200;1717;206;0;
3818;2025.06.25 02:45;-24;16.25;-200;-200;1717;206;0;
3819;2025.06.25 03:00;-24;15.9375;-200;-200;1717;206;0;
3820;2025.06.25 03:15;-24;15.25;-200;-200;1717;206;0;
3821;2025.06.25 03:30;-24;14.125;-200;-200;1717;206;0;
3822;2025.06.25 03:45;-24;12.75;-200;-200;1717;206;0;
3823;2025.06.25 04:00;-24;11.625;-200;-200;1717;206;0;
3824;2025.06.25 04:15;-24;10.75;-200;-200;1717;206;0;
3825;2025.06.25 04:30;-24;10;-200;-200;1717;206;0;
3826;2025.06.25 04:45;-24;9.5;-200;-200;1717;206;0;
3827;2025.06.25 05:00;-24;9;-200;-200;1717;206;0;
3828;2025.06.25 05:15;-24;8.875;-200;-200;1717;206;0;
3829;2025.06.25 05:30;-24;8.5625;-200;-200;1717;206;0;
3830;2025.06.25 05:45;-24;8.4375;-200;-200;1717;206;0;
3831;2025.06.25 06:00;-24;8.25;-200;-200;1717;206;0;
3832;2025.06.25 06:15;-24;8;-200;-200;1717;206;0;
3833;2025.06.25 06:30;-24;7.5;-200;-200;1717;206;0;
3834;2025.06.25 06:45;-24;7.625;-200;-200;1717;206;0;
3835;2025.06.25 07:00;-24;7.875;-200;-200;1717;206;0;
3836;2025.06.25 07:15;-24;8.3125;-200;-200;1717;206;0;
3837;2025.06.25 07:30;-24;8.625;-200;-200;1718;206;0;
3838;2025.06.25 07:45;-24;8.625;-200;-200;1717;206;0;
3839;2025.06.25 08:00;-24;8.375;-200;-200;1717;206;0;
3840;2025.06.25 08:15;-24;8.375;-200;-200;1717;206;0;
3841;2025.06.25 08:30;-24;8.3125;-200;-200;1717;206;0;
3842;2025.06.25 08:45;-24;8.125;-200;-200;1717;206;0;
3843;2025.06.25 09:00;-24;7.75;-200;-200;1717;206;0;
3844;2025.06.25 09:15;-24;7.5625;-200;-200;1718;206;0;
3845;2025.06.25 09:30;-24;7.25;-200;-200;1717;206;0;
3846;2025.06.25 09:45;-24;7;-200;-200;1717;206;0;
3847;2025.06.25 10:00;-24;6.8125;-200;-200;1717;206;0;
3848;2025.06.25 10:15;-24;6.625;-200;-200;1718;206;0;
3849;2025.06.25 10:30;-24;6.25;-200;-200;1717;206;0;
3850;2025.06.25 10:45;-24;6.1875;-200;-200;1718;206;0;
3851;2025.06.25 11:00;-24;6;-200;-200;1718;206;0;
3852;2025.06.25 11:15;-24;5.75;-200;-200;1718;206;0;
3853;2025.06.25 11:30;-24;5.5;-200;-200;1718;206;0;
3854;2025.06.25 11:45;-24;5.25;-200;-200;1718;206;0;
3855;2025.06.25 12:00;-24;5.0625;-200;-200;1718;206;0;
3856;2025.06.25 12:15;-24;5.125;-200;-200;1718;206;0;
3857;2025.06.25 12:30;-24;5.25;-200;-200;1718;206;0;
3858;2025.06.25 12:45;-24;5.75;-200;-200;1718;206;0;
3859;2025.06.25 13:00;-24;6.5;-200;-200;1718;206;0;
3860;2025.06.25 13:15;-24;7.4375;-200;-200;1718;206;0;
3861;2025.06.25 13:30;-24;10.5625;-200;-200;1717;206;0;
3862;2025.06.25 13:45;-24;13.875;-200;-200;1716;206;0;
3863;2025.06.25 14:00;-24;16.5;-200;-200;1716;206;0;
3864;2025.06.25 14:15;-24;17.125;-200;-200;1716;206;0;
3865;2025.06.25 14:30;-24;19.0625;-200;-200;1714;206;0;
3866;2025.06.25 14:45;-24;22.5;-200;-200;1713;206;0;
3867;2025.06.25 15:00;-24;26;-200;-200;1713;206;0;
3868;2025.06.25 15:15;-24;23.3125;-200;-200;1714;206;0;
3869;2025.06.25 15:30;-24;22.875;-200;-200;1714;206;0;
3870;2025.06.25 15:45;-24;24.1875;-200;-200;1714;206;0;
3871;2025.06.25 16:00;-24;22.5;-200;-200;1714;206;0;
3872;2025.06.25 16:15;-24;22.75;-200;-200;1714;206;0;
3873;2025.06.25 16:30;-24;21.375;-200;-200;1715;206;0;
3874;2025.06.25 16:45;-24;21.75;-200;-200;1715;206;0;
3875;2025.06.25 17:00;-24;20.6875;-200;-200;1715;206;0;
3876;2025.06.25 17:15;-24;23.125;-200;-200;1714;206;0;
3877;2025.06.25 17:30;-24;25;-200;-200;1714;206;0;
3878;2025.06.25 17:45;-24;20.9375;-200;-200;1714;206;0;
3879;2025.06.25 18:00;-24;25.0625;-200;-200;1713;206;0;
3880;2025.06.25 18:15;-24;25.875;-200;-200;1713;206;0;
3881;2025.06.25 18:30;-24;23.125;-200;-200;1713;206;0;
3882;2025.06.25 18:45;-24;21.9375;-200;-200;1714;206;0;
3883;2025.06.25 19:00;-24;24.5;-200;-200;1714;206;0;
3884;2025.06.25 19:15;-24;23.125;-200;-200;1714;206;0;
3885;2025.06.25 19:30;-24;24.25;-200;-200;1714;206;0;
3886;2025.06.25 19:45;-24;22.0625;-200;-200;1714;206;0;
3887;2025.06.25 20:00;-24;22.875;-200;-200;1714;206;0;
3888;2025.06.25 20:15;-24;20.3125;-200;-200;1714;206;0;
3889;2025.06.25 20:30;-24;22.875;-200;-200;1714;206;0;
3890;2025.06.25 20:45;-24;24.125;-200;-200;1714;206;0;
3891;2025.06.25 21:00;-24;24.4375;-200;-200;1714;206;0;
3892;2025.06.25 21:15;-24;24.75;-200;-200;1714;206;0;
3893;2025.06.25 21:30;-24;24.4375;-200;-200;1714;206;0;
3894;2025.06.25 21:45;-24;24.6875;-200;-200;1714;206;0;
3895;2025.06.25 22:00;-24;25.3125;-200;-200;1713;206;0;
3896;2025.06.25 22:15;-24;23.5625;-200;-200;1713;206;0;
3897;2025.06.25 22:30;-24;22.625;-200;-200;1714;206;0;
3898;2025.06.25 22:45;-24;22.125;-200;-200;1714;206;0;
3899;2025.06.25 23:00;-24;22.375;-200;-200;1714;206;0;
3900;2025.06.25 23:15;-24;22.625;-200;-200;1714;206;0;
3901;2025.06.25 23:30;-24;23.625;-200;-200;1714;206;0;
3902;2025.06.25 23:45;-24;22.75;-200;-200;1714;206;0;
3903;2025.06.26 00:00;-24;22.4375;-200;-200;1714;206;0;
3904;2025.06.26 00:15;-24;19.8125;-200;-200;1714;206;0;
3905;2025.06.26 00:30;-24;20;-200;-200;1714;206;0;
3906;2025.06.26 00:45;-24;19.6875;-200;-200;1714;206;0;
3907;2025.06.26 01:00;-24;19;-200;-200;1714;206;0;
3908;2025.06.26 01:15;-24;17.875;-200;-200;1715;206;0;
3909;2025.06.26 01:30;-24;16.75;-200;-200;1715;206;0;
3910;2025.06.26 01:45;-24;15.9375;-200;-200;1715;206;0;
3911;2025.06.26 02:00;-24;14.625;-200;-200;1715;206;0;
3912;2025.06.26 02:15;-24;13.375;-200;-200;1715;206;0;
3913;2025.06.26 02:30;-24;12.125;-200;-200;1715;206;0;
3914;2025.06.26 02:45;-24;10.875;-200;-200;1715;206;0;
3915;2025.06.26 03:00;-24;9.6875;-200;-200;1715;206;0;
3916;2025.06.26 03:15;-24;8.625;-200;-200;1715;206;0;
3917;2025.06.26 03:30;-24;7.75;-200;-200;1715;206;0;
3918;2025.06.26 03:45;-24;7;-200;-200;1714;206;0;
3919;2025.06.26 04:00;-24;6.375;-200;-200;1714;206;0;
3920;2025.06.26 04:15;-24;5.875;-200;-200;1715;206;0;
3921;2025.06.26 04:30;-24;5.5;-200;-200;1714;206;0;
3922;2025.06.26 04:45;-24;5.25;-200;-200;1714;206;0;
3923;2025.06.26 05:00;-24;4.875;-200;-200;1714;206;0;
3924;2025.06.26 05:15;-24;4.625;-200;-200;1714;206;0;
3925;2025.06.26 05:30;-24;4.3125;-200;-200;1714;206;0;
3926;2025.06.26 05:45;-24;4.125;-200;-200;1714;206;0;
3927;2025.06.26 06:00;-24;3.9375;-200;-200;1714;206;0;
3928;2025.06.26 06:15;-24;3.875;-200;-200;1714;206;0;
3929;2025.06.26 06:30;-24;3.5625;-200;-200;1714;206;0;
3930;2025.06.26 06:45;-24;3.375;-200;-200;1714;206;0;
3931;2025.06.26 07:00;-24;3.125;-200;-200;1714;206;0;
3932;2025.06.26 07:15;-24;3;-200;-200;1714;206;0;
3933;2025.06.26 07:30;-24;2.75;-200;-200;1713;206;0;
3934;2025.06.26 07:45;-24;2.625;-200;-200;1713;206;0;
3935;2025.06.26 08:00;-24;2.5;-200;-200;1714;206;0;
3936;2025.06.26 08:15;-24;2.375;-200;-200;1714;206;0;
3937;2025.06.26 08:30;-24;2.25;-200;-200;1713;206;0;
3938;2025.06.26 08:45;-24;2.25;-200;-200;1714;206;0;
3939;2025.06.26 09:00;-24;1.875;-200;-200;1713;206;0;
3940;2025.06.26 09:15;-24;1.625;-200;-200;1713;206;0;
3941;2025.06.26 09:30;-24;1.375;-200;-200;1713;206;0;
3942;2025.06.26 09:45;-24;1.25;-200;-200;1714;206;0;
3943;2025.06.26 10:00;-24;1.1875;-200;-200;1713;206;0;
3944;2025.06.26 10:15;-24;1;-200;-200;1713;206;0;
3945;2025.06.26 10:30;-24;0.9375;-200;-200;1713;206;0;
3946;2025.06.26 10:45;-24;0.875;-200;-200;1713;206;0;
3947;2025.06.26 11:00;-24;0.75;-200;-200;1713;206;0;
3948;2025.06.26 11:15;-24;0.5;-200;-200;1713;206;0;
3949;2025.06.26 11:30;-24;0.5625;-200;-200;1713;206;0;
3950;2025.06.26 11:45;-24;0.625;-200;-200;1713;206;0;
3951;2025.06.26 12:00;-24;0.625;-200;-200;1713;206;0;
3952;2025.06.26 12:15;-24;0.6875;-200;-200;1713;206;0;
3953;2025.06.26 12:30;-24;0.875;-200;-200;1713;206;0;
3954;2025.06.26 12:45;-24;1.1875;-200;-200;1713;206;0;
3955;2025.06.26 13:00;-24;1.6875;-200;-200;1713;206;0;
3956;2025.06.26 13:15;-24;2.6875;-200;-200;1713;206;0;
3957;2025.06.26 13:30;-24;6.25;-200;-200;1713;206;0;
3958;2025.06.26 13:45;-24;9.625;-200;-200;1711;206;0;
3959;2025.06.26 14:00;-24;11;-200;-200;1711;206;0;
3960;2025.06.26 14:15;-24;14.8125;-200;-200;1711;206;0;
3961;2025.06.26 14:30;-24;17.75;-200;-200;1708;206;0;
3962;2025.06.26 14:45;-24;21;-200;-200;1707;206;0;
3963;2025.06.26 15:00;-24;23.8125;-200;-200;1707;206;0;
3964;2025.06.26 15:15;-24;24;-200;-200;1707;206;0;
3965;2025.06.26 15:30;-24;23.75;-200;-200;1708;206;0;
3966;2025.06.26 15:45;-24;25.6875;-200;-200;1708;206;0;
3967;2025.06.26 16:00;-24;24.125;-200;-200;1708;206;0;
3968;2025.06.26 16:15;-24;23.5625;-200;-200;1708;206;0;
3969;2025.06.26 16:30;-24;23;-200;-200;1708;206;0;
3970;2025.06.26 16:45;-24;22;-200;-200;1708;206;0;
3971;2025.06.26 17:00;-24;23.5;-200;-200;1708;206;0;
3972;2025.06.26 17:15;-24;26.125;-200;-200;1707;206;0;
3973;2025.06.26 17:30;-24;28.375;-200;-200;1705;206;0;
3974;2025.06.26 17:45;-24;28;-200;-200;1705;206;0;
3975;2025.06.26 18:00;-24;27.5;-200;-200;1706;206;0;
3976;2025.06.26 18:15;-24;27;-200;-200;1706;206;0;
3977;2025.06.26 18:30;-24;26.0625;-200;-200;1706;206;0;
3978;2025.06.26 18:45;-24;25.375;-200;-200;1706;206;0;
3979;2025.06.26 19:00;-24;24.5;-200;-200;1707;206;0;
3980;2025.06.26 19:15;-24;24.125;-200;-200;1707;206;0;
3981;2025.06.26 19:30;-24;23.375;-200;-200;1707;206;0;
3982;2025.06.26 19:45;-24;24.0625;-200;-200;1707;206;0;
3983;2025.06.26 20:00;-24;24;-200;-200;1707;206;0;
3984;2025.06.26 20:15;-24;24.875;-200;-200;1707;206;0;
3985;2025.06.26 20:30;-24;23.5;-200;-200;1707;206;0;
3986;2025.06.26 20:45;-24;25;-200;-200;1707;206;0;
3987;2025.06.26 21:00;-24;25;-200;-200;1707;206;0;
3988;2025.06.26 21:15;-24;26.4375;-200;-200;1707;206;0;
3989;2025.06.26 21:30;-24;26.5;-200;-200;1707;206;0;
3990;2025.06.26 21:45;-24;23.25;-200;-200;1707;206;0;
3991;2025.06.26 22:00;-24;26.375;-200;-200;1707;206;0;
3992;2025.06.26 22:15;-24;25.4375;-200;-200;1707;206;0;
3993;2025.06.26 22:30;-24;25;-200;-200;1707;206;0;
3994;2025.06.26 22:45;-24;24.25;-200;-200;1707;206;0;
3995;2025.06.26 23:00;-24;24.1875;-200;-200;1707;206;0;
3996;2025.06.26 23:15;-24;24.4375;-200;-200;1707;206;0;
3997;2025.06.26 23:30;-24;24.625;-200;-200;1707;206;0;
3998;2025.06.26 23:45;-24;22.75;-200;-200;1707;206;0;
3999;2025.06.27 00:00;-24;20.3125;-200;-200;1708;206;0;
4000;2025.06.27 00:15;-24;20.5;-200;-200;1708;206;0;
4001;2025.06.27 00:30;-24;18.625;-200;-200;1708;206;0;
4002;2025.06.27 00:45;-24;19.0625;-200;-200;1708;206;0;
4003;2025.06.27 01:00;-24;19.8125;-200;-200;1708;206;0;
4004;2025.06.27 01:15;-24;19.75;-200;-200;1708;206;0;
4005;2025.06.27 01:30;-24;19;-200;-200;1708;206;0;
4006;2025.06.27 01:45;-24;17.25;-200;-200;1708;206;0;
4007;2025.06.27 02:00;-24;16.3125;-200;-200;1708;206;0;
4008;2025.06.27 02:15;-24;15;-200;-200;1708;206;0;
4009;2025.06.27 02:30;-24;13.5625;-200;-200;1708;206;0;
4010;2025.06.27 02:45;-24;12.1875;-200;-200;1707;206;0;
4011;2025.06.27 03:00;-24;10.875;-200;-200;1707;206;0;
4012;2025.06.27 03:15;-24;9.875;-200;-200;1707;206;0;
4013;2025.06.27 03:30;-24;8.875;-200;-200;1707;206;0;
4014;2025.06.27 03:45;-24;8;-200;-200;1706;206;0;
4015;2025.06.27 04:00;-24;7.375;-200;-200;1706;206;0;
4016;2025.06.27 04:15;-24;6.75;-200;-200;1706;206;0;
4017;2025.06.27 04:30;-24;6.25;-200;-200;1706;206;0;
4018;2025.06.27 04:45;-24;5.8125;-200;-200;1706;206;0;
4019;2025.06.27 05:00;-24;5.375;-200;-200;1706;206;0;
4020;2025.06.27 05:15;-24;5.125;-200;-200;1706;206;0;
4021;2025.06.27 05:30;-24;5;-200;-200;1706;206;0;
4022;2025.06.27 05:45;-24;4.75;-200;-200;1706;206;0;
4023;2025.06.27 06:00;-24;4.5;-200;-200;1706;206;0;
4024;2025.06.27 06:15;-24;4.375;-200;-200;1706;206;0;
4025;2025.06.27 06:30;-24;4.0625;-200;-200;1706;206;0;
4026;2025.06.27 06:45;-24;3.875;-200;-200;1706;206;0;
4027;2025.06.27 07:00;-24;3.9375;-200;-200;1706;206;0;
4028;2025.06.27 07:15;-24;3.75;-200;-200;1706;206;0;
4029;2025.06.27 07:30;-24;3.6875;-200;-200;1705;206;0;
4030;2025.06.27 07:45;-24;3.625;-200;-200;1706;206;0;
4031;2025.06.27 08:00;-24;3.5;-200;-200;1706;206;0;
4032;2025.06.27 08:15;-24;3.3125;-200;-200;1706;206;0;
4033;2025.06.27 08:30;-24;3.125;-200;-200;1706;206;0;
4034;2025.06.27 08:45;-24;3.125;-200;-200;1706;206;0;
4035;2025.06.27 09:00;-24;2.9375;-200;-200;1706;206;0;
4036;2025.06.27 09:15;-24;2.8125;-200;-200;1706;206;0;
4037;2025.06.27 09:30;-24;2.5625;-200;-200;1706;206;0;
4038;2025.06.27 09:45;-24;2.375;-200;-200;1706;206;0;
4039;2025.06.27 10:00;-24;2.25;-200;-200;1706;206;0;
4040;2025.06.27 10:15;-24;2.1875;-200;-200;1706;206;0;
4041;2025.06.27 10:30;-24;2;-200;-200;1706;206;0;
4042;2025.06.27 10:45;-24;2;-200;-200;1706;206;0;
4043;2025.06.27 11:00;-24;2;-200;-200;1706;206;0;
4044;2025.06.27 11:15;-24;2;-200;-200;1706;206;0;
4045;2025.06.27 11:30;-24;2;-200;-200;1706;206;0;
4046;2025.06.27 11:45;-24;1.875;-200;-200;1706;206;0;
4047;2025.06.27 12:00;-24;1.75;-200;-200;1706;206;0;
4048;2025.06.27 12:15;-24;1.75;-200;-200;1705;206;0;
4049;2025.06.27 12:30;-24;1.875;-200;-200;1705;206;0;
4050;2025.06.27 12:45;-24;2.125;-200;-200;1705;206;0;
4051;2025.06.27 13:00;-24;2.625;-200;-200;1705;206;0;
4052;2025.06.27 13:15;-24;3.375;-200;-200;1705;206;0;
4053;2025.06.27 13:30;-24;6.875;-200;-200;1705;206;0;
4054;2025.06.27 13:45;-24;9.6875;-200;-200;1704;206;0;
4055;2025.06.27 14:00;-24;11.375;-200;-200;1703;206;0;
4056;2025.06.27 14:15;-24;15.25;-200;-200;1702;206;0;
4057;2025.06.27 14:30;-24;18.25;-200;-200;1701;206;0;
4058;2025.06.27 14:45;-24;21.25;-200;-200;1698;206;0;
4059;2025.06.27 15:00;-24;24.9375;-200;-200;1697;206;0;
4060;2025.06.27 15:15;-24;25.875;-200;-200;1698;206;0;
4061;2025.06.27 15:30;-24;25.5;-200;-200;1698;206;0;
4062;2025.06.27 15:45;-24;26.5;-200;-200;1698;206;0;
4063;2025.06.27 16:00;-24;26;-200;-200;1698;206;0;
4064;2025.06.27 16:15;-24;25.625;-200;-200;1698;206;0;
4065;2025.06.27 16:30;-24;24.75;-200;-200;1699;206;0;
4066;2025.06.27 16:45;-24;23.25;-200;-200;1699;206;0;
4067;2025.06.27 17:00;-24;24.4375;-200;-200;1699;206;0;
4068;2025.06.27 17:15;-24;27.25;-200;-200;1698;206;0;
4069;2025.06.27 17:30;-24;28.625;-200;-200;1696;206;0;
4070;2025.06.27 17:45;-24;29.125;-200;-200;1696;206;0;
4071;2025.06.27 18:00;-24;28.375;-200;-200;1696;206;0;
4072;2025.06.27 18:15;-24;28.125;-200;-200;1696;206;0;
4073;2025.06.27 18:30;-24;27.8125;-200;-200;1696;206;0;
4074;2025.06.27 18:45;-24;26.25;-200;-200;1697;206;0;
4075;2025.06.27 19:00;-24;25.25;-200;-200;1698;206;0;
4076;2025.06.27 19:15;-24;25.875;-200;-200;1698;206;0;
4077;2025.06.27 19:30;-24;25.75;-200;-200;1698;206;0;
4078;2025.06.27 19:45;-24;25.125;-200;-200;1698;206;0;
4079;2025.06.27 20:00;-24;24.625;-200;-200;1698;206;0;
4080;2025.06.27 20:15;-24;25.375;-200;-200;1698;206;0;
4081;2025.06.27 20:30;-24;24.5;-200;-200;1698;206;0;
4082;2025.06.27 20:45;-24;26.25;-200;-200;1698;206;0;
4083;2025.06.27 21:00;-24;26.5;-200;-200;1698;206;0;
4084;2025.06.27 21:15;-24;25.125;-200;-200;1698;206;0;
4085;2025.06.27 21:30;-24;25.5;-200;-200;1698;206;0;
4086;2025.06.27 21:45;-24;25.25;-200;-200;1698;206;0;
4087;2025.06.27 22:00;-24;26.75;-200;-200;1697;206;0;
4088;2025.06.27 22:15;-24;26.5;-200;-200;1697;206;0;
4089;2025.06.27 22:30;-24;24.875;-200;-200;1698;206;0;
4090;2025.06.27 22:45;-24;25;-200;-200;1698;206;0;
4091;2025.06.27 23:00;-24;23.875;-200;-200;1698;206;0;
4092;2025.06.27 23:15;-24;24.9375;-200;-200;1698;206;0;
4093;2025.06.27 23:30;-24;25.625;-200;-200;1698;206;0;
4094;2025.06.27 23:45;-24;24.125;-200;-200;1698;206;0;
4095;2025.06.28 00:00;-24;24.75;-200;-200;1698;206;0;
4096;2025.06.28 00:15;-24;23;-200;-200;1698;206;0;
4097;2025.06.28 00:30;-24;22.3125;-200;-200;1698;206;0;
4098;2025.06.28 00:45;-24;21.5;-200;-200;1698;206;0;
4099;2025.06.28 01:00;-24;20.6875;-200;-200;1698;206;0;
4100;2025.06.28 01:15;-24;20.125;-200;-200;1699;206;0;
4101;2025.06.28 01:30;-24;19.0625;-200;-200;1699;206;0;
4102;2025.06.28 01:45;-24;18;-200;-200;1699;206;0;
4103;2025.06.28 02:00;-24;16.8125;-200;-200;1699;206;0;
4104;2025.06.28 02:15;-24;15.4375;-200;-200;1699;206;0;
4105;2025.06.28 02:30;-24;14.125;-200;-200;1699;206;0;
4106;2025.06.28 02:45;-24;12.8125;-200;-200;1698;206;0;
4107;2025.06.28 03:00;-24;11.75;-200;-200;1698;206;0;
4108;2025.06.28 03:15;-24;10.875;-200;-200;1698;206;0;
4109;2025.06.28 03:30;-24;10;-200;-200;1698;206;0;
4110;2025.06.28 03:45;-24;9.25;-200;-200;1698;206;0;
4111;2025.06.28 04:00;-24;8.625;-200;-200;1698;206;0;
4112;2025.06.28 04:15;-24;8.0625;-200;-200;1698;206;0;
4113;2025.06.28 04:30;-24;7.625;-200;-200;1697;206;0;
4114;2025.06.28 04:45;-24;7.125;-200;-200;1697;206;0;
4115;2025.06.28 05:00;-24;6.75;-200;-200;1697;206;0;
4116;2025.06.28 05:15;-24;6.5;-200;-200;1697;206;0;
4117;2025.06.28 05:30;-24;6.1875;-200;-200;1697;206;0;
4118;2025.06.28 05:45;-24;5.9375;-200;-200;1697;206;0;
4119;2025.06.28 06:00;-24;5.6875;-200;-200;1697;206;0;
4120;2025.06.28 06:15;-24;5.4375;-200;-200;1697;206;0;
4121;2025.06.28 06:30;-24;5.25;-200;-200;1696;206;0;
4122;2025.06.28 06:45;-24;5;-200;-200;1697;206;0;
4123;2025.06.28 07:00;-24;4.75;-200;-200;1697;206;0;
4124;2025.06.28 07:15;-24;4.625;-200;-200;1697;206;0;
4125;2025.06.28 07:30;-24;4.5;-200;-200;1697;206;0;
4126;2025.06.28 07:45;-24;4.75;-200;-200;1697;206;0;
4127;2025.06.28 08:00;-24;4.5625;-200;-200;1697;206;0;
4128;2025.06.28 08:15;-24;4.5;-200;-200;1697;206;0;
4129;2025.06.28 08:30;-24;4.4375;-200;-200;1697;206;0;
4130;2025.06.28 08:45;-24;4.375;-200;-200;1697;206;0;
4131;2025.06.28 09:00;-24;4.375;-200;-200;1697;206;0;
4132;2025.06.28 09:15;-24;4.1875;-200;-200;1697;206;0;
4133;2025.06.28 09:30;-24;4.125;-200;-200;1697;206;0;
4134;2025.06.28 09:45;-24;4.1875;-200;-200;1697;206;0;
4135;2025.06.28 10:00;-24;4.0625;-200;-200;1697;206;0;
4136;2025.06.28 10:15;-24;4;-200;-200;1697;206;0;
4137;2025.06.28 10:30;-24;4;-200;-200;1697;206;0;
4138;2025.06.28 10:45;-24;3.875;-200;-200;1697;206;0;
4139;2025.06.28 11:00;-24;3.75;-200;-200;1697;206;0;
4140;2025.06.28 11:15;-24;3.6875;-200;-200;1697;206;0;
4141;2025.06.28 11:30;-24;3.5;-200;-200;1697;206;0;
4142;2025.06.28 11:45;-24;3.3125;-200;-200;1697;206;0;
4143;2025.06.28 12:00;-24;3.25;-200;-200;1697;206;0;
4144;2025.06.28 12:15;-24;3.25;-200;-200;1697;206;0;
4145;2025.06.28 12:30;-24;3.375;-200;-200;1697;206;0;
4146;2025.06.28 12:45;-24;3.625;-200;-200;1697;206;0;
4147;2025.06.28 13:00;-24;4.125;-200;-200;1697;206;0;
4148;2025.06.28 13:15;-24;4.875;-200;-200;1697;206;0;
4149;2025.06.28 13:30;-24;8.25;-200;-200;1696;206;0;
4150;2025.06.28 13:45;-24;10.625;-200;-200;1693;206;0;
4151;2025.06.28 14:00;-24;12.375;-200;-200;1693;206;0;
4152;2025.06.28 14:15;-24;15.9375;-200;-200;1692;206;0;
4153;2025.06.28 14:30;-24;18.625;-200;-200;1691;206;0;
4154;2025.06.28 14:45;-24;22.1875;-200;-200;1690;206;0;
4155;2025.06.28 15:00;-24;24.25;-200;-200;1689;206;0;
4156;2025.06.28 15:15;-24;26;-200;-200;1689;206;0;
4157;2025.06.28 15:30;-24;25.8125;-200;-200;1689;206;0;
4158;2025.06.28 15:45;-24;26.9375;-200;-200;1689;206;0;
4159;2025.06.28 16:00;-24;26.625;-200;-200;1690;206;0;
4160;2025.06.28 16:15;-24;26;-200;-200;1690;206;0;
4161;2025.06.28 16:30;-24;25.625;-200;-200;1690;206;0;
4162;2025.06.28 16:45;-24;23.625;-200;-200;1690;206;0;
4163;2025.06.28 17:00;-24;25.25;-200;-200;1690;206;0;
4164;2025.06.28 17:15;-24;27.6875;-200;-200;1689;206;0;
4165;2025.06.28 17:30;-24;28.8125;-200;-200;1688;206;0;
4166;2025.06.28 17:45;-24;28;-200;-200;1689;206;0;
4167;2025.06.28 18:00;-24;28.8125;-200;-200;1688;206;0;
4168;2025.06.28 18:15;-24;28.25;-200;-200;1688;206;0;
4169;2025.06.28 18:30;-24;28.25;-200;-200;1689;206;0;
4170;2025.06.28 18:45;-24;27.25;-200;-200;1689;206;0;
4171;2025.06.28 19:00;-24;27.25;-200;-200;1690;206;0;
4172;2025.06.28 19:15;-24;24.125;-200;-200;1690;206;0;
4173;2025.06.28 19:30;-24;24.75;-200;-200;1690;206;0;
4174;2025.06.28 19:45;-24;25.25;-200;-200;1690;206;0;
4175;2025.06.28 20:00;-24;25.875;-200;-200;1690;206;0;
4176;2025.06.28 20:15;-24;26.3125;-200;-200;1690;206;0;
4177;2025.06.28 20:30;-24;25.375;-200;-200;1690;206;0;
4178;2025.06.28 20:45;-24;26.25;-200;-200;1690;206;0;
4179;2025.06.28 21:00;-24;26.375;-200;-200;1690;206;0;
4180;2025.06.28 21:15;-24;27.1875;-200;-200;1690;206;0;
4181;2025.06.28 21:30;-24;26.125;-200;-200;1690;206;0;
4182;2025.06.28 21:45;-24;27.0625;-200;-200;1690;206;0;
4183;2025.06.28 22:00;-24;26;-200;-200;1690;206;0;
4184;2025.06.28 22:15;-24;27.75;-200;-200;1690;206;0;
4185;2025.06.28 22:30;-24;26.25;-200;-200;1690;206;0;
4186;2025.06.28 22:45;-24;25.5;-200;-200;1690;206;0;
4187;2025.06.28 23:00;-24;25.125;-200;-200;1690;206;0;
4188;2025.06.28 23:15;-24;25.25;-200;-200;1690;206;0;
4189;2025.06.28 23:30;-24;25.625;-200;-200;1690;206;0;
4190;2025.06.28 23:45;-24;24.875;-200;-200;1690;206;0;
4191;2025.06.29 00:00;-24;25.5;-200;-200;1690;206;0;
4192;2025.06.29 00:15;-24;23.5625;-200;-200;1690;206;0;
4193;2025.06.29 00:30;-24;22.625;-200;-200;1690;206;0;
4194;2025.06.29 00:45;-24;21.75;-200;-200;1690;206;0;
4195;2025.06.29 01:00;-24;20.875;-200;-200;1690;206;0;
4196;2025.06.29 01:15;-24;20.25;-200;-200;1690;206;0;
4197;2025.06.29 01:30;-24;19.25;-200;-200;1690;206;0;
4198;2025.06.29 01:45;-24;18.375;-200;-200;1691;206;0;
4199;2025.06.29 02:00;-24;17.25;-200;-200;1691;206;0;
4200;2025.06.29 02:15;-24;15.75;-200;-200;1691;206;0;
4201;2025.06.29 02:30;-24;14.25;-200;-200;1691;206;0;
4202;2025.06.29 02:45;-24;12.9375;-200;-200;1690;206;0;
4203;2025.06.29 03:00;-24;11.75;-200;-200;1690;206;0;
4204;2025.06.29 03:15;-24;10.875;-200;-200;1690;206;0;
4205;2025.06.29 03:30;-24;10;-200;-200;1690;206;0;
4206;2025.06.29 03:45;-24;9.25;-200;-200;1690;206;0;
4207;2025.06.29 04:00;-24;8.6875;-200;-200;1690;206;0;
4208;2025.06.29 04:15;-24;8.125;-200;-200;1689;206;0;
4209;2025.06.29 04:30;-24;7.75;-200;-200;1689;206;0;
4210;2025.06.29 04:45;-24;7.25;-200;-200;1689;206;0;
4211;2025.06.29 05:00;-24;6.875;-200;-200;1689;206;0;
4212;2025.06.29 05:15;-24;6.625;-200;-200;1689;206;0;
4213;2025.06.29 05:30;-24;6.375;-200;-200;1689;206;0;
4214;2025.06.29 05:45;-24;6.0625;-200;-200;1689;206;0;
4215;2025.06.29 06:00;-24;5.8125;-200;-200;1689;206;0;
4216;2025.06.29 06:15;-24;5.625;-200;-200;1689;206;0;
4217;2025.06.29 06:30;-24;5.5;-200;-200;1689;206;0;
4218;2025.06.29 06:45;-24;5.25;-200;-200;1689;206;0;
4219;2025.06.29 07:00;-24;5.125;-200;-200;1689;206;0;
4220;2025.06.29 07:15;-24;4.875;-200;-200;1689;206;0;
4221;2025.06.29 07:30;-24;4.875;-200;-200;1689;206;0;
4222;2025.06.29 07:45;-24;4.75;-200;-200;1689;206;0;
4223;2025.06.29 08:00;-24;4.5;-200;-200;1689;206;0;
4224;2025.06.29 08:15;-24;4.375;-200;-200;1689;206;0;
4225;2025.06.29 08:30;-24;4.25;-200;-200;1689;206;0;
4226;2025.06.29 08:45;-24;4.1875;-200;-200;1689;206;0;
4227;2025.06.29 09:00;-24;4.125;-200;-200;1689;206;0;
4228;2025.06.29 09:15;-24;4;-200;-200;1689;206;0;
4229;2025.06.29 09:30;-24;3.875;-200;-200;1689;206;0;
4230;2025.06.29 09:45;-24;3.875;-200;-200;1689;206;0;
4231;2025.06.29 10:00;-24;4.0625;-200;-200;1689;206;0;
4232;2025.06.29 10:15;-24;4.25;-200;-200;1689;206;0;
4233;2025.06.29 10:30;-24;4.0625;-200;-200;1689;206;0;
4234;2025.06.29 10:45;-24;4;-200;-200;1689;206;0;
4235;2025.06.29 11:00;-24;3.875;-200;-200;1689;206;0;
4236;2025.06.29 11:15;-24;3.75;-200;-200;1689;206;0;
4237;2025.06.29 11:30;-24;3.375;-200;-200;1689;206;0;
4238;2025.06.29 11:45;-24;3.3125;-200;-200;1689;206;0;
4239;2025.06.29 12:00;-24;3.0625;-200;-200;1689;206;0;
4240;2025.06.29 12:15;-24;3;-200;-200;1689;206;0;
4241;2025.06.29 12:30;-24;3.0625;-200;-200;1689;206;0;
4242;2025.06.29 12:45;-24;3.5;-200;-200;1689;206;0;
4243;2025.06.29 13:00;-24;4.0625;-200;-200;1689;206;0;
4244;2025.06.29 13:15;-24;5;-200;-200;1689;206;0;
4245;2025.06.29 13:30;-24;7.875;-200;-200;1689;206;0;
4246;2025.06.29 13:45;-24;10.25;-200;-200;1687;206;0;
4247;2025.06.29 14:00;-24;12.125;-200;-200;1687;206;0;
4248;2025.06.29 14:15;-24;15.5;-200;-200;1686;206;0;
4249;2025.06.29 14:30;-24;18.6875;-200;-200;1684;206;0;
4250;2025.06.29 14:45;-24;23.25;-200;-200;1683;206;0;
4251;2025.06.29 15:00;-24;26.3125;-200;-200;1682;206;0;
4252;2025.06.29 15:15;-24;26.6875;-200;-200;1682;206;0;
4253;2025.06.29 15:30;-24;26.25;-200;-200;1682;206;0;
4254;2025.06.29 15:45;-24;28;-200;-200;1682;206;0;
4255;2025.06.29 16:00;-24;27.25;-200;-200;1682;206;0;
4256;2025.06.29 16:15;-24;26.9375;-200;-200;1683;206;0;
4257;2025.06.29 16:30;-24;26.5;-200;-200;1683;206;0;
4258;2025.06.29 16:45;-24;25.625;-200;-200;1683;206;0;
4259;2025.06.29 17:00;-24;26.25;-200;-200;1683;206;0;
4260;2025.06.29 17:15;-24;28.3125;-200;-200;1682;206;0;
4261;2025.06.29 17:30;-24;30.5625;-200;-200;1681;206;0;
4262;2025.06.29 17:45;-24;30.6875;-200;-200;1681;206;0;
4263;2025.06.29 18:00;-24;30;-200;-200;1681;206;0;
4264;2025.06.29 18:15;-24;29.625;-200;-200;1681;206;0;
4265;2025.06.29 18:30;-24;30;-200;-200;1681;206;0;
4266;2025.06.29 18:45;-24;29.5;-200;-200;1681;206;0;
4267;2025.06.29 19:00;-24;29.125;-200;-200;1682;206;0;
4268;2025.06.29 19:15;-24;26.25;-200;-200;1682;206;0;
4269;2025.06.29 19:30;-24;27.4375;-200;-200;1682;206;0;
4270;2025.06.29 19:45;-24;27.25;-200;-200;1682;206;0;
4271;2025.06.29 20:00;-24;24.9375;-200;-200;1682;206;0;
4272;2025.06.29 20:15;-24;26.875;-200;-200;1682;206;0;
4273;2025.06.29 20:30;-24;27.875;-200;-200;1682;206;0;
4274;2025.06.29 20:45;-24;28.75;-200;-200;1682;206;0;
4275;2025.06.29 21:00;-24;25.75;-200;-200;1682;206;0;
4276;2025.06.29 21:15;-24;28.5;-200;-200;1682;206;0;
4277;2025.06.29 21:30;-24;26.8125;-200;-200;1682;206;0;
4278;2025.06.29 21:45;-24;24.75;-200;-200;1682;206;0;
4279;2025.06.29 22:00;-24;25.75;-200;-200;1682;206;0;
4280;2025.06.29 22:15;-24;28.875;-200;-200;1682;206;0;
4281;2025.06.29 22:30;-24;27.8125;-200;-200;1682;206;0;
4282;2025.06.29 22:45;-24;27.3125;-200;-200;1682;206;0;
4283;2025.06.29 23:00;-24;26.375;-200;-200;1682;206;0;
4284;2025.06.29 23:15;-24;26.625;-200;-200;1682;206;0;
4285;2025.06.29 23:30;-24;26.8125;-200;-200;1682;206;0;
4286;2025.06.29 23:45;-24;26;-200;-200;1682;206;0;
4287;2025.06.30 00:00;-24;26.3125;-200;-200;1682;206;0;
4288;2025.06.30 00:15;-24;24.5;-200;-200;1682;206;0;
4289;2025.06.30 00:30;-24;23.25;-200;-200;1683;206;0;
4290;2025.06.30 00:45;-24;22.5;-200;-200;1683;206;0;
4291;2025.06.30 01:00;-24;22;-200;-200;1683;206;0;
4292;2025.06.30 01:15;-24;21.25;-200;-200;1683;206;0;
4293;2025.06.30 01:30;-24;20.75;-200;-200;1683;206;0;
4294;2025.06.30 01:45;-24;19.875;-200;-200;1683;206;0;
4295;2025.06.30 02:00;-24;19;-200;-200;1683;206;0;
4296;2025.06.30 02:15;-24;17.5;-200;-200;1683;206;0;
4297;2025.06.30 02:30;-24;16;-200;-200;1683;206;0;
4298;2025.06.30 02:45;-24;14.75;-200;-200;1683;206;0;
4299;2025.06.30 03:00;-24;13.625;-200;-200;1683;206;0;
4300;2025.06.30 03:15;-24;12.75;-200;-200;1683;206;0;
4301;2025.06.30 03:30;-24;12;-200;-200;1683;206;0;
4302;2025.06.30 03:45;-24;11.375;-200;-200;1683;206;0;
4303;2025.06.30 04:00;-24;10.875;-200;-200;1683;206;0;
4304;2025.06.30 04:15;-24;10.5;-200;-200;1683;206;0;
4305;2025.06.30 04:30;-24;10.375;-200;-200;1683;206;0;
4306;2025.06.30 04:45;-24;10.3125;-200;-200;1683;206;0;
4307;2025.06.30 05:00;-24;10.0625;-200;-200;1683;206;0;
4308;2025.06.30 05:15;-24;10;-200;-200;1683;206;0;
4309;2025.06.30 05:30;-24;10.125;-200;-200;1683;206;0;
4310;2025.06.30 05:45;-24;10.625;-200;-200;1683;206;0;
4311;2025.06.30 06:00;-24;12.375;-200;-200;1682;206;0;
4312;2025.06.30 06:15;-24;13.125;-200;-200;1682;206;0;
4313;2025.06.30 06:30;-24;13.3125;-200;-200;1682;206;0;
4314;2025.06.30 06:45;-24;12.75;-200;-200;1682;206;0;
4315;2025.06.30 07:00;-24;12.875;-200;-200;1683;206;0;
4316;2025.06.30 07:15;-24;12.875;-200;-200;1682;206;0;
4317;2025.06.30 07:30;-24;12.875;-200;-200;1682;206;0;
4318;2025.06.30 07:45;-24;12.625;-200;-200;1682;206;0;
4319;2025.06.30 08:00;-24;12.3125;-200;-200;1683;206;0;
4320;2025.06.30 08:15;-24;11.875;-200;-200;1683;206;0;
4321;2025.06.30 08:30;-24;11.125;-200;-200;1683;206;0;
4322;2025.06.30 08:45;-24;11.125;-200;-200;1683;206;0;
4323;2025.06.30 09:00;-24;11.5;-200;-200;1683;206;0;
4324;2025.06.30 09:15;-24;11.125;-200;-200;1683;206;0;
4325;2025.06.30 09:30;-24;11.1875;-200;-200;1683;206;0;
4326;2025.06.30 09:45;-24;10.375;-200;-200;1683;206;0;
4327;2025.06.30 10:00;-24;9.625;-200;-200;1683;206;0;
4328;2025.06.30 10:15;-24;9.125;-200;-200;1683;206;0;
4329;2025.06.30 10:30;-24;9.125;-200;-200;1683;206;0;
4330;2025.06.30 10:45;-24;8.4375;-200;-200;1683;206;0;
4331;2025.06.30 11:00;-24;8.125;-200;-200;1683;206;0;
4332;2025.06.30 11:15;-24;7.75;-200;-200;1682;206;0;
4333;2025.06.30 11:30;-24;7.25;-200;-200;1682;206;0;
4334;2025.06.30 11:45;-24;6.9375;-200;-200;1682;206;0;
4335;2025.06.30 12:00;-24;6.5625;-200;-200;1682;206;0;
4336;2025.06.30 12:15;-24;6.375;-200;-200;1682;206;0;
4337;2025.06.30 12:30;-24;6.375;-200;-200;1682;206;0;
4338;2025.06.30 12:45;-24;6.4375;-200;-200;1682;206;0;
4339;2025.06.30 13:00;-24;6.75;-200;-200;1682;206;0;
4340;2025.06.30 13:15;-24;7.5625;-200;-200;1682;206;0;
4341;2025.06.30 13:30;-24;10.4375;-200;-200;1682;206;0;
4342;2025.06.30 13:45;-24;12.625;-200;-200;1681;206;0;
4343;2025.06.30 14:00;-24;14.25;-200;-200;1680;206;0;
4344;2025.06.30 14:15;-24;17.625;-200;-200;1680;206;0;
4345;2025.06.30 14:30;-24;20.125;-200;-200;1679;206;0;
4346;2025.06.30 14:45;-24;22.25;-200;-200;1679;206;0;
4347;2025.06.30 15:00;-24;24.5;-200;-200;1679;206;0;
4348;2025.06.30 15:15;-24;25.625;-200;-200;1678;206;0;
4349;2025.06.30 15:30;-24;25.25;-200;-200;1678;206;0;
4350;2025.06.30 15:45;-24;27.5;-200;-200;1678;206;0;
4351;2025.06.30 16:00;-24;26.75;-200;-200;1678;206;0;
4352;2025.06.30 16:15;-24;27.125;-200;-200;1678;206;0;
4353;2025.06.30 16:30;-24;26.5;-200;-200;1678;206;0;
4354;2025.06.30 16:45;-24;24.875;-200;-200;1678;206;0;
4355;2025.06.30 17:00;-24;26;-200;-200;1678;206;0;
4356;2025.06.30 17:15;-24;29.125;-200;-200;1678;206;0;
4357;2025.06.30 17:30;-24;30.375;-200;-200;1677;206;0;
4358;2025.06.30 17:45;-24;30.625;-200;-200;1677;206;0;
4359;2025.06.30 18:00;-24;27.1875;-200;-200;1677;206;0;
4360;2025.06.30 18:15;-24;23;-200;-200;1678;206;0;
4361;2025.06.30 18:30;-24;21;-200;-200;1678;206;0;
4362;2025.06.30 18:45;-24;19.5625;-200;-200;1678;206;0;
4363;2025.06.30 19:00;-24;18.6875;-200;-200;1678;206;0;
4364;2025.06.30 19:15;-24;18.875;-200;-200;1679;206;0;
4365;2025.06.30 19:30;-24;18.9375;-200;-200;1679;206;0;
4366;2025.06.30 19:45;-24;18.875;-200;-200;1679;206;0;
4367;2025.06.30 20:00;-24;19.375;-200;-200;1679;206;0;
4368;2025.06.30 20:15;-24;20;-200;-200;1679;206;0;
4369;2025.06.30 20:30;-24;20.75;-200;-200;1679;206;0;
4370;2025.06.30 20:45;-24;21.375;-200;-200;1679;206;0;
4371;2025.06.30 21:00;-24;21.9375;-200;-200;1679;206;0;
4372;2025.06.30 21:15;-24;22.25;-200;-200;1679;206;0;
4373;2025.06.30 21:30;-24;22.75;-200;-200;1679;206;0;
4374;2025.06.30 21:45;-24;23.375;-200;-200;1679;206;0;
4375;2025.06.30 22:00;-24;25.6875;-200;-200;1678;206;0;
4376;2025.06.30 22:15;-24;24.875;-200;-200;1678;206;0;
4377;2025.06.30 22:30;-24;24.125;-200;-200;1678;206;0;
4378;2025.06.30 22:45;-24;22.8125;-200;-200;1678;206;0;
4379;2025.06.30 23:00;-24;21.0625;-200;-200;1678;206;0;
4380;2025.06.30 23:15;-24;20.5;-200;-200;1679;206;0;
4381;2025.06.30 23:30;-24;23.25;-200;-200;1679;206;0;
4382;2025.06.30 23:45;-24;22.125;-200;-200;1678;206;0;
4383;2025.07.01 00:00;-24;22.375;-200;-200;1679;206;0;
4384;2025.07.01 00:15;-24;21.5625;-200;-200;1679;206;0;
4385;2025.07.01 00:30;-24;21.625;-200;-200;1679;206;0;
4386;2025.07.01 00:45;-24;21;-200;-200;1679;206;0;
4387;2025.07.01 01:00;-24;20.5;-200;-200;1679;206;0;
4388;2025.07.01 01:15;-24;20.625;-200;-200;1679;206;0;
4389;2025.07.01 01:30;-24;20.3125;-200;-200;1679;206;0;
4390;2025.07.01 01:45;-24;19.6875;-200;-200;1679;206;0;
4391;2025.07.01 02:00;-24;18.5;-200;-200;1679;206;0;
4392;2025.07.01 02:15;-24;17.125;-200;-200;1679;206;0;
4393;2025.07.01 02:30;-24;16;-200;-200;1679;206;0;
4394;2025.07.01 02:45;-24;14.875;-200;-200;1679;206;0;
4395;2025.07.01 03:00;-24;13.6875;-200;-200;1679;206;0;
4396;2025.07.01 03:15;-24;12.5;-200;-200;1679;206;0;
4397;2025.07.01 03:30;-24;11.625;-200;-200;1679;206;0;
4398;2025.07.01 03:45;-24;10.75;-200;-200;1679;206;0;
4399;2025.07.01 04:00;-24;10.125;-200;-200;1678;206;0;
4400;2025.07.01 04:15;-24;9.625;-200;-200;1679;206;0;
4401;2025.07.01 04:30;-24;9.25;-200;-200;1679;206;0;
4402;2025.07.01 04:45;-24;9;-200;-200;1679;206;0;
4403;2025.07.01 05:00;-24;8.75;-200;-200;1679;206;0;
4404;2025.07.01 05:15;-24;8.4375;-200;-200;1679;206;0;
4405;2025.07.01 05:30;-24;8.125;-200;-200;1679;206;0;
4406;2025.07.01 05:45;-24;7.875;-200;-200;1678;206;0;
4407;2025.07.01 06:00;-24;7.625;-200;-200;1678;206;0;
4408;2025.07.01 06:15;-24;7.5625;-200;-200;1679;206;0;
4409;2025.07.01 06:30;-24;7.625;-200;-200;1679;206;0;
4410;2025.07.01 06:45;-24;7.75;-200;-200;1679;206;0;
4411;2025.07.01 07:00;-24;8;-200;-200;1679;206;0;
4412;2025.07.01 07:15;-24;7.9375;-200;-200;1679;206;0;
4413;2025.07.01 07:30;-24;7.625;-200;-200;1679;206;0;
4414;2025.07.01 07:45;-24;7.125;-200;-200;1679;206;0;
4415;2025.07.01 08:00;-24;6.75;-200;-200;1679;206;0;
4416;2025.07.01 08:15;-24;6.375;-200;-200;1679;206;0;
4417;2025.07.01 08:30;-24;5.875;-200;-200;1679;206;0;
4418;2025.07.01 08:45;-24;5.6875;-200;-200;1679;206;0;
4419;2025.07.01 09:00;-24;5.5;-200;-200;1679;206;0;
4420;2025.07.01 09:15;-24;5.375;-200;-200;1679;206;0;
4421;2025.07.01 09:30;-24;5.125;-200;-200;1679;206;0;
4422;2025.07.01 09:45;-24;5.3125;-200;-200;1679;206;0;
4423;2025.07.01 10:00;-24;5.375;-200;-200;1678;206;0;
4424;2025.07.01 10:15;-24;5.5;-200;-200;1678;206;0;
4425;2025.07.01 10:30;-24;5.8125;-200;-200;1679;206;0;
4426;2025.07.01 10:45;-24;6.0625;-200;-200;1678;206;0;
4427;2025.07.01 11:00;-24;6.5;-200;-200;1678;206;0;
4428;2025.07.01 11:15;-24;6.625;-200;-200;1679;206;0;
4429;2025.07.01 11:30;-24;6.375;-200;-200;1678;206;0;
4430;2025.07.01 11:45;-24;6.375;-200;-200;1678;206;0;
4431;2025.07.01 12:00;-24;6.125;-200;-200;1679;206;0;
4432;2025.07.01 12:15;-24;5.9375;-200;-200;1679;206;0;
4433;2025.07.01 12:30;-24;6;-200;-200;1678;206;0;
4434;2025.07.01 12:45;-24;6.25;-200;-200;1679;206;0;
4435;2025.07.01 13:00;-24;6.5625;-200;-200;1679;206;0;
4436;2025.07.01 13:15;-24;7.3125;-200;-200;1679;206;0;
4437;2025.07.01 13:30;-24;9.8125;-200;-200;1678;206;0;
4438;2025.07.01 13:45;-24;11.9375;-200;-200;1678;206;0;
4439;2025.07.01 14:00;-24;14.4375;-200;-200;1677;206;0;
4440;2025.07.01 14:15;-24;18;-200;-200;1677;206;0;
4441;2025.07.01 14:30;-24;20.625;-200;-200;1676;206;0;
4442;2025.07.01 14:45;-24;23.375;-200;-200;1676;206;0;
4443;2025.07.01 15:00;-24;24.9375;-200;-200;1676;206;0;
4444;2025.07.01 15:15;-24;22.625;-200;-200;1676;206;0;
4445;2025.07.01 15:30;-24;21.8125;-200;-200;1676;206;0;
4446;2025.07.01 15:45;-24;23.5;-200;-200;1676;206;0;
4447;2025.07.01 16:00;-24;22.125;-200;-200;1676;206;0;
4448;2025.07.01 16:15;-24;23.125;-200;-200;1676;206;0;
4449;2025.07.01 16:30;-24;20.75;-200;-200;1676;206;0;
4450;2025.07.01 16:45;-24;20.6875;-200;-200;1676;206;0;
4451;2025.07.01 17:00;-24;22.1875;-200;-200;1676;206;0;
4452;2025.07.01 17:15;-24;25.1875;-200;-200;1676;206;0;
4453;2025.07.01 17:30;-24;26.75;-200;-200;1675;206;0;
4454;2025.07.01 17:45;-24;26.5625;-200;-200;1675;206;0;
4455;2025.07.01 18:00;-24;27;-200;-200;1675;206;0;
4456;2025.07.01 18:15;-24;27;-200;-200;1675;206;0;
4457;2025.07.01 18:30;-24;25.875;-200;-200;1675;206;0;
4458;2025.07.01 18:45;-24;24.25;-200;-200;1676;206;0;
4459;2025.07.01 19:00;-24;23.125;-200;-200;1676;206;0;
4460;2025.07.01 19:15;-24;24.125;-200;-200;1676;206;0;
4461;2025.07.01 19:30;-24;23.3125;-200;-200;1676;206;0;
4462;2025.07.01 19:45;-24;22.8125;-200;-200;1676;206;0;
4463;2025.07.01 20:00;-24;22.625;-200;-200;1676;206;0;
4464;2025.07.01 20:15;-24;20.625;-200;-200;1676;206;0;
4465;2025.07.01 20:30;-24;19.375;-200;-200;1676;206;0;
4466;2025.07.01 20:45;-24;17.75;-200;-200;1676;206;0;
4467;2025.07.01 21:00;-24;15.1875;-200;-200;1676;206;0;
4468;2025.07.01 21:15;-24;13.5625;-200;-200;1676;206;0;
4469;2025.07.01 21:30;-24;12.375;-200;-200;1676;206;0;
4470;2025.07.01 21:45;-24;10.5;-200;-200;1676;206;0;
4471;2025.07.01 22:00;-24;9.75;-200;-200;1676;206;0;
4472;2025.07.01 22:15;-24;9.625;-200;-200;1676;206;0;
4473;2025.07.01 22:30;-24;9.9375;-200;-200;1676;206;0;
4474;2025.07.01 22:45;-24;10.875;-200;-200;1676;206;0;
4475;2025.07.01 23:00;-24;11.875;-200;-200;1676;206;0;
4476;2025.07.01 23:15;-24;13.125;-200;-200;1676;206;0;
4477;2025.07.01 23:30;-24;14.25;-200;-200;1676;206;0;
4478;2025.07.01 23:45;-24;13.9375;-200;-200;1676;206;0;
4479;2025.07.02 00:00;-24;13.9375;-200;-200;1676;206;0;
4480;2025.07.02 00:15;-24;14.875;-200;-200;1676;206;0;
4481;2025.07.02 00:30;-24;15.75;-200;-200;1676;206;0;
4482;2025.07.02 00:45;-24;15.9375;-200;-200;1676;206;0;
4483;2025.07.02 01:00;-24;14.8125;-200;-200;1676;206;0;
4484;2025.07.02 01:15;-24;14.25;-200;-200;1676;206;0;
4485;2025.07.02 01:30;-24;14.0625;-200;-200;1676;206;0;
4486;2025.07.02 01:45;-24;13.875;-200;-200;1676;206;0;
4487;2025.07.02 02:00;-24;13.25;-200;-200;1676;206;0;
4488;2025.07.02 02:15;-24;12;-200;-200;1676;206;0;
4489;2025.07.02 02:30;-24;10.75;-200;-200;1676;206;0;
4490;2025.07.02 02:45;-24;9.8125;-200;-200;1676;206;0;
4491;2025.07.02 03:00;-24;9.125;-200;-200;1676;206;0;
4492;2025.07.02 03:15;-24;8.75;-200;-200;1676;206;0;
4493;2025.07.02 03:30;-24;8.375;-200;-200;1676;206;0;
4494;2025.07.02 03:45;-24;8.1875;-200;-200;1676;206;0;
4495;2025.07.02 04:00;-24;8.125;-200;-200;1676;206;0;
4496;2025.07.02 04:15;-24;8.125;-200;-200;1676;206;0;
4497;2025.07.02 04:30;-24;7.9375;-200;-200;1676;206;0;
4498;2025.07.02 04:45;-24;7.8125;-200;-200;1676;206;0;
4499;2025.07.02 05:00;-24;8.25;-200;-200;1676;206;0;
4500;2025.07.02 05:15;-24;8.3125;-200;-200;1676;206;0;
4501;2025.07.02 05:30;-24;7.875;-200;-200;1676;206;0;
4502;2025.07.02 05:45;-24;7.75;-200;-200;1676;206;0;
4503;2025.07.02 06:00;-24;7.25;-200;-200;1676;206;0;
4504;2025.07.02 06:15;-24;6.9375;-200;-200;1676;206;0;
4505;2025.07.02 06:30;-24;6.625;-200;-200;1676;206;0;
4506;2025.07.02 06:45;-24;6.375;-200;-200;1676;206;0;
4507;2025.07.02 07:00;-24;6.125;-200;-200;1676;206;0;
4508;2025.07.02 07:15;-24;5.9375;-200;-200;1676;206;0;
4509;2025.07.02 07:30;-24;5.875;-200;-200;1676;206;0;
4510;2025.07.02 07:45;-24;5.75;-200;-200;1676;206;0;
4511;2025.07.02 08:00;-24;5.5625;-200;-200;1677;206;0;
4512;2025.07.02 08:15;-24;5.375;-200;-200;1676;206;0;
4513;2025.07.02 08:30;-24;5.3125;-200;-200;1677;206;0;
4514;2025.07.02 08:45;-24;5.3125;-200;-200;1677;206;0;
4515;2025.07.02 09:00;-24;5.25;-200;-200;1677;206;0;
4516;2025.07.02 09:15;-24;5.125;-200;-200;1676;206;0;
4517;2025.07.02 09:30;-24;5;-200;-200;1676;206;0;
4518;2025.07.02 09:45;-24;4.875;-200;-200;1677;206;0;
4519;2025.07.02 10:00;-24;4.75;-200;-200;1676;206;0;
4520;2025.07.02 10:15;-24;4.625;-200;-200;1677;206;0;
4521;2025.07.02 10:30;-24;4.625;-200;-200;1677;206;0;
4522;2025.07.02 10:45;-24;5;-200;-200;1677;206;0;
4523;2025.07.02 11:00;-24;5.5;-200;-200;1677;206;0;
4524;2025.07.02 11:15;-24;5.875;-200;-200;1677;206;0;
4525;2025.07.02 11:30;-24;5.8125;-200;-200;1677;206;0;
4526;2025.07.02 11:45;-24;5.5;-200;-200;1677;206;0;
4527;2025.07.02 12:00;-24;5.25;-200;-200;1677;206;0;
4528;2025.07.02 12:15;-24;5.0625;-200;-200;1677;206;0;
4529;2025.07.02 12:30;-24;5;-200;-200;1677;206;0;
4530;2025.07.02 12:45;-24;5.1875;-200;-200;1677;206;0;
4531;2025.07.02 13:00;-24;5.5;-200;-200;1677;206;0;
4532;2025.07.02 13:15;-24;6.1875;-200;-200;1677;206;0;
4533;2025.07.02 13:30;-24;9.25;-200;-200;1677;206;0;
4534;2025.07.02 13:45;-24;11.875;-200;-200;1676;206;0;
4535;2025.07.02 14:00;-24;14;-200;-200;1676;206;0;
4536;2025.07.02 14:15;-24;18.625;-200;-200;1676;206;0;
4537;2025.07.02 14:30;-24;19.8125;-200;-200;1676;206;0;
4538;2025.07.02 14:45;-24;23;-200;-200;1674;206;0;
4539;2025.07.02 15:00;-24;24.625;-200;-200;1674;206;0;
4540;2025.07.02 15:15;-24;24.5;-200;-200;1674;206;0;
4541;2025.07.02 15:30;-24;24.3125;-200;-200;1674;206;0;
4542;2025.07.02 15:45;-24;25.25;-200;-200;1674;206;0;
4543;2025.07.02 16:00;-24;24.375;-200;-200;1674;206;0;
4544;2025.07.02 16:15;-24;23.625;-200;-200;1674;206;0;
4545;2025.07.02 16:30;-24;23.875;-200;-200;1674;206;0;
4546;2025.07.02 16:45;-24;22.3125;-200;-200;1674;206;0;
4547;2025.07.02 17:00;-24;23.375;-200;-200;1674;206;0;
4548;2025.07.02 17:15;-24;26.125;-200;-200;1674;206;0;
4549;2025.07.02 17:30;-24;28.25;-200;-200;1673;206;0;
4550;2025.07.02 17:45;-24;26.9375;-200;-200;1673;206;0;
4551;2025.07.02 18:00;-24;27.25;-200;-200;1673;206;0;
4552;2025.07.02 18:15;-24;26.75;-200;-200;1673;206;0;
4553;2025.07.02 18:30;-24;26.6875;-200;-200;1673;206;0;
4554;2025.07.02 18:45;-24;26.625;-200;-200;1673;206;0;
4555;2025.07.02 19:00;-24;25.5625;-200;-200;1673;206;0;
4556;2025.07.02 19:15;-24;23.375;-200;-200;1674;206;0;
4557;2025.07.02 19:30;-24;20.4375;-200;-200;1674;206;0;
4558;2025.07.02 19:45;-24;19.4375;-200;-200;1674;206;0;
4559;2025.07.02 20:00;-24;18.375;-200;-200;1674;206;0;
4560;2025.07.02 20:15;-24;18.625;-200;-200;1674;206;0;
4561;2025.07.02 20:30;-24;20.5625;-200;-200;1674;206;0;
4562;2025.07.02 20:45;-24;22.1875;-200;-200;1674;206;0;
4563;2025.07.02 21:00;-24;23.5;-200;-200;1674;206;0;
4564;2025.07.02 21:15;-24;25.1875;-200;-200;1674;206;0;
4565;2025.07.02 21:30;-24;26;-200;-200;1674;206;0;
4566;2025.07.02 21:45;-24;24.5;-200;-200;1674;206;0;
4567;2025.07.02 22:00;-24;21.75;-200;-200;1674;206;0;
4568;2025.07.02 22:15;-24;22;-200;-200;1674;206;0;
4569;2025.07.02 22:30;-24;23.875;-200;-200;1674;206;0;
4570;2025.07.02 22:45;-24;24.125;-200;-200;1674;206;0;
4571;2025.07.02 23:00;-24;23.75;-200;-200;1674;206;0;
4572;2025.07.02 23:15;-24;24.5625;-200;-200;1674;206;0;
4573;2025.07.02 23:30;-24;21.625;-200;-200;1674;206;0;
4574;2025.07.02 23:45;-24;20.625;-200;-200;1674;206;0;
4575;2025.07.03 00:00;-24;19.75;-200;-200;1674;206;0;
4576;2025.07.03 00:15;-24;20.0625;-200;-200;1674;206;0;
4577;2025.07.03 00:30;-24;19;-200;-200;1674;206;0;
4578;2025.07.03 00:45;-24;18.4375;-200;-200;1674;206;0;
4579;2025.07.03 01:00;-24;16.125;-200;-200;1675;206;0;
4580;2025.07.03 01:15;-24;14.8125;-200;-200;1675;206;0;
4581;2025.07.03 01:30;-24;14.4375;-200;-200;1675;206;0;
4582;2025.07.03 01:45;-24;13.625;-200;-200;1675;206;0;
4583;2025.07.03 02:00;-24;13.375;-200;-200;1675;206;0;
4584;2025.07.03 02:15;-24;12.5;-200;-200;1675;206;0;
4585;2025.07.03 02:30;-24;11.5625;-200;-200;1675;206;0;
4586;2025.07.03 02:45;-24;11.125;-200;-200;1675;206;0;
4587;2025.07.03 03:00;-24;10.5;-200;-200;1675;206;0;
4588;2025.07.03 03:15;-24;9.875;-200;-200;1675;206;0;
4589;2025.07.03 03:30;-24;9.5625;-200;-200;1675;206;0;
4590;2025.07.03 03:45;-24;9.0625;-200;-200;1675;206;0;
4591;2025.07.03 04:00;-24;8.75;-200;-200;1675;206;0;
4592;2025.07.03 04:15;-24;8.625;-200;-200;1675;206;0;
4593;2025.07.03 04:30;-24;8.25;-200;-200;1675;206;0;
4594;2025.07.03 04:45;-24;8.125;-200;-200;1675;206;0;
4595;2025.07.03 05:00;-24;8;-200;-200;1675;206;0;
4596;2025.07.03 05:15;-24;7.875;-200;-200;1675;206;0;
4597;2025.07.03 05:30;-24;7.6875;-200;-200;1675;206;0;
4598;2025.07.03 05:45;-24;7.5625;-200;-200;1675;206;0;
4599;2025.07.03 06:00;-24;7.375;-200;-200;1675;206;0;
4600;2025.07.03 06:15;-24;7.25;-200;-200;1675;206;0;
4601;2025.07.03 06:30;-24;7.0625;-200;-200;1675;206;0;
4602;2025.07.03 06:45;-24;7.25;-200;-200;1675;206;0;
4603;2025.07.03 07:00;-24;7.75;-200;-200;1675;206;0;
4604;2025.07.03 07:15;-24;8.125;-200;-200;1675;206;0;
4605;2025.07.03 07:30;-24;8.5;-200;-200;1675;206;0;
4606;2025.07.03 07:45;-24;8.875;-200;-200;1675;206;0;
4607;2025.07.03 08:00;-24;9;-200;-200;1675;206;0;
4608;2025.07.03 08:15;-24;9;-200;-200;1675;206;0;
4609;2025.07.03 08:30;-24;9.125;-200;-200;1675;206;0;
4610;2025.07.03 08:45;-24;9.375;-200;-200;1675;206;0;
4611;2025.07.03 09:00;-24;9.25;-200;-200;1675;206;0;
4612;2025.07.03 09:15;-24;9.125;-200;-200;1675;206;0;
4613;2025.07.03 09:30;-24;8.9375;-200;-200;1675;206;0;
4614;2025.07.03 09:45;-24;8.875;-200;-200;1675;206;0;
4615;2025.07.03 10:00;-24;8.625;-200;-200;1675;206;0;
4616;2025.07.03 10:15;-24;8.25;-200;-200;1675;206;0;
4617;2025.07.03 10:30;-24;7.875;-200;-200;1675;206;0;
4618;2025.07.03 10:45;-24;7.6875;-200;-200;1675;206;0;
4619;2025.07.03 11:00;-24;7.3125;-200;-200;1675;206;0;
4620;2025.07.03 11:15;-24;7;-200;-200;1675;206;0;
4621;2025.07.03 11:30;-24;6.625;-200;-200;1675;206;0;
4622;2025.07.03 11:45;-24;6.375;-200;-200;1675;206;0;
4623;2025.07.03 12:00;-24;6.375;-200;-200;1675;206;0;
4624;2025.07.03 12:15;-24;6.25;-200;-200;1675;206;0;
4625;2025.07.03 12:30;-24;6.5;-200;-200;1675;206;0;
4626;2025.07.03 12:45;-24;6.8125;-200;-200;1675;206;0;
4627;2025.07.03 13:00;-24;7.125;-200;-200;1675;206;0;
4628;2025.07.03 13:15;-24;8;-200;-200;1675;206;0;
4629;2025.07.03 13:30;-24;11.8125;-200;-200;1675;206;0;
4630;2025.07.03 13:45;-24;13.3125;-200;-200;1675;206;0;
4631;2025.07.03 14:00;-24;16.125;-200;-200;1675;206;0;
4632;2025.07.03 14:15;-24;17.75;-200;-200;1675;206;0;
4633;2025.07.03 14:30;-24;18.1875;-200;-200;1675;206;0;
4634;2025.07.03 14:45;-24;18.5625;-200;-200;1675;206;0;
4635;2025.07.03 15:00;-24;21.875;-200;-200;1674;206;0;
4636;2025.07.03 15:15;-24;23;-200;-200;1674;206;0;
4637;2025.07.03 15:30;-24;21.5;-200;-200;1674;206;0;
4638;2025.07.03 15:45;-24;19.5;-200;-200;1674;206;0;
4639;2025.07.03 16:00;-24;20.4375;-200;-200;1674;206;0;
4640;2025.07.03 16:15;-24;20.375;-200;-200;1674;206;0;
4641;2025.07.03 16:30;-24;19.875;-200;-200;1674;206;0;
4642;2025.07.03 16:45;-24;20.4375;-200;-200;1674;206;0;
4643;2025.07.03 17:00;-24;22.25;-200;-200;1674;206;0;
4644;2025.07.03 17:15;-24;23.5;-200;-200;1673;206;0;
4645;2025.07.03 17:30;-24;22.125;-200;-200;1673;206;0;
4646;2025.07.03 17:45;-24;20.375;-200;-200;1674;206;0;
4647;2025.07.03 18:00;-24;20.75;-200;-200;1674;206;0;
4648;2025.07.03 18:15;-24;21.25;-200;-200;1674;206;0;
4649;2025.07.03 18:30;-24;22.5625;-200;-200;1674;206;0;
4650;2025.07.03 18:45;-24;20.125;-200;-200;1674;206;0;
4651;2025.07.03 19:00;-24;18.5;-200;-200;1674;206;0;
4652;2025.07.03 19:15;-24;19.25;-200;-200;1674;206;0;
4653;2025.07.03 19:30;-24;20.6875;-200;-200;1674;206;0;
4654;2025.07.03 19:45;-24;19.875;-200;-200;1674;206;0;
4655;2025.07.03 20:00;-24;19.125;-200;-200;1674;206;0;
4656;2025.07.03 20:15;-24;19.125;-200;-200;1674;206;0;
4657;2025.07.03 20:30;-24;18.625;-200;-200;1674;206;0;
4658;2025.07.03 20:45;-24;18.9375;-200;-200;1674;206;0;
4659;2025.07.03 21:00;-24;19.375;-200;-200;1674;206;0;
4660;2025.07.03 21:15;-24;19.875;-200;-200;1674;206;0;
4661;2025.07.03 21:30;-24;19.4375;-200;-200;1674;206;0;
4662;2025.07.03 21:45;-24;19.125;-200;-200;1674;206;0;
4663;2025.07.03 22:00;-24;17.625;-200;-200;1674;206;0;
4664;2025.07.03 22:15;-24;18.625;-200;-200;1674;206;0;
4665;2025.07.03 22:30;-24;18.125;-200;-200;1674;206;0;
4666;2025.07.03 22:45;-24;18.25;-200;-200;1674;206;0;
4667;2025.07.03 23:00;-24;18;-200;-200;1674;206;0;
4668;2025.07.03 23:15;-24;17.3125;-200;-200;1674;206;0;
4669;2025.07.03 23:30;-24;17.8125;-200;-200;1674;206;0;
4670;2025.07.03 23:45;-24;18.5;-200;-200;1674;206;0;
4671;2025.07.04 00:00;-24;20.125;-200;-200;1674;206;0;
4672;2025.07.04 00:15;-24;19.1875;-200;-200;1674;206;0;
4673;2025.07.04 00:30;-24;18.125;-200;-200;1674;206;0;
4674;2025.07.04 00:45;-24;17.5;-200;-200;1674;206;0;
4675;2025.07.04 01:00;-24;17.125;-200;-200;1674;206;0;
4676;2025.07.04 01:15;-24;16.75;-200;-200;1674;206;0;
4677;2025.07.04 01:30;-24;16;-200;-200;1674;206;0;
4678;2025.07.04 01:45;-24;15.25;-200;-200;1674;206;0;
4679;2025.07.04 02:00;-24;14.5;-200;-200;1674;206;0;
4680;2025.07.04 02:15;-24;14.375;-200;-200;1674;206;0;
4681;2025.07.04 02:30;-24;13.1875;-200;-200;1674;206;0;
4682;2025.07.04 02:45;-24;12.5;-200;-200;1674;206;0;
4683;2025.07.04 03:00;-24;11.75;-200;-200;1675;206;0;
4684;2025.07.04 03:15;-24;11.25;-200;-200;1675;206;0;
4685;2025.07.04 03:30;-24;11.0625;-200;-200;1675;206;0;
4686;2025.07.04 03:45;-24;10.6875;-200;-200;1675;206;0;
4687;2025.07.04 04:00;-24;10.75;-200;-200;1675;206;0;
4688;2025.07.04 04:15;-24;11.0625;-200;-200;1675;206;0;
4689;2025.07.04 04:30;-24;10.75;-200;-200;1675;206;0;
4690;2025.07.04 04:45;-24;10.625;-200;-200;1675;206;0;
4691;2025.07.04 05:00;-24;9.875;-200;-200;1675;206;0;
4692;2025.07.04 05:15;-24;9;-200;-200;1675;206;0;
4693;2025.07.04 05:30;-24;8.1875;-200;-200;1675;206;0;
4694;2025.07.04 05:45;-24;7.6875;-200;-200;1675;206;0;
4695;2025.07.04 06:00;-24;7.1875;-200;-200;1675;206;0;
4696;2025.07.04 06:15;-24;6.75;-200;-200;1675;206;0;
4697;2025.07.04 06:30;-24;6.5;-200;-200;1675;206;0;
4698;2025.07.04 06:45;-24;6.25;-200;-200;1675;206;0;
4699;2025.07.04 07:00;-24;6.125;-200;-200;1675;206;0;
4700;2025.07.04 07:15;-24;6.125;-200;-200;1675;206;0;
4701;2025.07.04 07:30;-24;6;-200;-200;1675;206;0;
4702;2025.07.04 07:45;-24;5.875;-200;-200;1675;206;0;
4703;2025.07.04 08:00;-24;6.25;-200;-200;1675;206;0;
4704;2025.07.04 08:15;-24;6.75;-200;-200;1675;206;0;
4705;2025.07.04 08:30;-24;6.8125;-200;-200;1675;206;0;
4706;2025.07.04 08:45;-24;7;-200;-200;1675;206;0;
4707;2025.07.04 09:00;-24;6.75;-200;-200;1675;206;0;
4708;2025.07.04 09:15;-24;6.25;-200;-200;1675;206;0;
4709;2025.07.04 09:30;-24;5.75;-200;-200;1675;206;0;
4710;2025.07.04 09:45;-24;5.5;-200;-200;1675;206;0;
4711;2025.07.04 10:00;-24;5.25;-200;-200;1675;206;0;
4712;2025.07.04 10:15;-24;5.4375;-200;-200;1676;206;0;
4713;2025.07.04 10:30;-24;5.875;-200;-200;1676;206;0;
4714;2025.07.04 10:45;-24;6.25;-200;-200;1675;206;0;
4715;2025.07.04 11:00;-24;5.9375;-200;-200;1676;206;0;
4716;2025.07.04 11:15;-24;5.5;-200;-200;1675;206;0;
4717;2025.07.04 11:30;-24;5.3125;-200;-200;1676;206;0;
4718;2025.07.04 11:45;-24;5;-200;-200;1676;206;0;
4719;2025.07.04 12:00;-24;4.6875;-200;-200;1676;206;0;
4720;2025.07.04 12:15;-24;4.625;-200;-200;1676;206;0;
4721;2025.07.04 12:30;-24;4.625;-200;-200;1676;206;0;
4722;2025.07.04 12:45;-24;4.875;-200;-200;1676;206;0;
4723;2025.07.04 13:00;-24;5.1875;-200;-200;1676;206;0;
4724;2025.07.04 13:15;-24;5.875;-200;-200;1676;206;0;
4725;2025.07.04 13:30;-24;9.375;-200;-200;1676;206;0;
4726;2025.07.04 13:45;-24;11.3125;-200;-200;1675;206;0;
4727;2025.07.04 14:00;-24;13.4375;-200;-200;1675;206;0;
4728;2025.07.04 14:15;-24;16.5;-200;-200;1675;206;0;
4729;2025.07.04 14:30;-24;18;-200;-200;1674;206;0;
4730;2025.07.04 14:45;-24;21.625;-200;-200;1674;206;0;
4731;2025.07.04 15:00;-24;22.875;-200;-200;1674;206;0;
4732;2025.07.04 15:15;-24;21.25;-200;-200;1673;206;0;
4733;2025.07.04 15:30;-24;20.25;-200;-200;1673;206;0;
4734;2025.07.04 15:45;-24;22;-200;-200;1673;206;0;
4735;2025.07.04 16:00;-24;21.3125;-200;-200;1673;206;0;
4736;2025.07.04 16:15;-24;21.3125;-200;-200;1673;206;0;
4737;2025.07.04 16:30;-24;21;-200;-200;1673;206;0;
4738;2025.07.04 16:45;-24;20;-200;-200;1673;206;0;
4739;2025.07.04 17:00;-24;21.6875;-200;-200;1674;206;0;
4740;2025.07.04 17:15;-24;21;-200;-200;1673;206;0;
4741;2025.07.04 17:30;-24;24.75;-200;-200;1672;206;0;
4742;2025.07.04 17:45;-24;24.625;-200;-200;1672;206;0;
4743;2025.07.04 18:00;-24;23.8125;-200;-200;1672;206;0;
4744;2025.07.04 18:15;-24;25;-200;-200;1672;206;0;
4745;2025.07.04 18:30;-24;24.25;-200;-200;1672;206;0;
4746;2025.07.04 18:45;-24;23.375;-200;-200;1673;206;0;
4747;2025.07.04 19:00;-24;22.4375;-200;-200;1673;206;0;
4748;2025.07.04 19:15;-24;22.5625;-200;-200;1673;206;0;
4749;2025.07.04 19:30;-24;22.25;-200;-200;1673;206;0;
4750;2025.07.04 19:45;-24;22.5;-200;-200;1673;206;0;
4751;2025.07.04 20:00;-24;22.5625;-200;-200;1673;206;0;
4752;2025.07.04 20:15;-24;22.625;-200;-200;1673;206;0;
4753;2025.07.04 20:30;-24;22.9375;-200;-200;1673;206;0;
4754;2025.07.04 20:45;-24;23.4375;-200;-200;1673;206;0;
4755;2025.07.04 21:00;-24;23.25;-200;-200;1673;206;0;
4756;2025.07.04 21:15;-24;22.6875;-200;-200;1673;206;0;
4757;2025.07.04 21:30;-24;24.375;-200;-200;1673;206;0;
4758;2025.07.04 21:45;-24;23.625;-200;-200;1673;206;0;
4759;2025.07.04 22:00;-24;25.125;-200;-200;1673;206;0;
4760;2025.07.04 22:15;-24;24.5;-200;-200;1673;206;0;
4761;2025.07.04 22:30;-24;23.9375;-200;-200;1673;206;0;
4762;2025.07.04 22:45;-24;22.25;-200;-200;1673;206;0;
4763;2025.07.04 23:00;-24;22.75;-200;-200;1673;206;0;
4764;2025.07.04 23:15;-24;23.375;-200;-200;1673;206;0;
4765;2025.07.04 23:30;-24;23;-200;-200;1673;206;0;
4766;2025.07.04 23:45;-24;21.875;-200;-200;1673;206;0;
4767;2025.07.05 00:00;-24;22;-200;-200;1673;206;0;
4768;2025.07.05 00:15;-24;21.25;-200;-200;1673;206;0;
4769;2025.07.05 00:30;-24;21;-200;-200;1673;206;0;
4770;2025.07.05 00:45;-24;20;-200;-200;1673;206;0;
4771;2025.07.05 01:00;-24;19.625;-200;-200;1673;206;0;
4772;2025.07.05 01:15;-24;19.125;-200;-200;1673;206;0;
4773;2025.07.05 01:30;-24;18;-200;-200;1673;206;0;
4774;2025.07.05 01:45;-24;17.125;-200;-200;1673;206;0;
4775;2025.07.05 02:00;-24;16.4375;-200;-200;1673;206;0;
4776;2025.07.05 02:15;-24;15.25;-200;-200;1674;206;0;
4777;2025.07.05 02:30;-24;14;-200;-200;1674;206;0;
4778;2025.07.05 02:45;-24;12.875;-200;-200;1674;206;0;
4779;2025.07.05 03:00;-24;11.625;-200;-200;1674;206;0;
4780;2025.07.05 03:15;-24;10.625;-200;-200;1674;206;0;
4781;2025.07.05 03:30;-24;9.875;-200;-200;1674;206;0;
4782;2025.07.05 03:45;-24;9.125;-200;-200;1674;206;0;
4783;2025.07.05 04:00;-24;8.5;-200;-200;1674;206;0;
4784;2025.07.05 04:15;-24;7.9375;-200;-200;1674;206;0;
4785;2025.07.05 04:30;-24;7.5;-200;-200;1674;206;0;
4786;2025.07.05 04:45;-24;7.125;-200;-200;1674;206;0;
4787;2025.07.05 05:00;-24;6.75;-200;-200;1674;206;0;
4788;2025.07.05 05:15;-24;6.3125;-200;-200;1674;206;0;
4789;2025.07.05 05:30;-24;6.125;-200;-200;1674;206;0;
4790;2025.07.05 05:45;-24;5.875;-200;-200;1674;206;0;
4791;2025.07.05 06:00;-24;5.75;-200;-200;1674;206;0;
4792;2025.07.05 06:15;-24;5.625;-200;-200;1674;206;0;
4793;2025.07.05 06:30;-24;5.4375;-200;-200;1674;206;0;
4794;2025.07.05 06:45;-24;5.25;-200;-200;1674;206;0;
4795;2025.07.05 07:00;-24;5.1875;-200;-200;1674;206;0;
4796;2025.07.05 07:15;-24;5.0625;-200;-200;1674;206;0;
4797;2025.07.05 07:30;-24;5.1875;-200;-200;1674;206;0;
4798;2025.07.05 07:45;-24;5;-200;-200;1674;206;0;
4799;2025.07.05 08:00;-24;5;-200;-200;1674;206;0;
4800;2025.07.05 08:15;-24;5;-200;-200;1674;206;0;
4801;2025.07.05 08:30;-24;5;-200;-200;1674;206;0;
4802;2025.07.05 08:45;-24;4.9375;-200;-200;1674;206;0;
4803;2025.07.05 09:00;-24;5.125;-200;-200;1674;206;0;
4804;2025.07.05 09:15;-24;5.125;-200;-200;1674;206;0;
4805;2025.07.05 09:30;-24;4.875;-200;-200;1674;206;0;
4806;2025.07.05 09:45;-24;4.5;-200;-200;1674;206;0;
4807;2025.07.05 10:00;-24;4.375;-200;-200;1674;206;0;
4808;2025.07.05 10:15;-24;4.25;-200;-200;1674;206;0;
4809;2025.07.05 10:30;-24;4.125;-200;-200;1674;206;0;
4810;2025.07.05 10:45;-24;4;-200;-200;1674;206;0;
4811;2025.07.05 11:00;-24;3.875;-200;-200;1674;206;0;
4812;2025.07.05 11:15;-24;3.875;-200;-200;1674;206;0;
4813;2025.07.05 11:30;-24;3.625;-200;-200;1674;206;0;
4814;2025.07.05 11:45;-24;3.4375;-200;-200;1674;206;0;
4815;2025.07.05 12:00;-24;3.375;-200;-200;1674;206;0;
4816;2025.07.05 12:15;-24;3.5;-200;-200;1674;206;0;
4817;2025.07.05 12:30;-24;3.75;-200;-200;1674;206;0;
4818;2025.07.05 12:45;-24;4.0625;-200;-200;1674;206;0;
4819;2025.07.05 13:00;-24;4.5;-200;-200;1674;206;0;
4820;2025.07.05 13:15;-24;5.25;-200;-200;1674;206;0;
4821;2025.07.05 13:30;-24;8.75;-200;-200;1674;206;0;
4822;2025.07.05 13:45;-24;11.25;-200;-200;1673;206;0;
4823;2025.07.05 14:00;-24;12.75;-200;-200;1673;206;0;
4824;2025.07.05 14:15;-24;16.25;-200;-200;1673;206;0;
4825;2025.07.05 14:30;-24;19.875;-200;-200;1671;206;0;
4826;2025.07.05 14:45;-24;24.375;-200;-200;1671;206;0;
4827;2025.07.05 15:00;-24;26;-200;-200;1670;206;0;
4828;2025.07.05 15:15;-24;25.375;-200;-200;1670;206;0;
4829;2025.07.05 15:30;-24;24.4375;-200;-200;1670;206;0;
4830;2025.07.05 15:45;-24;25.875;-200;-200;1670;206;0;
4831;2025.07.05 16:00;-24;24.875;-200;-200;1670;206;0;
4832;2025.07.05 16:15;-24;24.375;-200;-200;1671;206;0;
4833;2025.07.05 16:30;-24;24;-200;-200;1671;206;0;
4834;2025.07.05 16:45;-24;23.125;-200;-200;1671;206;0;
4835;2025.07.05 17:00;-24;23.75;-200;-200;1671;206;0;
4836;2025.07.05 17:15;-24;27.875;-200;-200;1670;206;0;
4837;2025.07.05 17:30;-24;28.125;-200;-200;1670;206;0;
4838;2025.07.05 17:45;-24;28.5;-200;-200;1670;206;0;
4839;2025.07.05 18:00;-24;28.625;-200;-200;1670;206;0;
4840;2025.07.05 18:15;-24;27.3125;-200;-200;1670;206;0;
4841;2025.07.05 18:30;-24;27;-200;-200;1670;206;0;
4842;2025.07.05 18:45;-24;26.125;-200;-200;1670;206;0;
4843;2025.07.05 19:00;-24;25.4375;-200;-200;1670;206;0;
4844;2025.07.05 19:15;-24;25.6875;-200;-200;1670;206;0;
4845;2025.07.05 19:30;-24;25;-200;-200;1670;206;0;
4846;2025.07.05 19:45;-24;24.9375;-200;-200;1670;206;0;
4847;2025.07.05 20:00;-24;24.9375;-200;-200;1670;206;0;
4848;2025.07.05 20:15;-24;24.6875;-200;-200;1670;206;0;
4849;2025.07.05 20:30;-24;24.75;-200;-200;1670;206;0;
4850;2025.07.05 20:45;-24;25.5;-200;-200;1670;206;0;
4851;2025.07.05 21:00;-24;26.125;-200;-200;1670;206;0;
4852;2025.07.05 21:15;-24;26.4375;-200;-200;1670;206;0;
4853;2025.07.05 21:30;-24;26.6875;-200;-200;1670;206;0;
4854;2025.07.05 21:45;-24;26.875;-200;-200;1670;206;0;
4855;2025.07.05 22:00;-24;28.3125;-200;-200;1670;206;0;
4856;2025.07.05 22:15;-24;27.5625;-200;-200;1670;206;0;
4857;2025.07.05 22:30;-24;26.25;-200;-200;1670;206;0;
4858;2025.07.05 22:45;-24;25.4375;-200;-200;1670;206;0;
4859;2025.07.05 23:00;-24;25.0625;-200;-200;1670;206;0;
4860;2025.07.05 23:15;-24;25.1875;-200;-200;1670;206;0;
4861;2025.07.05 23:30;-24;25.375;-200;-200;1670;206;0;
4862;2025.07.05 23:45;-24;25.0625;-200;-200;1670;206;0;
4863;2025.07.06 00:00;-24;24;-200;-200;1670;206;0;
4864;2025.07.06 00:15;-24;23.375;-200;-200;1670;206;0;
4865;2025.07.06 00:30;-24;22.625;-200;-200;1670;206;0;
4866;2025.07.06 00:45;-24;21.75;-200;-200;1670;206;0;
4867;2025.07.06 01:00;-24;21.0625;-200;-200;1670;206;0;
4868;2025.07.06 01:15;-24;20.6875;-200;-200;1670;206;0;
4869;2025.07.06 01:30;-24;19.3125;-200;-200;1671;206;0;
4870;2025.07.06 01:45;-24;18.25;-200;-200;1671;206;0;
4871;2025.07.06 02:00;-24;17.375;-200;-200;1671;206;0;
4872;2025.07.06 02:15;-24;16;-200;-200;1671;206;0;
4873;2025.07.06 02:30;-24;14.8125;-200;-200;1671;206;0;
4874;2025.07.06 02:45;-24;13.5;-200;-200;1671;206;0;
4875;2025.07.06 03:00;-24;12.25;-200;-200;1670;206;0;
4876;2025.07.06 03:15;-24;11.25;-200;-200;1670;206;0;
4877;2025.07.06 03:30;-24;10.25;-200;-200;1670;206;0;
4878;2025.07.06 03:45;-24;9.6875;-200;-200;1670;206;0;
4879;2025.07.06 04:00;-24;9.25;-200;-200;1670;206;0;
4880;2025.07.06 04:15;-24;8.6875;-200;-200;1670;206;0;
4881;2025.07.06 04:30;-24;8.3125;-200;-200;1670;206;0;
4882;2025.07.06 04:45;-24;7.875;-200;-200;1670;206;0;
4883;2025.07.06 05:00;-24;7.6875;-200;-200;1670;206;0;
4884;2025.07.06 05:15;-24;7.5;-200;-200;1670;206;0;
4885;2025.07.06 05:30;-24;7.375;-200;-200;1670;206;0;
4886;2025.07.06 05:45;-24;7.1875;-200;-200;1670;206;0;
4887;2025.07.06 06:00;-24;6.875;-200;-200;1670;206;0;
4888;2025.07.06 06:15;-24;6.5;-200;-200;1670;206;0;
4889;2025.07.06 06:30;-24;6.25;-200;-200;1670;206;0;
4890;2025.07.06 06:45;-24;5.9375;-200;-200;1670;206;0;
4891;2025.07.06 07:00;-24;5.75;-200;-200;1670;206;0;
4892;2025.07.06 07:15;-24;5.6875;-200;-200;1670;206;0;
4893;2025.07.06 07:30;-24;5.5625;-200;-200;1670;206;0;
4894;2025.07.06 07:45;-24;5.4375;-200;-200;1670;206;0;
4895;2025.07.06 08:00;-24;5.25;-200;-200;1670;206;0;
4896;2025.07.06 08:15;-24;5.3125;-200;-200;1670;206;0;
4897;2025.07.06 08:30;-24;5.4375;-200;-200;1670;206;0;
4898;2025.07.06 08:45;-24;5.4375;-200;-200;1670;206;0;
4899;2025.07.06 09:00;-24;5.25;-200;-200;1670;206;0;
4900;2025.07.06 09:15;-24;5.125;-200;-200;1670;206;0;
4901;2025.07.06 09:30;-24;5;-200;-200;1670;206;0;
4902;2025.07.06 09:45;-24;4.75;-200;-200;1670;206;0;
4903;2025.07.06 10:00;-24;4.625;-200;-200;1670;206;0;
4904;2025.07.06 10:15;-24;4.4375;-200;-200;1670;206;0;
4905;2025.07.06 10:30;-24;4.375;-200;-200;1670;206;0;
4906;2025.07.06 10:45;-24;4.6875;-200;-200;1670;206;0;
4907;2025.07.06 11:00;-24;4.75;-200;-200;1670;206;0;
4908;2025.07.06 11:15;-24;5;-200;-200;1670;206;0;
4909;2025.07.06 11:30;-24;5.25;-200;-200;1670;206;0;
4910;2025.07.06 11:45;-24;5.6875;-200;-200;1670;206;0;
4911;2025.07.06 12:00;-24;6;-200;-200;1670;206;0;
4912;2025.07.06 12:15;-24;5.9375;-200;-200;1670;206;0;
4913;2025.07.06 12:30;-24;6.125;-200;-200;1670;206;0;
4914;2025.07.06 12:45;-24;6;-200;-200;1670;206;0;
4915;2025.07.06 13:00;-24;6.375;-200;-200;1670;206;0;
4916;2025.07.06 13:15;-24;7;-200;-200;1670;206;0;
4917;2025.07.06 13:30;-24;10.75;-200;-200;1670;206;0;
4918;2025.07.06 13:45;-24;13.375;-200;-200;1669;206;0;
4919;2025.07.06 14:00;-24;15.25;-200;-200;1669;206;0;
4920;2025.07.06 14:15;-24;18.1875;-200;-200;1668;206;0;
4921;2025.07.06 14:30;-24;21.75;-200;-200;1666;206;0;
4922;2025.07.06 14:45;-24;25.375;-200;-200;1665;206;0;
4923;2025.07.06 15:00;-24;28.75;-200;-200;1665;206;0;
4924;2025.07.06 15:15;-24;27.75;-200;-200;1665;206;0;
4925;2025.07.06 15:30;-24;27.625;-200;-200;1665;206;0;
4926;2025.07.06 15:45;-24;28.75;-200;-200;1665;206;0;
4927;2025.07.06 16:00;-24;27.5;-200;-200;1665;206;0;
4928;2025.07.06 16:15;-24;26.625;-200;-200;1665;206;0;
4929;2025.07.06 16:30;-24;26.125;-200;-200;1665;206;0;
4930;2025.07.06 16:45;-24;25;-200;-200;1665;206;0;
4931;2025.07.06 17:00;-24;25.75;-200;-200;1665;206;0;
4932;2025.07.06 17:15;-24;29.125;-200;-200;1664;206;0;
4933;2025.07.06 17:30;-24;30.9375;-200;-200;1664;206;0;
4934;2025.07.06 17:45;-24;30.875;-200;-200;1664;206;0;
4935;2025.07.06 18:00;-24;30.6875;-200;-200;1664;206;0;
4936;2025.07.06 18:15;-24;30;-200;-200;1664;206;0;
4937;2025.07.06 18:30;-24;29.4375;-200;-200;1664;206;0;
4938;2025.07.06 18:45;-24;28.875;-200;-200;1664;206;0;
4939;2025.07.06 19:00;-24;28.25;-200;-200;1665;206;0;
4940;2025.07.06 19:15;-24;27.3125;-200;-200;1665;206;0;
4941;2025.07.06 19:30;-24;27.0625;-200;-200;1665;206;0;
4942;2025.07.06 19:45;-24;27.125;-200;-200;1665;206;0;
4943;2025.07.06 20:00;-24;26.875;-200;-200;1665;206;0;
4944;2025.07.06 20:15;-24;26.375;-200;-200;1665;206;0;
4945;2025.07.06 20:30;-24;27.6875;-200;-200;1665;206;0;
4946;2025.07.06 20:45;-24;26.5;-200;-200;1665;206;0;
4947;2025.07.06 21:00;-24;26.75;-200;-200;1666;206;0;
4948;2025.07.06 21:15;-24;26.375;-200;-200;1665;206;0;
4949;2025.07.06 21:30;-24;25.75;-200;-200;1665;206;0;
4950;2025.07.06 21:45;-24;25.875;-200;-200;1666;206;0;
4951;2025.07.06 22:00;-24;27.25;-200;-200;1665;206;0;
4952;2025.07.06 22:15;-24;26.625;-200;-200;1665;206;0;
4953;2025.07.06 22:30;-24;25.625;-200;-200;1665;206;0;
4954;2025.07.06 22:45;-24;25.875;-200;-200;1665;206;0;
4955;2025.07.06 23:00;-24;26.125;-200;-200;1665;206;0;
4956;2025.07.06 23:15;-24;25.75;-200;-200;1665;206;0;
4957;2025.07.06 23:30;-24;26.375;-200;-200;1665;206;0;
4958;2025.07.06 23:45;-24;25.625;-200;-200;1665;206;0;
4959;2025.07.07 00:00;-24;24.8125;-200;-200;1666;206;0;
4960;2025.07.07 00:15;-24;24.625;-200;-200;1665;206;0;
4961;2025.07.07 00:30;-24;23.625;-200;-200;1665;206;0;
4962;2025.07.07 00:45;-24;22.75;-200;-200;1665;206;0;
4963;2025.07.07 01:00;-24;22;-200;-200;1665;206;0;
4964;2025.07.07 01:15;-24;21.5;-200;-200;1665;206;0;
4965;2025.07.07 01:30;-24;20.25;-200;-200;1665;206;0;
4966;2025.07.07 01:45;-24;19.0625;-200;-200;1664;206;0;
4967;2025.07.07 02:00;-24;18;-200;-200;1664;206;0;
4968;2025.07.07 02:15;-24;16.625;-200;-200;1664;206;0;
4969;2025.07.07 02:30;-24;15.1875;-200;-200;1664;206;0;
4970;2025.07.07 02:45;-24;13.75;-200;-200;1664;206;0;
4971;2025.07.07 03:00;-24;12.625;-200;-200;1664;206;0;
4972;2025.07.07 03:15;-24;11.75;-200;-200;1663;206;0;
4973;2025.07.07 03:30;-24;10.875;-200;-200;1663;206;0;
4974;2025.07.07 03:45;-24;10.25;-200;-200;1663;206;0;
4975;2025.07.07 04:00;-24;9.875;-200;-200;1663;206;0;
4976;2025.07.07 04:15;-24;9.625;-200;-200;1663;206;0;
4977;2025.07.07 04:30;-24;9.5625;-200;-200;1663;206;0;
4978;2025.07.07 04:45;-24;9.25;-200;-200;1663;206;0;
4979;2025.07.07 05:00;-24;9.125;-200;-200;1663;206;0;
4980;2025.07.07 05:15;-24;8.8125;-200;-200;1663;206;0;
4981;2025.07.07 05:30;-24;8.5625;-200;-200;1663;206;0;
4982;2025.07.07 05:45;-24;8.5;-200;-200;1663;206;0;
4983;2025.07.07 06:00;-24;8.1875;-200;-200;1663;206;0;
4984;2025.07.07 06:15;-24;8;-200;-200;1663;206;0;
4985;2025.07.07 06:30;-24;7.75;-200;-200;1663;206;0;
4986;2025.07.07 06:45;-24;7.5;-200;-200;1663;206;0;
4987;2025.07.07 07:00;-24;7.375;-200;-200;1663;206;0;
4988;2025.07.07 07:15;-24;7.1875;-200;-200;1663;206;0;
4989;2025.07.07 07:30;-24;7.1875;-200;-200;1663;206;0;
4990;2025.07.07 07:45;-24;7.8125;-200;-200;1663;206;0;
4991;2025.07.07 08:00;-24;8.625;-200;-200;1663;206;0;
4992;2025.07.07 08:15;-24;9;-200;-200;1663;206;0;
4993;2025.07.07 08:30;-24;9.25;-200;-200;1663;206;0;
4994;2025.07.07 08:45;-24;9.375;-200;-200;1663;206;0;
4995;2025.07.07 09:00;-24;9.3125;-200;-200;1663;206;0;
4996;2025.07.07 09:15;-24;9.5;-200;-200;1663;206;0;
4997;2025.07.07 09:30;-24;9.75;-200;-200;1663;206;0;
4998;2025.07.07 09:45;-24;9.625;-200;-200;1663;206;0;
4999;2025.07.07 10:00;-24;9.375;-200;-200;1663;206;0;
5000;2025.07.07 10:15;-24;9.375;-200;-200;1663;206;0;
5001;2025.07.07 10:30;-24;9.5;-200;-200;1663;206;0;
5002;2025.07.07 10:45;-24;10.5625;-200;-200;1663;206;0;
5003;2025.07.07 11:00;-24;11.125;-200;-200;1663;206;0;
5004;2025.07.07 11:15;-24;10.5;-200;-200;1663;206;0;
5005;2025.07.07 11:30;-24;10;-200;-200;1663;206;0;
5006;2025.07.07 11:45;-24;10.0625;-200;-200;1663;206;0;
5007;2025.07.07 12:00;-24;10.125;-200;-200;1663;206;0;
5008;2025.07.07 12:15;-24;10.0625;-200;-200;1663;206;0;
5009;2025.07.07 12:30;-24;10.125;-200;-200;1663;206;0;
5010;2025.07.07 12:45;-24;10.625;-200;-200;1663;206;0;
5011;2025.07.07 13:00;-24;12.125;-200;-200;1663;206;0;
5012;2025.07.07 13:15;-24;13.375;-200;-200;1663;206;0;
5013;2025.07.07 13:30;-24;13.5;-200;-200;1663;206;0;
5014;2025.07.07 13:45;-24;13.375;-200;-200;1663;206;0;
5015;2025.07.07 14:00;-24;13.25;-200;-200;1663;206;0;
5016;2025.07.07 14:15;-24;12.25;-200;-200;1663;206;0;
5017;2025.07.07 14:30;-24;16.875;-200;-200;1662;206;0;
5018;2025.07.07 14:45;-24;14.625;-200;-200;1662;206;0;
5019;2025.07.07 15:00;-24;23.5;-200;-200;1660;206;0;
5020;2025.07.07 15:15;-24;27;-200;-200;1660;206;0;
5021;2025.07.07 15:30;-24;26.75;-200;-200;1660;206;0;
5022;2025.07.07 15:45;-24;27;-200;-200;1659;206;0;
5023;2025.07.07 16:00;-24;26.875;-200;-200;1659;206;0;
5024;2025.07.07 16:15;-24;26.875;-200;-200;1659;206;0;
5025;2025.07.07 16:30;-24;25.625;-200;-200;1659;206;0;
5026;2025.07.07 16:45;-24;26.125;-200;-200;1659;206;0;
5027;2025.07.07 17:00;-24;25.5;-200;-200;1659;206;0;
5028;2025.07.07 17:15;-24;22.25;-200;-200;1660;206;0;
5029;2025.07.07 17:30;-24;23.5;-200;-200;1660;206;0;
5030;2025.07.07 17:45;-24;27.25;-200;-200;1659;206;0;
5031;2025.07.07 18:00;-24;28.625;-200;-200;1658;206;0;
5032;2025.07.07 18:15;-24;25.0625;-200;-200;1659;206;0;
5033;2025.07.07 18:30;-24;23.25;-200;-200;1659;206;0;
5034;2025.07.07 18:45;-24;24.625;-200;-200;1659;206;0;
5035;2025.07.07 19:00;-24;23.5;-200;-200;1659;206;0;
5036;2025.07.07 19:15;-24;23.6875;-200;-200;1659;206;0;
5037;2025.07.07 19:30;-24;22.4375;-200;-200;1659;206;0;
5038;2025.07.07 19:45;-24;22.375;-200;-200;1659;206;0;
5039;2025.07.07 20:00;-24;21.5625;-200;-200;1659;206;0;
5040;2025.07.07 20:15;-24;20.25;-200;-200;1660;206;0;
5041;2025.07.07 20:30;-24;17;-200;-200;1660;206;0;
5042;2025.07.07 20:45;-24;18.625;-200;-200;1660;206;0;
5043;2025.07.07 21:00;-24;19.3125;-200;-200;1660;206;0;
5044;2025.07.07 21:15;-24;22.6875;-200;-200;1660;206;0;
5045;2025.07.07 21:30;-24;23.75;-200;-200;1659;206;0;
5046;2025.07.07 21:45;-24;24.625;-200;-200;1659;206;0;
5047;2025.07.07 22:00;-24;26.4375;-200;-200;1659;206;0;
5048;2025.07.07 22:15;-24;25.625;-200;-200;1659;206;0;
5049;2025.07.07 22:30;-24;24.125;-200;-200;1659;206;0;
5050;2025.07.07 22:45;-24;24.875;-200;-200;1659;206;0;
5051;2025.07.07 23:00;-24;22.875;-200;-200;1659;206;0;
5052;2025.07.07 23:15;-24;22.125;-200;-200;1659;206;0;
5053;2025.07.07 23:30;-24;22.875;-200;-200;1659;206;0;
5054;2025.07.07 23:45;-24;23.8125;-200;-200;1659;206;0;
5055;2025.07.08 00:00;-24;22.25;-200;-200;1659;206;0;
5056;2025.07.08 00:15;-24;22.25;-200;-200;1659;206;0;
5057;2025.07.08 00:30;-24;21.75;-200;-200;1659;206;0;
5058;2025.07.08 00:45;-24;21.5;-200;-200;1659;206;0;
5059;2025.07.08 01:00;-24;20.875;-200;-200;1659;206;0;
5060;2025.07.08 01:15;-24;20.375;-200;-200;1659;206;0;
5061;2025.07.08 01:30;-24;19.75;-200;-200;1659;206;0;
5062;2025.07.08 01:45;-24;19.125;-200;-200;1659;206;0;
5063;2025.07.08 02:00;-24;17.8125;-200;-200;1659;206;0;
5064;2025.07.08 02:15;-24;16.0625;-200;-200;1660;206;0;
5065;2025.07.08 02:30;-24;15;-200;-200;1660;206;0;
5066;2025.07.08 02:45;-24;13.875;-200;-200;1660;206;0;
5067;2025.07.08 03:00;-24;13.125;-200;-200;1660;206;0;
5068;2025.07.08 03:15;-24;12.5625;-200;-200;1660;206;0;
5069;2025.07.08 03:30;-24;12.0625;-200;-200;1659;206;0;
5070;2025.07.08 03:45;-24;12.5;-200;-200;1659;206;0;
5071;2025.07.08 04:00;-24;13.25;-200;-200;1659;206;0;
5072;2025.07.08 04:15;-24;12.625;-200;-200;1659;206;0;
5073;2025.07.08 04:30;-24;12.125;-200;-200;1659;206;0;
5074;2025.07.08 04:45;-24;11.25;-200;-200;1659;206;0;
5075;2025.07.08 05:00;-24;10.875;-200;-200;1659;206;0;
5076;2025.07.08 05:15;-24;10.875;-200;-200;1659;206;0;
5077;2025.07.08 05:30;-24;10.75;-200;-200;1659;206;0;
5078;2025.07.08 05:45;-24;10.125;-200;-200;1659;206;0;
5079;2025.07.08 06:00;-24;9.75;-200;-200;1659;206;0;
5080;2025.07.08 06:15;-24;9.625;-200;-200;1659;206;0;
5081;2025.07.08 06:30;-24;9.8125;-200;-200;1659;206;0;
5082;2025.07.08 06:45;-24;9.9375;-200;-200;1659;206;0;
5083;2025.07.08 07:00;-24;9.625;-200;-200;1659;206;0;
5084;2025.07.08 07:15;-24;9.375;-200;-200;1659;206;0;
5085;2025.07.08 07:30;-24;8.875;-200;-200;1659;206;0;
5086;2025.07.08 07:45;-24;8.5;-200;-200;1659;206;0;
5087;2025.07.08 08:00;-24;8.125;-200;-200;1659;206;0;
5088;2025.07.08 08:15;-24;7.875;-200;-200;1659;206;0;
5089;2025.07.08 08:30;-24;7.625;-200;-200;1659;206;0;
5090;2025.07.08 08:45;-24;7.375;-200;-200;1659;206;0;
5091;2025.07.08 09:00;-24;7.25;-200;-200;1659;206;0;
5092;2025.07.08 09:15;-24;7.125;-200;-200;1659;206;0;
5093;2025.07.08 09:30;-24;7;-200;-200;1659;206;0;
5094;2025.07.08 09:45;-24;7.0625;-200;-200;1659;206;0;
5095;2025.07.08 10:00;-24;7.3125;-200;-200;1659;206;0;
5096;2025.07.08 10:15;-24;8;-200;-200;1659;206;0;
5097;2025.07.08 10:30;-24;8.5625;-200;-200;1659;206;0;
5098;2025.07.08 10:45;-24;8.75;-200;-200;1659;206;0;
5099;2025.07.08 11:00;-24;8.6875;-200;-200;1659;206;0;
5100;2025.07.08 11:15;-24;8.6875;-200;-200;1659;206;0;
5101;2025.07.08 11:30;-24;8.625;-200;-200;1659;206;0;
5102;2025.07.08 11:45;-24;8.5;-200;-200;1659;206;0;
5103;2025.07.08 12:00;-24;8.5;-200;-200;1659;206;0;
5104;2025.07.08 12:15;-24;8.5;-200;-200;1659;206;0;
5105;2025.07.08 12:30;-24;8.625;-200;-200;1659;206;0;
5106;2025.07.08 12:45;-24;9.0625;-200;-200;1659;206;0;
5107;2025.07.08 13:00;-24;9.8125;-200;-200;1659;206;0;
5108;2025.07.08 13:15;-24;10.75;-200;-200;1659;206;0;
5109;2025.07.08 13:30;-24;14.5;-200;-200;1658;206;0;
5110;2025.07.08 13:45;-24;15.625;-200;-200;1658;206;0;
5111;2025.07.08 14:00;-24;17;-200;-200;1657;206;0;
5112;2025.07.08 14:15;-24;20.5;-200;-200;1656;206;0;
5113;2025.07.08 14:30;-24;20.625;-200;-200;1656;206;0;
5114;2025.07.08 14:45;-24;25;-200;-200;1655;206;0;
5115;2025.07.08 15:00;-24;28.875;-200;-200;1654;206;0;
5116;2025.07.08 15:15;-24;27.75;-200;-200;1654;206;0;
5117;2025.07.08 15:30;-24;28;-200;-200;1655;206;0;
5118;2025.07.08 15:45;-24;29.25;-200;-200;1654;206;0;
5119;2025.07.08 16:00;-24;27.3125;-200;-200;1654;206;0;
5120;2025.07.08 16:15;-24;26.3125;-200;-200;1655;206;0;
5121;2025.07.08 16:30;-24;25.25;-200;-200;1655;206;0;
5122;2025.07.08 16:45;-24;25.75;-200;-200;1655;206;0;
5123;2025.07.08 17:00;-24;26;-200;-200;1655;206;0;
5124;2025.07.08 17:15;-24;30;-200;-200;1654;206;0;
5125;2025.07.08 17:30;-24;31.125;-200;-200;1654;206;0;
5126;2025.07.08 17:45;-24;30.125;-200;-200;1654;206;0;
5127;2025.07.08 18:00;-24;24.125;-200;-200;1654;206;0;
5128;2025.07.08 18:15;-24;27;-200;-200;1654;206;0;
5129;2025.07.08 18:30;-24;26.375;-200;-200;1654;206;0;
5130;2025.07.08 18:45;-24;26.5;-200;-200;1655;206;0;
5131;2025.07.08 19:00;-24;28.75;-200;-200;1655;206;0;
5132;2025.07.08 19:15;-24;26;-200;-200;1655;206;0;
5133;2025.07.08 19:30;-24;26.625;-200;-200;1655;206;0;
5134;2025.07.08 19:45;-24;26.8125;-200;-200;1655;206;0;
5135;2025.07.08 20:00;-24;27.75;-200;-200;1655;206;0;
5136;2025.07.08 20:15;-24;26.4375;-200;-200;1655;206;0;
5137;2025.07.08 20:30;-24;28.25;-200;-200;1655;206;0;
5138;2025.07.08 20:45;-24;27.25;-200;-200;1655;206;0;
5139;2025.07.08 21:00;-24;28.75;-200;-200;1655;206;0;
5140;2025.07.08 21:15;-24;29.1875;-200;-200;1655;206;0;
5141;2025.07.08 21:30;-24;29.8125;-200;-200;1654;206;0;
5142;2025.07.08 21:45;-24;29.375;-200;-200;1655;206;0;
5143;2025.07.08 22:00;-24;30.25;-200;-200;1654;206;0;
5144;2025.07.08 22:15;-24;29.5;-200;-200;1654;206;0;
5145;2025.07.08 22:30;-24;28.75;-200;-200;1654;206;0;
5146;2025.07.08 22:45;-24;27.625;-200;-200;1654;206;0;
5147;2025.07.08 23:00;-24;27.75;-200;-200;1654;206;0;
5148;2025.07.08 23:15;-24;27.625;-200;-200;1654;206;0;
5149;2025.07.08 23:30;-24;27.8125;-200;-200;1654;206;0;
5150;2025.07.08 23:45;-24;25.875;-200;-200;1655;206;0;
5151;2025.07.09 00:00;-24;26;-200;-200;1655;206;0;
5152;2025.07.09 00:15;-24;26.0625;-200;-200;1655;206;0;
5153;2025.07.09 00:30;-24;25.3125;-200;-200;1655;206;0;
5154;2025.07.09 00:45;-24;24.75;-200;-200;1655;206;0;
5155;2025.07.09 01:00;-24;23.75;-200;-200;1655;206;0;
5156;2025.07.09 01:15;-24;22.875;-200;-200;1655;206;0;
5157;2025.07.09 01:30;-24;21.8125;-200;-200;1655;206;0;
5158;2025.07.09 01:45;-24;20.875;-200;-200;1655;206;0;
5159;2025.07.09 02:00;-24;20;-200;-200;1655;206;0;
5160;2025.07.09 02:15;-24;18.875;-200;-200;1655;206;0;
5161;2025.07.09 02:30;-24;17.375;-200;-200;1655;206;0;
5162;2025.07.09 02:45;-24;16;-200;-200;1654;206;0;
5163;2025.07.09 03:00;-24;14.875;-200;-200;1654;206;0;
5164;2025.07.09 03:15;-24;13.875;-200;-200;1654;206;0;
5165;2025.07.09 03:30;-24;13;-200;-200;1654;206;0;
5166;2025.07.09 03:45;-24;12.375;-200;-200;1654;206;0;
5167;2025.07.09 04:00;-24;11.75;-200;-200;1654;206;0;
5168;2025.07.09 04:15;-24;11.25;-200;-200;1654;206;0;
5169;2025.07.09 04:30;-24;10.75;-200;-200;1654;206;0;
5170;2025.07.09 04:45;-24;10.375;-200;-200;1654;206;0;
5171;2025.07.09 05:00;-24;10;-200;-200;1654;206;0;
5172;2025.07.09 05:15;-24;9.5625;-200;-200;1654;206;0;
5173;2025.07.09 05:30;-24;9.125;-200;-200;1654;206;0;
5174;2025.07.09 05:45;-24;9;-200;-200;1654;206;0;
5175;2025.07.09 06:00;-24;8.875;-200;-200;1654;206;0;
5176;2025.07.09 06:15;-24;8.6875;-200;-200;1654;206;0;
5177;2025.07.09 06:30;-24;8.5;-200;-200;1654;206;0;
5178;2025.07.09 06:45;-24;8.3125;-200;-200;1654;206;0;
5179;2025.07.09 07:00;-24;8.125;-200;-200;1654;206;0;
5180;2025.07.09 07:15;-24;8;-200;-200;1654;206;0;
5181;2025.07.09 07:30;-24;8.1875;-200;-200;1653;206;0;
5182;2025.07.09 07:45;-24;8.1875;-200;-200;1654;206;0;
5183;2025.07.09 08:00;-24;8.25;-200;-200;1654;206;0;
5184;2025.07.09 08:15;-24;8.25;-200;-200;1654;206;0;
5185;2025.07.09 08:30;-24;8.25;-200;-200;1653;206;0;
5186;2025.07.09 08:45;-24;8.25;-200;-200;1654;206;0;
5187;2025.07.09 09:00;-24;8.25;-200;-200;1654;206;0;
5188;2025.07.09 09:15;-24;8.25;-200;-200;1654;206;0;
5189;2025.07.09 09:30;-24;8.125;-200;-200;1654;206;0;
5190;2025.07.09 09:45;-24;7.875;-200;-200;1653;206;0;
5191;2025.07.09 10:00;-24;7.9375;-200;-200;1654;206;0;
5192;2025.07.09 10:15;-24;7.75;-200;-200;1654;206;0;
5193;2025.07.09 10:30;-24;7.625;-200;-200;1654;206;0;
5194;2025.07.09 10:45;-24;7.6875;-200;-200;1654;206;0;
5195;2025.07.09 11:00;-24;7.375;-200;-200;1654;206;0;
5196;2025.07.09 11:15;-24;7.125;-200;-200;1654;206;0;
5197;2025.07.09 11:30;-24;7;-200;-200;1654;206;0;
5198;2025.07.09 11:45;-24;6.875;-200;-200;1654;206;0;
5199;2025.07.09 12:00;-24;6.875;-200;-200;1654;206;0;
5200;2025.07.09 12:15;-24;6.875;-200;-200;1654;206;0;
5201;2025.07.09 12:30;-24;6.9375;-200;-200;1654;206;0;
5202;2025.07.09 12:45;-24;7.125;-200;-200;1654;206;0;
5203;2025.07.09 13:00;-24;7.625;-200;-200;1654;206;0;
5204;2025.07.09 13:15;-24;8.5;-200;-200;1654;206;0;
5205;2025.07.09 13:30;-24;12.25;-200;-200;1654;206;0;
5206;2025.07.09 13:45;-24;17;-200;-200;1653;206;0;
5207;2025.07.09 14:00;-24;17;-200;-200;1653;206;0;
5208;2025.07.09 14:15;-24;22.75;-200;-200;1651;206;0;
5209;2025.07.09 14:30;-24;28.25;-200;-200;1650;206;0;
5210;2025.07.09 14:45;-24;27.5;-200;-200;1649;206;0;
5211;2025.07.09 15:00;-24;30;-200;-200;1648;206;0;
5212;2025.07.09 15:15;-24;31.25;-200;-200;1649;206;0;
5213;2025.07.09 15:30;-24;31.3125;-200;-200;1649;206;0;
5214;2025.07.09 15:45;-24;33;-200;-200;1648;206;0;
5215;2025.07.09 16:00;-24;30;-200;-200;1649;206;0;
5216;2025.07.09 16:15;-24;29.25;-200;-200;1649;206;0;
5217;2025.07.09 16:30;-24;27.6875;-200;-200;1650;206;0;
5218;2025.07.09 16:45;-24;28;-200;-200;1649;206;0;
5219;2025.07.09 17:00;-24;28.625;-200;-200;1649;206;0;
5220;2025.07.09 17:15;-24;32;-200;-200;1649;206;0;
5221;2025.07.09 17:30;-24;33.4375;-200;-200;1648;206;0;
5222;2025.07.09 17:45;-24;33.875;-200;-200;1647;206;0;
5223;2025.07.09 18:00;-24;33.625;-200;-200;1647;206;0;
5224;2025.07.09 18:15;-24;31.125;-200;-200;1648;206;0;
5225;2025.07.09 18:30;-24;30.75;-200;-200;1648;206;0;
5226;2025.07.09 18:45;-24;28.375;-200;-200;1649;206;0;
5227;2025.07.09 19:00;-24;26.875;-200;-200;1649;206;0;
5228;2025.07.09 19:15;-24;30;-200;-200;1649;206;0;
5229;2025.07.09 19:30;-24;29.375;-200;-200;1649;206;0;
5230;2025.07.09 19:45;-24;30.625;-200;-200;1649;206;0;
5231;2025.07.09 20:00;-24;29.75;-200;-200;1649;206;0;
5232;2025.07.09 20:15;-24;30.25;-200;-200;1649;206;0;
5233;2025.07.09 20:30;-24;30;-200;-200;1649;206;0;
5234;2025.07.09 20:45;-24;31;-200;-200;1649;206;0;
5235;2025.07.09 21:00;-24;31.5;-200;-200;1649;206;0;
5236;2025.07.09 21:15;-24;28;-200;-200;1649;206;0;
5237;2025.07.09 21:30;-24;30.375;-200;-200;1649;206;0;
5238;2025.07.09 21:45;-24;28.4375;-200;-200;1649;206;0;
5239;2025.07.09 22:00;-24;30;-200;-200;1649;206;0;
5240;2025.07.09 22:15;-24;30.25;-200;-200;1649;206;0;
5241;2025.07.09 22:30;-24;29.875;-200;-200;1649;206;0;
5242;2025.07.09 22:45;-24;28.5;-200;-200;1649;206;0;
5243;2025.07.09 23:00;-24;29.625;-200;-200;1649;206;0;
5244;2025.07.09 23:15;-24;29.375;-200;-200;1649;206;0;
5245;2025.07.09 23:30;-24;28.875;-200;-200;1649;206;0;
5246;2025.07.09 23:45;-24;28.75;-200;-200;1649;206;0;
5247;2025.07.10 00:00;-24;27.125;-200;-200;1649;206;0;
5248;2025.07.10 00:15;-24;26.875;-200;-200;1649;206;0;
5249;2025.07.10 00:30;-24;24.625;-200;-200;1649;206;0;
5250;2025.07.10 00:45;-24;24.125;-200;-200;1649;206;0;
5251;2025.07.10 01:00;-24;24.25;-200;-200;1649;206;0;
5252;2025.07.10 01:15;-24;23.875;-200;-200;1649;206;0;
5253;2025.07.10 01:30;-24;23.4375;-200;-200;1649;206;0;
5254;2025.07.10 01:45;-24;22.1875;-200;-200;1650;206;0;
5255;2025.07.10 02:00;-24;21;-200;-200;1649;206;0;
5256;2025.07.10 02:15;-24;19.75;-200;-200;1649;206;0;
5257;2025.07.10 02:30;-24;18.25;-200;-200;1649;206;0;
5258;2025.07.10 02:45;-24;16.875;-200;-200;1648;206;0;
5259;2025.07.10 03:00;-24;15.75;-200;-200;1648;206;0;
5260;2025.07.10 03:15;-24;15;-200;-200;1648;206;0;
5261;2025.07.10 03:30;-24;14.5;-200;-200;1648;206;0;
5262;2025.07.10 03:45;-24;14.5;-200;-200;1647;206;0;
5263;2025.07.10 04:00;-24;14.25;-200;-200;1647;206;0;
5264;2025.07.10 04:15;-24;14;-200;-200;1648;206;0;
5265;2025.07.10 04:30;-24;13.4375;-200;-200;1648;206;0;
5266;2025.07.10 04:45;-24;12.875;-200;-200;1647;206;0;
5267;2025.07.10 05:00;-24;12.4375;-200;-200;1647;206;0;
5268;2025.07.10 05:15;-24;12;-200;-200;1647;206;0;
5269;2025.07.10 05:30;-24;11.625;-200;-200;1647;206;0;
5270;2025.07.10 05:45;-24;11.375;-200;-200;1647;206;0;
5271;2025.07.10 06:00;-24;11;-200;-200;1647;206;0;
5272;2025.07.10 06:15;-24;10.6875;-200;-200;1647;206;0;
5273;2025.07.10 06:30;-24;10.5;-200;-200;1646;206;0;
5274;2025.07.10 06:45;-24;10.25;-200;-200;1647;206;0;
5275;2025.07.10 07:00;-24;10.125;-200;-200;1646;206;0;
5276;2025.07.10 07:15;-24;10;-200;-200;1647;206;0;
5277;2025.07.10 07:30;-24;9.9375;-200;-200;1646;206;0;
5278;2025.07.10 07:45;-24;9.875;-200;-200;1646;206;0;
5279;2025.07.10 08:00;-24;9.75;-200;-200;1646;206;0;
5280;2025.07.10 08:15;-24;9.5;-200;-200;1646;206;0;
5281;2025.07.10 08:30;-24;9.3125;-200;-200;1647;206;0;
5282;2025.07.10 08:45;-24;9.25;-200;-200;1646;206;0;
5283;2025.07.10 09:00;-24;9.25;-200;-200;1646;206;0;
5284;2025.07.10 09:15;-24;9.3125;-200;-200;1646;206;0;
5285;2025.07.10 09:30;-24;9.375;-200;-200;1646;206;0;
5286;2025.07.10 09:45;-24;9.875;-200;-200;1646;206;0;
5287;2025.07.10 10:00;-24;10.5;-200;-200;1646;206;0;
5288;2025.07.10 10:15;-24;11.125;-200;-200;1646;206;0;
5289;2025.07.10 10:30;-24;11.5;-200;-200;1646;206;0;
5290;2025.07.10 10:45;-24;11.8125;-200;-200;1646;206;0;
5291;2025.07.10 11:00;-24;12;-200;-200;1646;206;0;
5292;2025.07.10 11:15;-24;12;-200;-200;1646;206;0;
5293;2025.07.10 11:30;-24;11.875;-200;-200;1646;206;0;
5294;2025.07.10 11:45;-24;11.125;-200;-200;1646;206;0;
5295;2025.07.10 12:00;-24;10.4375;-200;-200;1646;206;0;
5296;2025.07.10 12:15;-24;10.0625;-200;-200;1646;206;0;
5297;2025.07.10 12:30;-24;10.125;-200;-200;1646;206;0;
5298;2025.07.10 12:45;-24;10.6875;-200;-200;1646;206;0;
5299;2025.07.10 13:00;-24;11.25;-200;-200;1646;206;0;
5300;2025.07.10 13:15;-24;11.75;-200;-200;1646;206;0;
5301;2025.07.10 13:30;-24;12.5;-200;-200;1646;206;0;
5302;2025.07.10 13:45;-24;13.3125;-200;-200;1646;206;0;
5303;2025.07.10 14:00;-24;13.875;-200;-200;1646;206;0;
5304;2025.07.10 14:15;-24;14.875;-200;-200;1646;206;0;
5305;2025.07.10 14:30;-24;16.4375;-200;-200;1646;206;0;
5306;2025.07.10 14:45;-24;17.75;-200;-200;1645;206;0;
5307;2025.07.10 15:00;-24;18.5625;-200;-200;1645;206;0;
5308;2025.07.10 15:15;-24;24.6875;-200;-200;1643;206;0;
5309;2025.07.10 15:30;-24;27.75;-200;-200;1643;206;0;
5310;2025.07.10 15:45;-24;29.125;-200;-200;1641;206;0;
5311;2025.07.10 16:00;-24;27.75;-200;-200;1642;206;0;
5312;2025.07.10 16:15;-24;26.1875;-200;-200;1642;206;0;
5313;2025.07.10 16:30;-24;25.5;-200;-200;1642;206;0;
5314;2025.07.10 16:45;-24;25.375;-200;-200;1642;206;0;
5315;2025.07.10 17:00;-24;26.25;-200;-200;1642;206;0;
5316;2025.07.10 17:15;-24;29.9375;-200;-200;1642;206;0;
5317;2025.07.10 17:30;-24;31;-200;-200;1641;206;0;
5318;2025.07.10 17:45;-24;32.0625;-200;-200;1641;206;0;
5319;2025.07.10 18:00;-24;31.625;-200;-200;1641;206;0;
5320;2025.07.10 18:15;-24;31.5;-200;-200;1640;206;0;
5321;2025.07.10 18:30;-24;30.75;-200;-200;1641;206;0;
5322;2025.07.10 18:45;-24;30;-200;-200;1641;206;0;
5323;2025.07.10 19:00;-24;29.25;-200;-200;1642;206;0;
5324;2025.07.10 19:15;-24;28.6875;-200;-200;1642;206;0;
5325;2025.07.10 19:30;-24;28.125;-200;-200;1642;206;0;
5326;2025.07.10 19:45;-24;28.5;-200;-200;1642;206;0;
5327;2025.07.10 20:00;-24;27.4375;-200;-200;1642;206;0;
5328;2025.07.10 20:15;-24;27.875;-200;-200;1642;206;0;
5329;2025.07.10 20:30;-24;28.375;-200;-200;1642;206;0;
5330;2025.07.10 20:45;-24;28.8125;-200;-200;1642;206;0;
5331;2025.07.10 21:00;-24;29;-200;-200;1642;206;0;
5332;2025.07.10 21:15;-24;29.6875;-200;-200;1642;206;0;
5333;2025.07.10 21:30;-24;29.125;-200;-200;1642;206;0;
5334;2025.07.10 21:45;-24;29.8125;-200;-200;1642;206;0;
5335;2025.07.10 22:00;-24;29.625;-200;-200;1642;206;0;
5336;2025.07.10 22:15;-24;28.75;-200;-200;1642;206;0;
5337;2025.07.10 22:30;-24;28.6875;-200;-200;1642;206;0;
5338;2025.07.10 22:45;-24;27.75;-200;-200;1642;206;0;
5339;2025.07.10 23:00;-24;27.9375;-200;-200;1642;206;0;
5340;2025.07.10 23:15;-24;28.375;-200;-200;1642;206;0;
5341;2025.07.10 23:30;-24;27.9375;-200;-200;1642;206;0;
5342;2025.07.10 23:45;-24;27.75;-200;-200;1642;206;0;
5343;2025.07.11 00:00;-24;26.5;-200;-200;1642;206;0;
5344;2025.07.11 00:15;-24;26.125;-200;-200;1642;206;0;
5345;2025.07.11 00:30;-24;25.625;-200;-200;1642;206;0;
5346;2025.07.11 00:45;-24;25.125;-200;-200;1642;206;0;
5347;2025.07.11 01:00;-24;24;-200;-200;1642;206;0;
5348;2025.07.11 01:15;-24;22.875;-200;-200;1642;206;0;
5349;2025.07.11 01:30;-24;22.125;-200;-200;1642;206;0;
5350;2025.07.11 01:45;-24;21.125;-200;-200;1642;206;0;
5351;2025.07.11 02:00;-24;20.25;-200;-200;1642;206;0;
5352;2025.07.11 02:15;-24;19.25;-200;-200;1641;206;0;
5353;2025.07.11 02:30;-24;17.5;-200;-200;1641;206;0;
5354;2025.07.11 02:45;-24;15.9375;-200;-200;1641;206;0;
5355;2025.07.11 03:00;-24;14.875;-200;-200;1640;206;0;
5356;2025.07.11 03:15;-24;14.125;-200;-200;1640;206;0;
5357;2025.07.11 03:30;-24;13.375;-200;-200;1640;206;0;
5358;2025.07.11 03:45;-24;12.5625;-200;-200;1640;206;0;
5359;2025.07.11 04:00;-24;12.375;-200;-200;1640;206;0;
5360;2025.07.11 04:15;-24;12.125;-200;-200;1640;206;0;
5361;2025.07.11 04:30;-24;11.875;-200;-200;1640;206;0;
5362;2025.07.11 04:45;-24;11.625;-200;-200;1640;206;0;
5363;2025.07.11 05:00;-24;11.375;-200;-200;1640;206;0;
5364;2025.07.11 05:15;-24;11.25;-200;-200;1640;206;0;
5365;2025.07.11 05:30;-24;11.4375;-200;-200;1640;206;0;
5366;2025.07.11 05:45;-24;11.625;-200;-200;1640;206;0;
5367;2025.07.11 06:00;-24;11.4375;-200;-200;1640;206;0;
5368;2025.07.11 06:15;-24;10.8125;-200;-200;1640;206;0;
5369;2025.07.11 06:30;-24;10.25;-200;-200;1640;206;0;
5370;2025.07.11 06:45;-24;9.875;-200;-200;1640;206;0;
5371;2025.07.11 07:00;-24;9.5;-200;-200;1640;206;0;
5372;2025.07.11 07:15;-24;9.375;-200;-200;1639;206;0;
5373;2025.07.11 07:30;-24;9.125;-200;-200;1639;206;0;
5374;2025.07.11 07:45;-24;8.875;-200;-200;1639;206;0;
5375;2025.07.11 08:00;-24;8.75;-200;-200;1640;206;0;
5376;2025.07.11 08:15;-24;8.5;-200;-200;1639;206;0;
5377;2025.07.11 08:30;-24;8.625;-200;-200;1639;206;0;
5378;2025.07.11 08:45;-24;8.625;-200;-200;1639;206;0;
5379;2025.07.11 09:00;-24;8.4375;-200;-200;1639;206;0;
5380;2025.07.11 09:15;-24;8.125;-200;-200;1639;206;0;
5381;2025.07.11 09:30;-24;7.625;-200;-200;1639;206;0;
5382;2025.07.11 09:45;-24;7.5;-200;-200;1639;206;0;
5383;2025.07.11 10:00;-24;7.1875;-200;-200;1639;206;0;
5384;2025.07.11 10:15;-24;7.125;-200;-200;1639;206;0;
5385;2025.07.11 10:30;-24;6.75;-200;-200;1639;206;0;
5386;2025.07.11 10:45;-24;6.1875;-200;-200;1639;206;0;
5387;2025.07.11 11:00;-24;5.8125;-200;-200;1639;206;0;
5388;2025.07.11 11:15;-24;5.625;-200;-200;1639;206;0;
5389;2025.07.11 11:30;-24;5.4375;-200;-200;1639;206;0;
5390;2025.07.11 11:45;-24;5;-200;-200;1639;206;0;
5391;2025.07.11 12:00;-24;4.625;-200;-200;1639;206;0;
5392;2025.07.11 12:15;-24;4.5;-200;-200;1639;206;0;
5393;2025.07.11 12:30;-24;4.5;-200;-200;1639;206;0;
5394;2025.07.11 12:45;-24;4.75;-200;-200;1639;206;0;
5395;2025.07.11 13:00;-24;5.0625;-200;-200;1639;206;0;
5396;2025.07.11 13:15;-24;5.875;-200;-200;1639;206;0;
5397;2025.07.11 13:30;-24;8.875;-200;-200;1639;206;0;
5398;2025.07.11 13:45;-24;14.25;-200;-200;1638;206;0;
5399;2025.07.11 14:00;-24;14.125;-200;-200;1637;206;0;
5400;2025.07.11 14:15;-24;20.9375;-200;-200;1636;206;0;
5401;2025.07.11 14:30;-24;26.1875;-200;-200;1634;206;0;
5402;2025.07.11 14:45;-24;27.25;-200;-200;1632;206;0;
5403;2025.07.11 15:00;-24;26.75;-200;-200;1632;206;0;
5404;2025.07.11 15:15;-24;28.25;-200;-200;1632;206;0;
5405;2025.07.11 15:30;-24;28.75;-200;-200;1633;206;0;
5406;2025.07.11 15:45;-24;30.25;-200;-200;1632;206;0;
5407;2025.07.11 16:00;-24;27.6875;-200;-200;1632;206;0;
5408;2025.07.11 16:15;-24;25.875;-200;-200;1633;206;0;
5409;2025.07.11 16:30;-24;24.75;-200;-200;1633;206;0;
5410;2025.07.11 16:45;-24;24.875;-200;-200;1633;206;0;
5411;2025.07.11 17:00;-24;25.625;-200;-200;1633;206;0;
5412;2025.07.11 17:15;-24;29.625;-200;-200;1632;206;0;
5413;2025.07.11 17:30;-24;30.25;-200;-200;1632;206;0;
5414;2025.07.11 17:45;-24;29.9375;-200;-200;1632;206;0;
5415;2025.07.11 18:00;-24;30.25;-200;-200;1631;206;0;
5416;2025.07.11 18:15;-24;30.25;-200;-200;1632;206;0;
5417;2025.07.11 18:30;-24;29.625;-200;-200;1632;206;0;
5418;2025.07.11 18:45;-24;28.375;-200;-200;1632;206;0;
5419;2025.07.11 19:00;-24;28;-200;-200;1632;206;0;
5420;2025.07.11 19:15;-24;27.75;-200;-200;1632;206;0;
5421;2025.07.11 19:30;-24;27.125;-200;-200;1632;206;0;
5422;2025.07.11 19:45;-24;27.3125;-200;-200;1632;206;0;
5423;2025.07.11 20:00;-24;27.3125;-200;-200;1632;206;0;
5424;2025.07.11 20:15;-24;27.125;-200;-200;1632;206;0;
5425;2025.07.11 20:30;-24;27.75;-200;-200;1632;206;0;
5426;2025.07.11 20:45;-24;28.25;-200;-200;1632;206;0;
5427;2025.07.11 21:00;-24;27.875;-200;-200;1632;206;0;
5428;2025.07.11 21:15;-24;28.8125;-200;-200;1632;206;0;
5429;2025.07.11 21:30;-24;28.875;-200;-200;1632;206;0;
5430;2025.07.11 21:45;-24;29.5;-200;-200;1632;206;0;
5431;2025.07.11 22:00;-24;28.75;-200;-200;1632;206;0;
5432;2025.07.11 22:15;-24;27.9375;-200;-200;1632;206;0;
5433;2025.07.11 22:30;-24;28.3125;-200;-200;1632;206;0;
5434;2025.07.11 22:45;-24;27.625;-200;-200;1632;206;0;
5435;2025.07.11 23:00;-24;27.5625;-200;-200;1632;206;0;
5436;2025.07.11 23:15;-24;27.25;-200;-200;1632;206;0;
5437;2025.07.11 23:30;-24;26.3125;-200;-200;1632;206;0;
5438;2025.07.11 23:45;-24;26.75;-200;-200;1632;206;0;
5439;2025.07.12 00:00;-24;23.75;-200;-200;1633;206;0;
5440;2025.07.12 00:15;-24;22.6875;-200;-200;1633;206;0;
5441;2025.07.12 00:30;-24;21.5;-200;-200;1633;206;0;
5442;2025.07.12 00:45;-24;22.75;-200;-200;1632;206;0;
5443;2025.07.12 01:00;-24;22.125;-200;-200;1633;206;0;
5444;2025.07.12 01:15;-24;21.0625;-200;-200;1633;206;0;
5445;2025.07.12 01:30;-24;20.25;-200;-200;1632;206;0;
5446;2025.07.12 01:45;-24;19.9375;-200;-200;1632;206;0;
5447;2025.07.12 02:00;-24;19.1875;-200;-200;1632;206;0;
5448;2025.07.12 02:15;-24;18.375;-200;-200;1632;206;0;
5449;2025.07.12 02:30;-24;17.375;-200;-200;1632;206;0;
5450;2025.07.12 02:45;-24;16.125;-200;-200;1632;206;0;
5451;2025.07.12 03:00;-24;15;-200;-200;1631;206;0;
5452;2025.07.12 03:15;-24;14.0625;-200;-200;1631;206;0;
5453;2025.07.12 03:30;-24;13.625;-200;-200;1631;206;0;
5454;2025.07.12 03:45;-24;13.3125;-200;-200;1631;206;0;
5455;2025.07.12 04:00;-24;13;-200;-200;1631;206;0;
5456;2025.07.12 04:15;-24;12.5;-200;-200;1631;206;0;
5457;2025.07.12 04:30;-24;11.9375;-200;-200;1631;206;0;
5458;2025.07.12 04:45;-24;11.4375;-200;-200;1631;206;0;
5459;2025.07.12 05:00;-24;11.25;-200;-200;1631;206;0;
5460;2025.07.12 05:15;-24;11;-200;-200;1631;206;0;
5461;2025.07.12 05:30;-24;10.75;-200;-200;1630;206;0;
5462;2025.07.12 05:45;-24;10.5;-200;-200;1630;206;0;
5463;2025.07.12 06:00;-24;10.375;-200;-200;1630;206;0;
5464;2025.07.12 06:15;-24;10.25;-200;-200;1630;206;0;
5465;2025.07.12 06:30;-24;10.0625;-200;-200;1630;206;0;
5466;2025.07.12 06:45;-24;10.125;-200;-200;1630;206;0;
5467;2025.07.12 07:00;-24;10.125;-200;-200;1630;206;0;
5468;2025.07.12 07:15;-24;10;-200;-200;1630;206;0;
5469;2025.07.12 07:30;-24;9.625;-200;-200;1630;206;0;
5470;2025.07.12 07:45;-24;9.125;-200;-200;1630;206;0;
5471;2025.07.12 08:00;-24;8.8125;-200;-200;1630;206;0;
5472;2025.07.12 08:15;-24;8.5;-200;-200;1630;206;0;
5473;2025.07.12 08:30;-24;8.125;-200;-200;1630;206;0;
5474;2025.07.12 08:45;-24;7.75;-200;-200;1630;206;0;
5475;2025.07.12 09:00;-24;7.625;-200;-200;1630;206;0;
5476;2025.07.12 09:15;-24;7.5;-200;-200;1630;206;0;
5477;2025.07.12 09:30;-24;7.25;-200;-200;1630;206;0;
5478;2025.07.12 09:45;-24;7.1875;-200;-200;1630;206;0;
5479;2025.07.12 10:00;-24;7.125;-200;-200;1630;206;0;
5480;2025.07.12 10:15;-24;7.25;-200;-200;1630;206;0;
5481;2025.07.12 10:30;-24;7.25;-200;-200;1630;206;0;
5482;2025.07.12 10:45;-24;7.125;-200;-200;1630;206;0;
5483;2025.07.12 11:00;-24;6.875;-200;-200;1630;206;0;
5484;2025.07.12 11:15;-24;7;-200;-200;1630;206;0;
5485;2025.07.12 11:30;-24;7.0625;-200;-200;1630;206;0;
5486;2025.07.12 11:45;-24;7.625;-200;-200;1630;206;0;
5487;2025.07.12 12:00;-24;7.8125;-200;-200;1630;206;0;
5488;2025.07.12 12:15;-24;7.75;-200;-200;1630;206;0;
5489;2025.07.12 12:30;-24;7.5625;-200;-200;1630;206;0;
5490;2025.07.12 12:45;-24;7.375;-200;-200;1630;206;0;
5491;2025.07.12 13:00;-24;7.375;-200;-200;1630;206;0;
5492;2025.07.12 13:15;-24;7.875;-200;-200;1630;206;0;
5493;2025.07.12 13:30;-24;11.125;-200;-200;1630;206;0;
5494;2025.07.12 13:45;-24;16.5;-200;-200;1629;206;0;
5495;2025.07.12 14:00;-24;15.75;-200;-200;1629;206;0;
5496;2025.07.12 14:15;-24;22.75;-200;-200;1626;206;0;
5497;2025.07.12 14:30;-24;27.1875;-200;-200;1624;206;0;
5498;2025.07.12 14:45;-24;27.3125;-200;-200;1623;206;0;
5499;2025.07.12 15:00;-24;25.875;-200;-200;1623;206;0;
5500;2025.07.12 15:15;-24;25.8125;-200;-200;1624;206;0;
5501;2025.07.12 15:30;-24;28.3125;-200;-200;1623;206;0;
5502;2025.07.12 15:45;-24;29.75;-200;-200;1623;206;0;
5503;2025.07.12 16:00;-24;28.5;-200;-200;1623;206;0;
5504;2025.07.12 16:15;-24;26.75;-200;-200;1623;206;0;
5505;2025.07.12 16:30;-24;25.3125;-200;-200;1624;206;0;
5506;2025.07.12 16:45;-24;25.625;-200;-200;1624;206;0;
5507;2025.07.12 17:00;-24;26.125;-200;-200;1624;206;0;
5508;2025.07.12 17:15;-24;30;-200;-200;1622;206;0;
5509;2025.07.12 17:30;-24;31.375;-200;-200;1622;206;0;
5510;2025.07.12 17:45;-24;31.25;-200;-200;1622;206;0;
5511;2025.07.12 18:00;-24;31.5;-200;-200;1621;206;0;
5512;2025.07.12 18:15;-24;30.6875;-200;-200;1622;206;0;
5513;2025.07.12 18:30;-24;30.25;-200;-200;1623;206;0;
5514;2025.07.12 18:45;-24;28.875;-200;-200;1623;206;0;
5515;2025.07.12 19:00;-24;28.625;-200;-200;1623;206;0;
5516;2025.07.12 19:15;-24;28;-200;-200;1623;206;0;
5517;2025.07.12 19:30;-24;27.875;-200;-200;1623;206;0;
5518;2025.07.12 19:45;-24;27.5;-200;-200;1623;206;0;
5519;2025.07.12 20:00;-24;27.3125;-200;-200;1623;206;0;
5520;2025.07.12 20:15;-24;26.4375;-200;-200;1623;206;0;
5521;2025.07.12 20:30;-24;27.8125;-200;-200;1623;206;0;
5522;2025.07.12 20:45;-24;28.375;-200;-200;1623;206;0;
5523;2025.07.12 21:00;-24;28.4375;-200;-200;1623;206;0;
5524;2025.07.12 21:15;-24;29.375;-200;-200;1623;206;0;
5525;2025.07.12 21:30;-24;29.625;-200;-200;1623;206;0;
5526;2025.07.12 21:45;-24;27.75;-200;-200;1623;206;0;
5527;2025.07.12 22:00;-24;29.5;-200;-200;1623;206;0;
5528;2025.07.12 22:15;-24;29.25;-200;-200;1623;206;0;
5529;2025.07.12 22:30;-24;28.25;-200;-200;1623;206;0;
5530;2025.07.12 22:45;-24;27.25;-200;-200;1623;206;0;
5531;2025.07.12 23:00;-24;27.6875;-200;-200;1623;206;0;
5532;2025.07.12 23:15;-24;28.1875;-200;-200;1623;206;0;
5533;2025.07.12 23:30;-24;27.5;-200;-200;1623;206;0;
5534;2025.07.12 23:45;-24;27.1875;-200;-200;1623;206;0;
5535;2025.07.13 00:00;-24;26.125;-200;-200;1624;206;0;
5536;2025.07.13 00:15;-24;25.5;-200;-200;1624;206;0;
5537;2025.07.13 00:30;-24;24.625;-200;-200;1624;206;0;
5538;2025.07.13 00:45;-24;23.25;-200;-200;1624;206;0;
5539;2025.07.13 01:00;-24;22.25;-200;-200;1623;206;0;
5540;2025.07.13 01:15;-24;22;-200;-200;1622;206;0;
5541;2025.07.13 01:30;-24;21.125;-200;-200;1622;206;0;
5542;2025.07.13 01:45;-24;19.5625;-200;-200;1622;206;0;
5543;2025.07.13 02:00;-24;18.25;-200;-200;1621;206;0;
5544;2025.07.13 02:15;-24;16.625;-200;-200;1621;206;0;
5545;2025.07.13 02:30;-24;15.25;-200;-200;1621;206;0;
5546;2025.07.13 02:45;-24;14;-200;-200;1620;206;0;
5547;2025.07.13 03:00;-24;13.125;-200;-200;1620;206;0;
5548;2025.07.13 03:15;-24;12.5;-200;-200;1620;206;0;
5549;2025.07.13 03:30;-24;12;-200;-200;1620;206;0;
5550;2025.07.13 03:45;-24;11.75;-200;-200;1620;206;0;
5551;2025.07.13 04:00;-24;11.5;-200;-200;1620;206;0;
5552;2025.07.13 04:15;-24;11.25;-200;-200;1619;206;0;
5553;2025.07.13 04:30;-24;11;-200;-200;1619;206;0;
5554;2025.07.13 04:45;-24;10.625;-200;-200;1619;206;0;
5555;2025.07.13 05:00;-24;10.25;-200;-200;1619;206;0;
5556;2025.07.13 05:15;-24;10;-200;-200;1619;206;0;
5557;2025.07.13 05:30;-24;9.75;-200;-200;1619;206;0;
5558;2025.07.13 05:45;-24;9.6875;-200;-200;1619;206;0;
5559;2025.07.13 06:00;-24;9.75;-200;-200;1619;206;0;
5560;2025.07.13 06:15;-24;9.6875;-200;-200;1619;206;0;
5561;2025.07.13 06:30;-24;9.625;-200;-200;1619;206;0;
5562;2025.07.13 06:45;-24;9.75;-200;-200;1619;206;0;
5563;2025.07.13 07:00;-24;9.75;-200;-200;1619;206;0;
5564;2025.07.13 07:15;-24;9.75;-200;-200;1619;206;0;
5565;2025.07.13 07:30;-24;9.5;-200;-200;1619;206;0;
5566;2025.07.13 07:45;-24;9.4375;-200;-200;1619;206;0;
5567;2025.07.13 08:00;-24;9.5;-200;-200;1619;206;0;
5568;2025.07.13 08:15;-24;9.625;-200;-200;1619;206;0;
5569;2025.07.13 08:30;-24;9.4375;-200;-200;1619;206;0;
5570;2025.07.13 08:45;-24;9.1875;-200;-200;1619;206;0;
5571;2025.07.13 09:00;-24;8.9375;-200;-200;1619;206;0;
5572;2025.07.13 09:15;-24;8.75;-200;-200;1619;206;0;
5573;2025.07.13 09:30;-24;8.3125;-200;-200;1619;206;0;
5574;2025.07.13 09:45;-24;8.125;-200;-200;1619;206;0;
5575;2025.07.13 10:00;-24;8.375;-200;-200;1619;206;0;
5576;2025.07.13 10:15;-24;8.25;-200;-200;1619;206;0;
5577;2025.07.13 10:30;-24;8;-200;-200;1619;206;0;
5578;2025.07.13 10:45;-24;8;-200;-200;1619;206;0;
5579;2025.07.13 11:00;-24;8.125;-200;-200;1619;206;0;
5580;2025.07.13 11:15;-24;8.5;-200;-200;1619;206;0;
5581;2025.07.13 11:30;-24;9.25;-200;-200;1619;206;0;
5582;2025.07.13 11:45;-24;10.375;-200;-200;1618;206;0;
5583;2025.07.13 12:00;-24;10.25;-200;-200;1618;206;0;
5584;2025.07.13 12:15;-24;10.125;-200;-200;1618;206;0;
5585;2025.07.13 12:30;-24;10.375;-200;-200;1618;206;0;
5586;2025.07.13 12:45;-24;10.875;-200;-200;1618;206;0;
5587;2025.07.13 13:00;-24;10.75;-200;-200;1618;206;0;
5588;2025.07.13 13:15;-24;10.625;-200;-200;1618;206;0;
5589;2025.07.13 13:30;-24;13.25;-200;-200;1618;206;0;
5590;2025.07.13 13:45;-24;18;-200;-200;1617;206;0;
5591;2025.07.13 14:00;-24;16.625;-200;-200;1617;206;0;
5592;2025.07.13 14:15;-24;23.5;-200;-200;1614;206;0;
5593;2025.07.13 14:30;-24;26.875;-200;-200;1613;206;0;
5594;2025.07.13 14:45;-24;27.625;-200;-200;1612;206;0;
5595;2025.07.13 15:00;-24;26;-200;-200;1612;206;0;
5596;2025.07.13 15:15;-24;25.75;-200;-200;1612;206;0;
5597;2025.07.13 15:30;-24;28.6875;-200;-200;1613;206;0;
5598;2025.07.13 15:45;-24;30.125;-200;-200;1612;206;0;
5599;2025.07.13 16:00;-24;29.5;-200;-200;1612;206;0;
5600;2025.07.13 16:15;-24;26.75;-200;-200;1613;206;0;
5601;2025.07.13 16:30;-24;25.25;-200;-200;1613;206;0;
5602;2025.07.13 16:45;-24;25.375;-200;-200;1613;206;0;
5603;2025.07.13 17:00;-24;26.375;-200;-200;1613;206;0;
5604;2025.07.13 17:15;-24;29.875;-200;-200;1612;206;0;
5605;2025.07.13 17:30;-24;31.25;-200;-200;1611;206;0;
5606;2025.07.13 17:45;-24;31.375;-200;-200;1612;206;0;
5607;2025.07.13 18:00;-24;31.8125;-200;-200;1611;206;0;
5608;2025.07.13 18:15;-24;31.5;-200;-200;1611;206;0;
5609;2025.07.13 18:30;-24;30.75;-200;-200;1612;206;0;
5610;2025.07.13 18:45;-24;29.625;-200;-200;1612;206;0;
5611;2025.07.13 19:00;-24;29.5;-200;-200;1612;206;0;
5612;2025.07.13 19:15;-24;29.3125;-200;-200;1612;206;0;
5613;2025.07.13 19:30;-24;28.8125;-200;-200;1612;206;0;
5614;2025.07.13 19:45;-24;27.25;-200;-200;1612;206;0;
5615;2025.07.13 20:00;-24;29.25;-200;-200;1612;206;0;
5616;2025.07.13 20:15;-24;29;-200;-200;1612;206;0;
5617;2025.07.13 20:30;-24;29.75;-200;-200;1612;206;0;
5618;2025.07.13 20:45;-24;30.1875;-200;-200;1612;206;0;
5619;2025.07.13 21:00;-24;27.5;-200;-200;1612;206;0;
5620;2025.07.13 21:15;-24;29.25;-200;-200;1612;206;0;
5621;2025.07.13 21:30;-24;30.5;-200;-200;1612;206;0;
5622;2025.07.13 21:45;-24;27.75;-200;-200;1612;206;0;
5623;2025.07.13 22:00;-24;26.75;-200;-200;1612;206;0;
5624;2025.07.13 22:15;-24;26.375;-200;-200;1612;206;0;
5625;2025.07.13 22:30;-24;25.5;-200;-200;1612;206;0;
5626;2025.07.13 22:45;-24;24.9375;-200;-200;1612;206;0;
5627;2025.07.13 23:00;-24;23.875;-200;-200;1613;206;0;
5628;2025.07.13 23:15;-24;23.25;-200;-200;1613;206;0;
5629;2025.07.13 23:30;-24;21.625;-200;-200;1613;206;0;
5630;2025.07.13 23:45;-24;21;-200;-200;1612;206;0;
5631;2025.07.14 00:00;-24;20.8125;-200;-200;1612;206;0;
5632;2025.07.14 00:15;-24;20.625;-200;-200;1613;206;0;
5633;2025.07.14 00:30;-24;20.8125;-200;-200;1612;206;0;
5634;2025.07.14 00:45;-24;21.375;-200;-200;1612;206;0;
5635;2025.07.14 01:00;-24;22;-200;-200;1612;206;0;
5636;2025.07.14 01:15;-24;22.25;-200;-200;1612;206;0;
5637;2025.07.14 01:30;-24;21.875;-200;-200;1612;206;0;
5638;2025.07.14 01:45;-24;22;-200;-200;1612;206;0;
5639;2025.07.14 02:00;-24;20.4375;-200;-200;1613;206;0;
5640;2025.07.14 02:15;-24;19.9375;-200;-200;1613;206;0;
5641;2025.07.14 02:30;-24;19.5;-200;-200;1612;206;0;
5642;2025.07.14 02:45;-24;18.875;-200;-200;1612;206;0;
5643;2025.07.14 03:00;-24;18.5;-200;-200;1612;206;0;
5644;2025.07.14 03:15;-24;18.375;-200;-200;1612;206;0;
5645;2025.07.14 03:30;-24;20.625;-200;-200;1612;206;0;
5646;2025.07.14 03:45;-24;20.375;-200;-200;1612;206;0;
5647;2025.07.14 04:00;-24;19.5;-200;-200;1612;206;0;
5648;2025.07.14 04:15;-24;18.8125;-200;-200;1612;206;0;
5649;2025.07.14 04:30;-24;18.6875;-200;-200;1612;206;0;
5650;2025.07.14 04:45;-24;18.375;-200;-200;1612;206;0;
5651;2025.07.14 05:00;-24;18.1875;-200;-200;1612;206;0;
5652;2025.07.14 05:15;-24;17.9375;-200;-200;1612;206;0;
5653;2025.07.14 05:30;-24;17.875;-200;-200;1612;206;0;
5654;2025.07.14 05:45;-24;17.375;-200;-200;1612;206;0;
5655;2025.07.14 06:00;-24;17.8125;-200;-200;1612;206;0;
5656;2025.07.14 06:15;-24;17.75;-200;-200;1612;206;0;
5657;2025.07.14 06:30;-24;17.5;-200;-200;1612;206;0;
5658;2025.07.14 06:45;-24;16.75;-200;-200;1612;206;0;
5659;2025.07.14 07:00;-24;15.375;-200;-200;1612;206;0;
5660;2025.07.14 07:15;-24;14.375;-200;-200;1612;206;0;
5661;2025.07.14 07:30;-24;13.5;-200;-200;1611;206;0;
5662;2025.07.14 07:45;-24;12.9375;-200;-200;1611;206;0;
5663;2025.07.14 08:00;-24;12.4375;-200;-200;1611;206;0;
5664;2025.07.14 08:15;-24;11.9375;-200;-200;1611;206;0;
5665;2025.07.14 08:30;-24;11.25;-200;-200;1611;206;0;
5666;2025.07.14 08:45;-24;10.75;-200;-200;1611;206;0;
5667;2025.07.14 09:00;-24;10.25;-200;-200;1611;206;0;
5668;2025.07.14 09:15;-24;9.9375;-200;-200;1611;206;0;
5669;2025.07.14 09:30;-24;9.5;-200;-200;1611;206;0;
5670;2025.07.14 09:45;-24;9.25;-200;-200;1610;206;0;
5671;2025.07.14 10:00;-24;8.9375;-200;-200;1611;206;0;
5672;2025.07.14 10:15;-24;8.75;-200;-200;1611;206;0;
5673;2025.07.14 10:30;-24;9;-200;-200;1611;206;0;
5674;2025.07.14 10:45;-24;9.375;-200;-200;1610;206;0;
5675;2025.07.14 11:00;-24;9.625;-200;-200;1610;206;0;
5676;2025.07.14 11:15;-24;9.75;-200;-200;1610;206;0;
5677;2025.07.14 11:30;-24;10.4375;-200;-200;1610;206;0;
5678;2025.07.14 11:45;-24;11;-200;-200;1610;206;0;
5679;2025.07.14 12:00;-24;11.875;-200;-200;1610;206;0;
5680;2025.07.14 12:15;-24;13.125;-200;-200;1610;206;0;
5681;2025.07.14 12:30;-24;12.875;-200;-200;1610;206;0;
5682;2025.07.14 12:45;-24;12.5;-200;-200;1610;206;0;
5683;2025.07.14 13:00;-24;12.5;-200;-200;1610;206;0;
5684;2025.07.14 13:15;-24;12.6875;-200;-200;1610;206;0;
5685;2025.07.14 13:30;-24;16.5;-200;-200;1609;206;0;
5686;2025.07.14 13:45;-24;16.375;-200;-200;1609;206;0;
5687;2025.07.14 14:00;-24;16.25;-200;-200;1609;206;0;
5688;2025.07.14 14:15;-24;18.6875;-200;-200;1609;206;0;
5689;2025.07.14 14:30;-24;27.375;-200;-200;1605;206;0;
5690;2025.07.14 14:45;-24;30.125;-200;-200;1605;206;0;
5691;2025.07.14 15:00;-24;27.125;-200;-200;1605;206;0;
5692;2025.07.14 15:15;-24;25.6875;-200;-200;1605;206;0;
5693;2025.07.14 15:30;-24;29;-200;-200;1605;206;0;
5694;2025.07.14 15:45;-24;30.8125;-200;-200;1605;206;0;
5695;2025.07.14 16:00;-24;30.5;-200;-200;1605;206;0;
5696;2025.07.14 16:15;-24;28.625;-200;-200;1605;206;0;
5697;2025.07.14 16:30;-24;27;-200;-200;1605;206;0;
5698;2025.07.14 16:45;-24;26.8125;-200;-200;1605;206;0;
5699;2025.07.14 17:00;-24;27.375;-200;-200;1605;206;0;
5700;2025.07.14 17:15;-24;29.5;-200;-200;1605;206;0;
5701;2025.07.14 17:30;-24;30.875;-200;-200;1605;206;0;
5702;2025.07.14 17:45;-24;30.625;-200;-200;1604;206;0;
5703;2025.07.14 18:00;-24;31;-200;-200;1604;206;0;
5704;2025.07.14 18:15;-24;30.75;-200;-200;1604;206;0;
5705;2025.07.14 18:30;-24;30.125;-200;-200;1604;206;0;
5706;2025.07.14 18:45;-24;29.375;-200;-200;1605;206;0;
5707;2025.07.14 19:00;-24;28.375;-200;-200;1605;206;0;
5708;2025.07.14 19:15;-24;28.625;-200;-200;1605;206;0;
5709;2025.07.14 19:30;-24;29.375;-200;-200;1605;206;0;
5710;2025.07.14 19:45;-24;29.25;-200;-200;1605;206;0;
5711;2025.07.14 20:00;-24;29.25;-200;-200;1605;206;0;
5712;2025.07.14 20:15;-24;27.5625;-200;-200;1605;206;0;
5713;2025.07.14 20:30;-24;25;-200;-200;1606;206;0;
5714;2025.07.14 20:45;-24;22.25;-200;-200;1606;206;0;
5715;2025.07.14 21:00;-24;21.875;-200;-200;1606;206;0;
5716;2025.07.14 21:15;-24;23;-200;-200;1606;206;0;
5717;2025.07.14 21:30;-24;22.1875;-200;-200;1606;206;0;
5718;2025.07.14 21:45;-24;24;-200;-200;1606;206;0;
5719;2025.07.14 22:00;-24;24.6875;-200;-200;1606;206;0;
5720;2025.07.14 22:15;-24;20.875;-200;-200;1606;206;0;
5721;2025.07.14 22:30;-24;20.1875;-200;-200;1605;206;0;
5722;2025.07.14 22:45;-24;20.375;-200;-200;1605;206;0;
5723;2025.07.14 23:00;-24;22.5;-200;-200;1605;206;0;
5724;2025.07.14 23:15;-24;22;-200;-200;1605;206;0;
5725;2025.07.14 23:30;-24;23.375;-200;-200;1605;206;0;
5726;2025.07.14 23:45;-24;21.4375;-200;-200;1605;206;0;
5727;2025.07.15 00:00;-24;20.25;-200;-200;1605;206;0;
5728;2025.07.15 00:15;-24;21.6875;-200;-200;1604;206;0;
5729;2025.07.15 00:30;-24;22.9375;-200;-200;1604;206;0;
5730;2025.07.15 00:45;-24;22.375;-200;-200;1604;206;0;
5731;2025.07.15 01:00;-24;21.75;-200;-200;1604;206;0;
5732;2025.07.15 01:15;-24;20.875;-200;-200;1604;206;0;
5733;2025.07.15 01:30;-24;20.3125;-200;-200;1604;206;0;
5734;2025.07.15 01:45;-24;19.125;-200;-200;1604;206;0;
5735;2025.07.15 02:00;-24;17.625;-200;-200;1604;206;0;
5736;2025.07.15 02:15;-24;16.125;-200;-200;1604;206;0;
5737;2025.07.15 02:30;-24;14.875;-200;-200;1604;206;0;
5738;2025.07.15 02:45;-24;13.875;-200;-200;1603;206;0;
5739;2025.07.15 03:00;-24;13;-200;-200;1603;206;0;
5740;2025.07.15 03:15;-24;12.4375;-200;-200;1602;206;0;
5741;2025.07.15 03:30;-24;12.375;-200;-200;1603;206;0;
5742;2025.07.15 03:45;-24;12.375;-200;-200;1603;206;0;
5743;2025.07.15 04:00;-24;12.25;-200;-200;1603;206;0;
5744;2025.07.15 04:15;-24;11.875;-200;-200;1603;206;0;
5745;2025.07.15 04:30;-24;11.625;-200;-200;1603;206;0;
5746;2025.07.15 04:45;-24;11.5625;-200;-200;1603;206;0;
5747;2025.07.15 05:00;-24;11.6875;-200;-200;1603;206;0;
5748;2025.07.15 05:15;-24;12.0625;-200;-200;1603;206;0;
5749;2025.07.15 05:30;-24;13.875;-200;-200;1603;206;0;
5750;2025.07.15 05:45;-24;14.8125;-200;-200;1603;206;0;
5751;2025.07.15 06:00;-24;15.375;-200;-200;1603;206;0;
5752;2025.07.15 06:15;-24;15.25;-200;-200;1602;206;0;
5753;2025.07.15 06:30;-24;14;-200;-200;1603;206;0;
5754;2025.07.15 06:45;-24;12.625;-200;-200;1602;206;0;
5755;2025.07.15 07:00;-24;11.4375;-200;-200;1602;206;0;
5756;2025.07.15 07:15;-24;10.6875;-200;-200;1603;206;0;
5757;2025.07.15 07:30;-24;10.125;-200;-200;1602;206;0;
5758;2025.07.15 07:45;-24;10.375;-200;-200;1602;206;0;
5759;2025.07.15 08:00;-24;10.375;-200;-200;1602;206;0;
5760;2025.07.15 08:15;-24;10.25;-200;-200;1602;206;0;
5761;2025.07.15 08:30;-24;9.5;-200;-200;1602;206;0;
5762;2025.07.15 08:45;-24;9.125;-200;-200;1602;206;0;
5763;2025.07.15 09:00;-24;8.625;-200;-200;1602;206;0;
5764;2025.07.15 09:15;-24;8.25;-200;-200;1602;206;0;
5765;2025.07.15 09:30;-24;8.125;-200;-200;1602;206;0;
5766;2025.07.15 09:45;-24;7.875;-200;-200;1602;206;0;
5767;2025.07.15 10:00;-24;7.75;-200;-200;1602;206;0;
5768;2025.07.15 10:15;-24;7.5625;-200;-200;1602;206;0;
5769;2025.07.15 10:30;-24;7.4375;-200;-200;1602;206;0;
5770;2025.07.15 10:45;-24;7.25;-200;-200;1602;206;0;
5771;2025.07.15 11:00;-24;7.25;-200;-200;1602;206;0;
5772;2025.07.15 11:15;-24;7.1875;-200;-200;1602;206;0;
5773;2025.07.15 11:30;-24;7;-200;-200;1602;206;0;
5774;2025.07.15 11:45;-24;6.75;-200;-200;1602;206;0;
5775;2025.07.15 12:00;-24;6.625;-200;-200;1602;206;0;
5776;2025.07.15 12:15;-24;6.625;-200;-200;1602;206;0;
5777;2025.07.15 12:30;-24;6.875;-200;-200;1602;206;0;
5778;2025.07.15 12:45;-24;7.1875;-200;-200;1602;206;0;
5779;2025.07.15 13:00;-24;7.75;-200;-200;1602;206;0;
5780;2025.07.15 13:15;-24;8.75;-200;-200;1602;206;0;
5781;2025.07.15 13:30;-24;12.375;-200;-200;1601;206;0;
5782;2025.07.15 13:45;-24;16.75;-200;-200;1601;206;0;
5783;2025.07.15 14:00;-24;16.25;-200;-200;1600;206;0;
5784;2025.07.15 14:15;-24;21.5;-200;-200;1598;206;0;
5785;2025.07.15 14:30;-24;26;-200;-200;1598;206;0;
5786;2025.07.15 14:45;-24;27.75;-200;-200;1598;206;0;
5787;2025.07.15 15:00;-24;26.375;-200;-200;1598;206;0;
5788;2025.07.15 15:15;-24;25.1875;-200;-200;1598;206;0;
5789;2025.07.15 15:30;-24;27.6875;-200;-200;1598;206;0;
5790;2025.07.15 15:45;-24;28.875;-200;-200;1598;206;0;
5791;2025.07.15 16:00;-24;28.9375;-200;-200;1597;206;0;
5792;2025.07.15 16:15;-24;27.375;-200;-200;1598;206;0;
5793;2025.07.15 16:30;-24;26.375;-200;-200;1598;206;0;
5794;2025.07.15 16:45;-24;26.125;-200;-200;1598;206;0;
5795;2025.07.15 17:00;-24;27.125;-200;-200;1598;206;0;
5796;2025.07.15 17:15;-24;30.375;-200;-200;1596;206;0;
5797;2025.07.15 17:30;-24;31;-200;-200;1596;206;0;
5798;2025.07.15 17:45;-24;30.625;-200;-200;1596;206;0;
5799;2025.07.15 18:00;-24;30.8125;-200;-200;1596;206;0;
5800;2025.07.15 18:15;-24;31.125;-200;-200;1596;206;0;
5801;2025.07.15 18:30;-24;30.25;-200;-200;1597;206;0;
5802;2025.07.15 18:45;-24;29.5;-200;-200;1597;206;0;
5803;2025.07.15 19:00;-24;29.75;-200;-200;1597;206;0;
5804;2025.07.15 19:15;-24;27.75;-200;-200;1597;206;0;
5805;2025.07.15 19:30;-24;25.5;-200;-200;1598;206;0;
5806;2025.07.15 19:45;-24;24.375;-200;-200;1598;206;0;
5807;2025.07.15 20:00;-24;23.625;-200;-200;1598;206;0;
5808;2025.07.15 20:15;-24;22.75;-200;-200;1598;206;0;
5809;2025.07.15 20:30;-24;22.6875;-200;-200;1598;206;0;
5810;2025.07.15 20:45;-24;22.625;-200;-200;1598;206;0;
5811;2025.07.15 21:00;-24;22.4375;-200;-200;1598;206;0;
5812;2025.07.15 21:15;-24;21.9375;-200;-200;1598;206;0;
5813;2025.07.15 21:30;-24;21.8125;-200;-200;1598;206;0;
5814;2025.07.15 21:45;-24;21.25;-200;-200;1598;206;0;
5815;2025.07.15 22:00;-24;21.75;-200;-200;1598;206;0;
5816;2025.07.15 22:15;-24;23.1875;-200;-200;1598;206;0;
5817;2025.07.15 22:30;-24;24.5;-200;-200;1598;206;0;
5818;2025.07.15 22:45;-24;25.375;-200;-200;1598;206;0;
5819;2025.07.15 23:00;-24;25.5;-200;-200;1598;206;0;
5820;2025.07.15 23:15;-24;24.25;-200;-200;1598;206;0;
5821;2025.07.15 23:30;-24;23.875;-200;-200;1598;206;0;
5822;2025.07.15 23:45;-24;24.25;-200;-200;1598;206;0;
5823;2025.07.16 00:00;-24;22.75;-200;-200;1598;206;0;
5824;2025.07.16 00:15;-24;22.75;-200;-200;1598;206;0;
5825;2025.07.16 00:30;-24;21.5625;-200;-200;1598;206;0;
5826;2025.07.16 00:45;-24;20.75;-200;-200;1598;206;0;
5827;2025.07.16 01:00;-24;20.4375;-200;-200;1598;206;0;
5828;2025.07.16 01:15;-24;20.25;-200;-200;1598;206;0;
5829;2025.07.16 01:30;-24;19.5;-200;-200;1598;206;0;
5830;2025.07.16 01:45;-24;17.625;-200;-200;1598;206;0;
5831;2025.07.16 02:00;-24;17.375;-200;-200;1598;206;0;
5832;2025.07.16 02:15;-24;16.9375;-200;-200;1597;206;0;
5833;2025.07.16 02:30;-24;16.6875;-200;-200;1597;206;0;
5834;2025.07.16 02:45;-24;16.75;-200;-200;1597;206;0;
5835;2025.07.16 03:00;-24;15.875;-200;-200;1598;206;0;
5836;2025.07.16 03:15;-24;15.375;-200;-200;1597;206;0;
5837;2025.07.16 03:30;-24;14.375;-200;-200;1597;206;0;
5838;2025.07.16 03:45;-24;14.25;-200;-200;1597;206;0;
5839;2025.07.16 04:00;-24;14.4375;-200;-200;1597;206;0;
5840;2025.07.16 04:15;-24;14.625;-200;-200;1597;206;0;
5841;2025.07.16 04:30;-24;14.375;-200;-200;1597;206;0;
5842;2025.07.16 04:45;-24;13.375;-200;-200;1597;206;0;
5843;2025.07.16 05:00;-24;12.875;-200;-200;1597;206;0;
5844;2025.07.16 05:15;-24;12.75;-200;-200;1597;206;0;
5845;2025.07.16 05:30;-24;12.25;-200;-200;1597;206;0;
5846;2025.07.16 05:45;-24;11.875;-200;-200;1597;206;0;
5847;2025.07.16 06:00;-24;12.125;-200;-200;1597;206;0;
5848;2025.07.16 06:15;-24;12.6875;-200;-200;1597;206;0;
5849;2025.07.16 06:30;-24;13;-200;-200;1597;206;0;
5850;2025.07.16 06:45;-24;12.875;-200;-200;1597;206;0;
5851;2025.07.16 07:00;-24;12.625;-200;-200;1597;206;0;
5852;2025.07.16 07:15;-24;12.125;-200;-200;1597;206;0;
5853;2025.07.16 07:30;-24;11.625;-200;-200;1597;206;0;
5854;2025.07.16 07:45;-24;10.9375;-200;-200;1597;206;0;
5855;2025.07.16 08:00;-24;10.5625;-200;-200;1596;206;0;
5856;2025.07.16 08:15;-24;10.0625;-200;-200;1596;206;0;
5857;2025.07.16 08:30;-24;9.625;-200;-200;1596;206;0;
5858;2025.07.16 08:45;-24;9.5;-200;-200;1596;206;0;
5859;2025.07.16 09:00;-24;9.625;-200;-200;1596;206;0;
5860;2025.07.16 09:15;-24;9.5;-200;-200;1596;206;0;
5861;2025.07.16 09:30;-24;9.125;-200;-200;1596;206;0;
5862;2025.07.16 09:45;-24;8.5625;-200;-200;1596;206;0;
5863;2025.07.16 10:00;-24;8.125;-200;-200;1596;206;0;
5864;2025.07.16 10:15;-24;7.75;-200;-200;1596;206;0;
5865;2025.07.16 10:30;-24;7.4375;-200;-200;1596;206;0;
5866;2025.07.16 10:45;-24;7.25;-200;-200;1596;206;0;
5867;2025.07.16 11:00;-24;7.125;-200;-200;1596;206;0;
5868;2025.07.16 11:15;-24;6.9375;-200;-200;1596;206;0;
5869;2025.07.16 11:30;-24;6.75;-200;-200;1596;206;0;
5870;2025.07.16 11:45;-24;6.5;-200;-200;1596;206;0;
5871;2025.07.16 12:00;-24;6.375;-200;-200;1596;206;0;
5872;2025.07.16 12:15;-24;6.25;-200;-200;1595;206;0;
5873;2025.07.16 12:30;-24;6.3125;-200;-200;1596;206;0;
5874;2025.07.16 12:45;-24;6.5625;-200;-200;1596;206;0;
5875;2025.07.16 13:00;-24;7.4375;-200;-200;1596;206;0;
5876;2025.07.16 13:15;-24;8.75;-200;-200;1595;206;0;
5877;2025.07.16 13:30;-24;12;-200;-200;1595;206;0;
5878;2025.07.16 13:45;-24;14.125;-200;-200;1595;206;0;
5879;2025.07.16 14:00;-24;13.875;-200;-200;1595;206;0;
5880;2025.07.16 14:15;-24;15.5;-200;-200;1595;206;0;
5881;2025.07.16 14:30;-24;22.125;-200;-200;1593;206;0;
5882;2025.07.16 14:45;-24;22.6875;-200;-200;1592;206;0;
5883;2025.07.16 15:00;-24;23.5;-200;-200;1592;206;0;
5884;2025.07.16 15:15;-24;22.875;-200;-200;1592;206;0;
5885;2025.07.16 15:30;-24;26.125;-200;-200;1592;206;0;
5886;2025.07.16 15:45;-24;26.5;-200;-200;1591;206;0;
5887;2025.07.16 16:00;-24;24.3125;-200;-200;1591;206;0;
5888;2025.07.16 16:15;-24;24.125;-200;-200;1591;206;0;
5889;2025.07.16 16:30;-24;24.625;-200;-200;1591;206;0;
5890;2025.07.16 16:45;-24;25.25;-200;-200;1592;206;0;
5891;2025.07.16 17:00;-24;24.625;-200;-200;1592;206;0;
5892;2025.07.16 17:15;-24;24.8125;-200;-200;1591;206;0;
5893;2025.07.16 17:30;-24;27.4375;-200;-200;1591;206;0;
5894;2025.07.16 17:45;-24;30.375;-200;-200;1590;206;0;
5895;2025.07.16 18:00;-24;29.25;-200;-200;1590;206;0;
5896;2025.07.16 18:15;-24;27.25;-200;-200;1590;206;0;
5897;2025.07.16 18:30;-24;25.9375;-200;-200;1590;206;0;
5898;2025.07.16 18:45;-24;25.625;-200;-200;1591;206;0;
5899;2025.07.16 19:00;-24;25.5;-200;-200;1590;206;0;
5900;2025.07.16 19:15;-24;24.625;-200;-200;1591;206;0;
5901;2025.07.16 19:30;-24;25.4375;-200;-200;1591;206;0;
5902;2025.07.16 19:45;-24;27.0625;-200;-200;1591;206;0;
5903;2025.07.16 20:00;-24;26.3125;-200;-200;1591;206;0;
5904;2025.07.16 20:15;-24;25.625;-200;-200;1591;206;0;
5905;2025.07.16 20:30;-24;26;-200;-200;1591;206;0;
5906;2025.07.16 20:45;-24;26.25;-200;-200;1591;206;0;
5907;2025.07.16 21:00;-24;26.3125;-200;-200;1591;206;0;
5908;2025.07.16 21:15;-24;26.625;-200;-200;1591;206;0;
5909;2025.07.16 21:30;-24;25.5625;-200;-200;1591;206;0;
5910;2025.07.16 21:45;-24;25.4375;-200;-200;1591;206;0;
5911;2025.07.16 22:00;-24;27.8125;-200;-200;1591;206;0;
5912;2025.07.16 22:15;-24;27.1875;-200;-200;1591;206;0;
5913;2025.07.16 22:30;-24;26.125;-200;-200;1591;206;0;
5914;2025.07.16 22:45;-24;24.9375;-200;-200;1591;206;0;
5915;2025.07.16 23:00;-24;25.1875;-200;-200;1591;206;0;
5916;2025.07.16 23:15;-24;24.75;-200;-200;1591;206;0;
5917;2025.07.16 23:30;-24;23.8125;-200;-200;1591;206;0;
5918;2025.07.16 23:45;-24;22.5;-200;-200;1591;206;0;
5919;2025.07.17 00:00;-24;21.625;-200;-200;1591;206;0;
5920;2025.07.17 00:15;-24;21.6875;-200;-200;1591;206;0;
5921;2025.07.17 00:30;-24;21.1875;-200;-200;1591;206;0;
5922;2025.07.17 00:45;-24;20.75;-200;-200;1591;206;0;
5923;2025.07.17 01:00;-24;20.625;-200;-200;1591;206;0;
5924;2025.07.17 01:15;-24;20.0625;-200;-200;1591;206;0;
5925;2025.07.17 01:30;-24;19.3125;-200;-200;1591;206;0;
5926;2025.07.17 01:45;-24;18.625;-200;-200;1591;206;0;
5927;2025.07.17 02:00;-24;17.875;-200;-200;1590;206;0;
5928;2025.07.17 02:15;-24;17.25;-200;-200;1590;206;0;
5929;2025.07.17 02:30;-24;16.375;-200;-200;1590;206;0;
5930;2025.07.17 02:45;-24;15.375;-200;-200;1590;206;0;
5931;2025.07.17 03:00;-24;14.6875;-200;-200;1589;206;0;
5932;2025.07.17 03:15;-24;14.75;-200;-200;1589;206;0;
5933;2025.07.17 03:30;-24;14.875;-200;-200;1589;206;0;
5934;2025.07.17 03:45;-24;14.9375;-200;-200;1589;206;0;
5935;2025.07.17 04:00;-24;15.125;-200;-200;1589;206;0;
5936;2025.07.17 04:15;-24;15.125;-200;-200;1589;206;0;
5937;2025.07.17 04:30;-24;15.125;-200;-200;1589;206;0;
5938;2025.07.17 04:45;-24;14.8125;-200;-200;1589;206;0;
5939;2025.07.17 05:00;-24;14.625;-200;-200;1589;206;0;
5940;2025.07.17 05:15;-24;15.4375;-200;-200;1589;206;0;
5941;2025.07.17 05:30;-24;15.8125;-200;-200;1589;206;0;
5942;2025.07.17 05:45;-24;16.1875;-200;-200;1589;206;0;
5943;2025.07.17 06:00;-24;15.5;-200;-200;1589;206;0;
5944;2025.07.17 06:15;-24;14.875;-200;-200;1589;206;0;
5945;2025.07.17 06:30;-24;14.5;-200;-200;1589;206;0;
5946;2025.07.17 06:45;-24;14.25;-200;-200;1589;206;0;
5947;2025.07.17 07:00;-24;13.875;-200;-200;1589;206;0;
5948;2025.07.17 07:15;-24;13.875;-200;-200;1589;206;0;
5949;2025.07.17 07:30;-24;12.8125;-200;-200;1589;206;0;
5950;2025.07.17 07:45;-24;12.875;-200;-200;1589;206;0;
5951;2025.07.17 08:00;-24;12.8125;-200;-200;1589;206;0;
5952;2025.07.17 08:15;-24;13.25;-200;-200;1589;206;0;
5953;2025.07.17 08:30;-24;12.75;-200;-200;1589;206;0;
5954;2025.07.17 08:45;-24;12.625;-200;-200;1589;206;0;
5955;2025.07.17 09:00;-24;12.625;-200;-200;1589;206;0;
5956;2025.07.17 09:15;-24;12.625;-200;-200;1589;206;0;
5957;2025.07.17 09:30;-24;12.3125;-200;-200;1590;206;0;
5958;2025.07.17 09:45;-24;11.5;-200;-200;1589;206;0;
5959;2025.07.17 10:00;-24;10.5;-200;-200;1589;206;0;
5960;2025.07.17 10:15;-24;10.25;-200;-200;1589;206;0;
5961;2025.07.17 10:30;-24;10.125;-200;-200;1589;206;0;
5962;2025.07.17 10:45;-24;10.625;-200;-200;1589;206;0;
5963;2025.07.17 11:00;-24;10.875;-200;-200;1589;206;0;
5964;2025.07.17 11:15;-24;11;-200;-200;1589;206;0;
5965;2025.07.17 11:30;-24;11.125;-200;-200;1589;206;0;
5966;2025.07.17 11:45;-24;11.5;-200;-200;1589;206;0;
5967;2025.07.17 12:00;-24;11.375;-200;-200;1589;206;0;
5968;2025.07.17 12:15;-24;11.25;-200;-200;1589;206;0;
5969;2025.07.17 12:30;-24;11.25;-200;-200;1589;206;0;
5970;2025.07.17 12:45;-24;11.625;-200;-200;1589;206;0;
5971;2025.07.17 13:00;-24;12.375;-200;-200;1589;206;0;
5972;2025.07.17 13:15;-24;12.5;-200;-200;1589;206;0;
5973;2025.07.17 13:30;-24;12.3125;-200;-200;1589;206;0;
5974;2025.07.17 13:45;-24;12.1875;-200;-200;1589;206;0;
5975;2025.07.17 14:00;-24;11.875;-200;-200;1589;206;0;
5976;2025.07.17 14:15;-24;12.4375;-200;-200;1589;206;0;
5977;2025.07.17 14:30;-24;13.875;-200;-200;1589;206;0;
5978;2025.07.17 14:45;-24;14.875;-200;-200;1589;206;0;
5979;2025.07.17 15:00;-24;15.5625;-200;-200;1589;206;0;
5980;2025.07.17 15:15;-24;15.1875;-200;-200;1589;206;0;
5981;2025.07.17 15:30;-24;14.625;-200;-200;1589;206;0;
5982;2025.07.17 15:45;-24;15.125;-200;-200;1589;206;0;
5983;2025.07.17 16:00;-24;16.375;-200;-200;1589;206;0;
5984;2025.07.17 16:15;-24;17.4375;-200;-200;1589;206;0;
5985;2025.07.17 16:30;-24;19.375;-200;-200;1588;206;0;
5986;2025.07.17 16:45;-24;20;-200;-200;1587;206;0;
5987;2025.07.17 17:00;-24;20;-200;-200;1588;206;0;
5988;2025.07.17 17:15;-24;22.625;-200;-200;1586;206;0;
5989;2025.07.17 17:30;-24;24.375;-200;-200;1586;206;0;
5990;2025.07.17 17:45;-24;22.625;-200;-200;1586;206;0;
5991;2025.07.17 18:00;-24;22.375;-200;-200;1586;206;0;
5992;2025.07.17 18:15;-24;23.5;-200;-200;1586;206;0;
5993;2025.07.17 18:30;-24;24.875;-200;-200;1586;206;0;
5994;2025.07.17 18:45;-24;24.125;-200;-200;1586;206;0;
5995;2025.07.17 19:00;-24;24.5625;-200;-200;1586;206;0;
5996;2025.07.17 19:15;-24;25;-200;-200;1586;206;0;
5997;2025.07.17 19:30;-24;24.375;-200;-200;1586;206;0;
5998;2025.07.17 19:45;-24;22.75;-200;-200;1586;206;0;
5999;2025.07.17 20:00;-24;23.8125;-200;-200;1586;206;0;
6000;2025.07.17 20:15;-24;23.75;-200;-200;1586;206;0;
6001;2025.07.17 20:30;-24;23.125;-200;-200;1586;206;0;
6002;2025.07.17 20:45;-24;22.125;-200;-200;1586;206;0;
6003;2025.07.17 21:00;-24;22.125;-200;-200;1586;206;0;
6004;2025.07.17 21:15;-24;22.75;-200;-200;1586;206;0;
6005;2025.07.17 21:30;-24;25.25;-200;-200;1586;206;0;
6006;2025.07.17 21:45;-24;23.75;-200;-200;1586;206;0;
6007;2025.07.17 22:00;-24;25.0625;-200;-200;1586;206;0;
6008;2025.07.17 22:15;-24;25.25;-200;-200;1586;206;0;
6009;2025.07.17 22:30;-24;23.125;-200;-200;1586;206;0;
6010;2025.07.17 22:45;-24;22.5;-200;-200;1586;206;0;
6011;2025.07.17 23:00;-24;22.25;-200;-200;1586;206;0;
6012;2025.07.17 23:15;-24;22.4375;-200;-200;1586;206;0;
6013;2025.07.17 23:30;-24;22.375;-200;-200;1586;206;0;
6014;2025.07.17 23:45;-24;22.0625;-200;-200;1586;206;0;
6015;2025.07.18 00:00;-24;22.6875;-200;-200;1586;206;0;
6016;2025.07.18 00:15;-24;23.25;-200;-200;1586;206;0;
6017;2025.07.18 00:30;-24;22.375;-200;-200;1586;206;0;
6018;2025.07.18 00:45;-24;21.75;-200;-200;1586;206;0;
6019;2025.07.18 01:00;-24;21.4375;-200;-200;1587;206;0;
6020;2025.07.18 01:15;-24;20.625;-200;-200;1587;206;0;
6021;2025.07.18 01:30;-24;19.9375;-200;-200;1587;206;0;
6022;2025.07.18 01:45;-24;19;-200;-200;1587;206;0;
6023;2025.07.18 02:00;-24;18.25;-200;-200;1587;206;0;
6024;2025.07.18 02:15;-24;17.6875;-200;-200;1587;206;0;
6025;2025.07.18 02:30;-24;17.25;-200;-200;1587;206;0;
6026;2025.07.18 02:45;-24;16.8125;-200;-200;1587;206;0;
6027;2025.07.18 03:00;-24;16.375;-200;-200;1587;206;0;
6028;2025.07.18 03:15;-24;16.125;-200;-200;1587;206;0;
6029;2025.07.18 03:30;-24;15.875;-200;-200;1587;206;0;
6030;2025.07.18 03:45;-24;15.875;-200;-200;1587;206;0;
6031;2025.07.18 04:00;-24;15.625;-200;-200;1587;206;0;
6032;2025.07.18 04:15;-24;15.875;-200;-200;1587;206;0;
6033;2025.07.18 04:30;-24;15.6875;-200;-200;1587;206;0;
6034;2025.07.18 04:45;-24;14.75;-200;-200;1587;206;0;
6035;2025.07.18 05:00;-24;14.25;-200;-200;1587;206;0;
6036;2025.07.18 05:15;-24;14.375;-200;-200;1587;206;0;
6037;2025.07.18 05:30;-24;12;-200;-200;1588;206;0;
6038;2025.07.18 05:45;-24;11.625;-200;-200;1588;206;0;
6039;2025.07.18 06:00;-24;11.375;-200;-200;1588;206;0;
6040;2025.07.18 06:15;-24;10.875;-200;-200;1588;206;0;
6041;2025.07.18 06:30;-24;10.5625;-200;-200;1588;206;0;
6042;2025.07.18 06:45;-24;10.625;-200;-200;1588;206;0;
6043;2025.07.18 07:00;-24;10.625;-200;-200;1588;206;0;
6044;2025.07.18 07:15;-24;10.5;-200;-200;1588;206;0;
6045;2025.07.18 07:30;-24;10.625;-200;-200;1588;206;0;
6046;2025.07.18 07:45;-24;10.875;-200;-200;1588;206;0;
6047;2025.07.18 08:00;-24;10.875;-200;-200;1588;206;0;
6048;2025.07.18 08:15;-24;10.8125;-200;-200;1588;206;0;
6049;2025.07.18 08:30;-24;10.75;-200;-200;1588;206;0;
6050;2025.07.18 08:45;-24;10.875;-200;-200;1588;206;0;
6051;2025.07.18 09:00;-24;10.75;-200;-200;1588;206;0;
6052;2025.07.18 09:15;-24;10.6875;-200;-200;1588;206;0;
6053;2025.07.18 09:30;-24;10.5;-200;-200;1588;206;0;
6054;2025.07.18 09:45;-24;10.25;-200;-200;1588;206;0;
6055;2025.07.18 10:00;-24;10.5;-200;-200;1588;206;0;
6056;2025.07.18 10:15;-24;11.125;-200;-200;1588;206;0;
6057;2025.07.18 10:30;-24;11.25;-200;-200;1588;206;0;
6058;2025.07.18 10:45;-24;11.375;-200;-200;1588;206;0;
6059;2025.07.18 11:00;-24;11.3125;-200;-200;1588;206;0;
6060;2025.07.18 11:15;-24;11.625;-200;-200;1588;206;0;
6061;2025.07.18 11:30;-24;11.5;-200;-200;1588;206;0;
6062;2025.07.18 11:45;-24;11.125;-200;-200;1588;206;0;
6063;2025.07.18 12:00;-24;10.9375;-200;-200;1588;206;0;
6064;2025.07.18 12:15;-24;10.25;-200;-200;1588;206;0;
6065;2025.07.18 12:30;-24;9.75;-200;-200;1588;206;0;
6066;2025.07.18 12:45;-24;9.5;-200;-200;1588;206;0;
6067;2025.07.18 13:00;-24;10.375;-200;-200;1588;206;0;
6068;2025.07.18 13:15;-24;12.0625;-200;-200;1588;206;0;
6069;2025.07.18 13:30;-24;14.3125;-200;-200;1588;206;0;
6070;2025.07.18 13:45;-24;15;-200;-200;1588;206;0;
6071;2025.07.18 14:00;-24;15.375;-200;-200;1588;206;0;
6072;2025.07.18 14:15;-24;19.125;-200;-200;1586;206;0;
6073;2025.07.18 14:30;-24;19.375;-200;-200;1586;206;0;
6074;2025.07.18 14:45;-24;23.0625;-200;-200;1585;206;0;
6075;2025.07.18 15:00;-24;20.9375;-200;-200;1585;206;0;
6076;2025.07.18 15:15;-24;19.125;-200;-200;1585;206;0;
6077;2025.07.18 15:30;-24;17.25;-200;-200;1586;206;0;
6078;2025.07.18 15:45;-24;15.125;-200;-200;1586;206;0;
6079;2025.07.18 16:00;-24;13.8125;-200;-200;1586;206;0;
6080;2025.07.18 16:15;-24;12.875;-200;-200;1586;206;0;
6081;2025.07.18 16:30;-24;13;-200;-200;1586;206;0;
6082;2025.07.18 16:45;-24;13.625;-200;-200;1586;206;0;
6083;2025.07.18 17:00;-24;15.625;-200;-200;1587;206;0;
6084;2025.07.18 17:15;-24;22.375;-200;-200;1585;206;0;
6085;2025.07.18 17:30;-24;23;-200;-200;1585;206;0;
6086;2025.07.18 17:45;-24;25.25;-200;-200;1584;206;0;
6087;2025.07.18 18:00;-24;24.625;-200;-200;1584;206;0;
6088;2025.07.18 18:15;-24;25.875;-200;-200;1584;206;0;
6089;2025.07.18 18:30;-24;25.625;-200;-200;1584;206;0;
6090;2025.07.18 18:45;-24;24.75;-200;-200;1585;206;0;
6091;2025.07.18 19:00;-24;24.625;-200;-200;1585;206;0;
6092;2025.07.18 19:15;-24;24.75;-200;-200;1585;206;0;
6093;2025.07.18 19:30;-24;23.75;-200;-200;1585;206;0;
6094;2025.07.18 19:45;-24;24.75;-200;-200;1585;206;0;
6095;2025.07.18 20:00;-24;23.75;-200;-200;1585;206;0;
6096;2025.07.18 20:15;-24;24;-200;-200;1585;206;0;
6097;2025.07.18 20:30;-24;25;-200;-200;1585;206;0;
6098;2025.07.18 20:45;-24;24.875;-200;-200;1585;206;0;
6099;2025.07.18 21:00;-24;24.875;-200;-200;1585;206;0;
6100;2025.07.18 21:15;-24;24.5;-200;-200;1585;206;0;
6101;2025.07.18 21:30;-24;25.25;-200;-200;1585;206;0;
6102;2025.07.18 21:45;-24;25.25;-200;-200;1585;206;0;
6103;2025.07.18 22:00;-24;25.1875;-200;-200;1585;206;0;
6104;2025.07.18 22:15;-24;25.25;-200;-200;1585;206;0;
6105;2025.07.18 22:30;-24;25.75;-200;-200;1585;206;0;
6106;2025.07.18 22:45;-24;25.25;-200;-200;1585;206;0;
6107;2025.07.18 23:00;-24;25.625;-200;-200;1585;206;0;
6108;2025.07.18 23:15;-24;23.6875;-200;-200;1585;206;0;
6109;2025.07.18 23:30;-24;24.9375;-200;-200;1585;206;0;
6110;2025.07.18 23:45;-24;24.9375;-200;-200;1585;206;0;
6111;2025.07.19 00:00;-24;22.875;-200;-200;1585;206;0;
6112;2025.07.19 00:15;-24;21.625;-200;-200;1585;206;0;
6113;2025.07.19 00:30;-24;23.25;-200;-200;1585;206;0;
6114;2025.07.19 00:45;-24;22.8125;-200;-200;1585;206;0;
6115;2025.07.19 01:00;-24;22.3125;-200;-200;1585;206;0;
6116;2025.07.19 01:15;-24;21.875;-200;-200;1585;206;0;
6117;2025.07.19 01:30;-24;21.5;-200;-200;1585;206;0;
6118;2025.07.19 01:45;-24;20.25;-200;-200;1585;206;0;
6119;2025.07.19 02:00;-24;19.25;-200;-200;1585;206;0;
6120;2025.07.19 02:15;-24;18.375;-200;-200;1585;206;0;
6121;2025.07.19 02:30;-24;17.4375;-200;-200;1585;206;0;
6122;2025.07.19 02:45;-24;16.1875;-200;-200;1585;206;0;
6123;2025.07.19 03:00;-24;15.125;-200;-200;1585;206;0;
6124;2025.07.19 03:15;-24;14.125;-200;-200;1585;206;0;
6125;2025.07.19 03:30;-24;13.3125;-200;-200;1585;206;0;
6126;2025.07.19 03:45;-24;12.75;-200;-200;1585;206;0;
6127;2025.07.19 04:00;-24;12.25;-200;-200;1586;206;0;
6128;2025.07.19 04:15;-24;11.6875;-200;-200;1586;206;0;
6129;2025.07.19 04:30;-24;11.25;-200;-200;1585;206;0;
6130;2025.07.19 04:45;-24;10.875;-200;-200;1585;206;0;
6131;2025.07.19 05:00;-24;10.5;-200;-200;1585;206;0;
6132;2025.07.19 05:15;-24;10.25;-200;-200;1585;206;0;
6133;2025.07.19 05:30;-24;10;-200;-200;1585;206;0;
6134;2025.07.19 05:45;-24;9.8125;-200;-200;1585;206;0;
6135;2025.07.19 06:00;-24;9.625;-200;-200;1585;206;0;
6136;2025.07.19 06:15;-24;9.5;-200;-200;1585;206;0;
6137;2025.07.19 06:30;-24;9.25;-200;-200;1585;206;0;
6138;2025.07.19 06:45;-24;9.125;-200;-200;1585;206;0;
6139;2025.07.19 07:00;-24;9;-200;-200;1585;206;0;
6140;2025.07.19 07:15;-24;8.875;-200;-200;1585;206;0;
6141;2025.07.19 07:30;-24;8.75;-200;-200;1585;206;0;
6142;2025.07.19 07:45;-24;8.625;-200;-200;1585;206;0;
6143;2025.07.19 08:00;-24;8.5625;-200;-200;1585;206;0;
6144;2025.07.19 08:15;-24;8.625;-200;-200;1585;206;0;
6145;2025.07.19 08:30;-24;8.75;-200;-200;1585;206;0;
6146;2025.07.19 08:45;-24;8.75;-200;-200;1585;206;0;
6147;2025.07.19 09:00;-24;8.75;-200;-200;1585;206;0;
6148;2025.07.19 09:15;-24;8.625;-200;-200;1585;206;0;
6149;2025.07.19 09:30;-24;8.25;-200;-200;1585;206;0;
6150;2025.07.19 09:45;-24;8.1875;-200;-200;1585;206;0;
6151;2025.07.19 10:00;-24;8.5;-200;-200;1585;206;0;
6152;2025.07.19 10:15;-24;8.9375;-200;-200;1585;206;0;
6153;2025.07.19 10:30;-24;9.5;-200;-200;1585;206;0;
6154;2025.07.19 10:45;-24;9.5625;-200;-200;1585;206;0;
6155;2025.07.19 11:00;-24;9.25;-200;-200;1585;206;0;
6156;2025.07.19 11:15;-24;8.875;-200;-200;1585;206;0;
6157;2025.07.19 11:30;-24;9.25;-200;-200;1585;206;0;
6158;2025.07.19 11:45;-24;9.625;-200;-200;1585;206;0;
6159;2025.07.19 12:00;-24;9.625;-200;-200;1585;206;0;
6160;2025.07.19 12:15;-24;9.125;-200;-200;1585;206;0;
6161;2025.07.19 12:30;-24;8.8125;-200;-200;1585;206;0;
6162;2025.07.19 12:45;-24;8.8125;-200;-200;1585;206;0;
6163;2025.07.19 13:00;-24;8.875;-200;-200;1585;206;0;
6164;2025.07.19 13:15;-24;9;-200;-200;1585;206;0;
6165;2025.07.19 13:30;-24;9.5;-200;-200;1585;206;0;
6166;2025.07.19 13:45;-24;9.625;-200;-200;1585;206;0;
6167;2025.07.19 14:00;-24;10;-200;-200;1585;206;0;
6168;2025.07.19 14:15;-24;13;-200;-200;1585;206;0;
6169;2025.07.19 14:30;-24;14.5;-200;-200;1585;206;0;
6170;2025.07.19 14:45;-24;16.625;-200;-200;1585;206;0;
6171;2025.07.19 15:00;-24;18.75;-200;-200;1584;206;0;
6172;2025.07.19 15:15;-24;23.25;-200;-200;1583;206;0;
6173;2025.07.19 15:30;-24;28.875;-200;-200;1582;206;0;
6174;2025.07.19 15:45;-24;29.375;-200;-200;1582;206;0;
6175;2025.07.19 16:00;-24;28.5;-200;-200;1582;206;0;
6176;2025.07.19 16:15;-24;27.3125;-200;-200;1582;206;0;
6177;2025.07.19 16:30;-24;25;-200;-200;1582;206;0;
6178;2025.07.19 16:45;-24;24.375;-200;-200;1582;206;0;
6179;2025.07.19 17:00;-24;25;-200;-200;1582;206;0;
6180;2025.07.19 17:15;-24;23.375;-200;-200;1582;206;0;
6181;2025.07.19 17:30;-24;21.5;-200;-200;1582;206;0;
6182;2025.07.19 17:45;-24;21.1875;-200;-200;1582;206;0;
6183;2025.07.19 18:00;-24;22.875;-200;-200;1582;206;0;
6184;2025.07.19 18:15;-24;23.125;-200;-200;1582;206;0;
6185;2025.07.19 18:30;-24;22.875;-200;-200;1582;206;0;
6186;2025.07.19 18:45;-24;21.5625;-200;-200;1582;206;0;
6187;2025.07.19 19:00;-24;21.625;-200;-200;1582;206;0;
6188;2025.07.19 19:15;-24;21.625;-200;-200;1582;206;0;
6189;2025.07.19 19:30;-24;22.875;-200;-200;1582;206;0;
6190;2025.07.19 19:45;-24;23;-200;-200;1582;206;0;
6191;2025.07.19 20:00;-24;22.0625;-200;-200;1582;206;0;
6192;2025.07.19 20:15;-24;21.5625;-200;-200;1582;206;0;
6193;2025.07.19 20:30;-24;22.625;-200;-200;1582;206;0;
6194;2025.07.19 20:45;-24;22.25;-200;-200;1582;206;0;
6195;2025.07.19 21:00;-24;20.125;-200;-200;1582;206;0;
6196;2025.07.19 21:15;-24;21.625;-200;-200;1582;206;0;
6197;2025.07.19 21:30;-24;20.75;-200;-200;1582;206;0;
6198;2025.07.19 21:45;-24;21.5625;-200;-200;1582;206;0;
6199;2025.07.19 22:00;-24;22;-200;-200;1582;206;0;
6200;2025.07.19 22:15;-24;22.375;-200;-200;1582;206;0;
6201;2025.07.19 22:30;-24;21.625;-200;-200;1582;206;0;
6202;2025.07.19 22:45;-24;23.25;-200;-200;1582;206;0;
6203;2025.07.19 23:00;-24;23.5;-200;-200;1582;206;0;
6204;2025.07.19 23:15;-24;24.125;-200;-200;1582;206;0;
6205;2025.07.19 23:30;-24;24.5;-200;-200;1582;206;0;
6206;2025.07.19 23:45;-24;22.8125;-200;-200;1582;206;0;
6207;2025.07.20 00:00;-24;21.625;-200;-200;1582;206;0;
6208;2025.07.20 00:15;-24;21.375;-200;-200;1582;206;0;
6209;2025.07.20 00:30;-24;21.25;-200;-200;1582;206;0;
6210;2025.07.20 00:45;-24;19.9375;-200;-200;1582;206;0;
6211;2025.07.20 01:00;-24;20.1875;-200;-200;1582;206;0;
6212;2025.07.20 01:15;-24;19.125;-200;-200;1582;206;0;
6213;2025.07.20 01:30;-24;18.625;-200;-200;1582;206;0;
6214;2025.07.20 01:45;-24;17.875;-200;-200;1582;206;0;
6215;2025.07.20 02:00;-24;17.0625;-200;-200;1582;206;0;
6216;2025.07.20 02:15;-24;16.3125;-200;-200;1582;206;0;
6217;2025.07.20 02:30;-24;15.25;-200;-200;1582;206;0;
6218;2025.07.20 02:45;-24;14.5;-200;-200;1582;206;0;
6219;2025.07.20 03:00;-24;13.5625;-200;-200;1582;206;0;
6220;2025.07.20 03:15;-24;12.5625;-200;-200;1582;206;0;
6221;2025.07.20 03:30;-24;11.6875;-200;-200;1582;206;0;
6222;2025.07.20 03:45;-24;11;-200;-200;1582;206;0;
6223;2025.07.20 04:00;-24;10.875;-200;-200;1581;206;0;
6224;2025.07.20 04:15;-24;10.875;-200;-200;1581;206;0;
6225;2025.07.20 04:30;-24;10.5;-200;-200;1581;206;0;
6226;2025.07.20 04:45;-24;10.375;-200;-200;1581;206;0;
6227;2025.07.20 05:00;-24;10.75;-200;-200;1581;206;0;
6228;2025.07.20 05:15;-24;11.125;-200;-200;1581;206;0;
6229;2025.07.20 05:30;-24;10.8125;-200;-200;1581;206;0;
6230;2025.07.20 05:45;-24;10.0625;-200;-200;1581;206;0;
6231;2025.07.20 06:00;-24;9.5;-200;-200;1581;206;0;
6232;2025.07.20 06:15;-24;9;-200;-200;1581;206;0;
6233;2025.07.20 06:30;-24;8.5625;-200;-200;1581;206;0;
6234;2025.07.20 06:45;-24;8.1875;-200;-200;1581;206;0;
6235;2025.07.20 07:00;-24;7.875;-200;-200;1581;206;0;
6236;2025.07.20 07:15;-24;7.75;-200;-200;1581;206;0;
6237;2025.07.20 07:30;-24;7.875;-200;-200;1581;206;0;
6238;2025.07.20 07:45;-24;7.75;-200;-200;1581;206;0;
6239;2025.07.20 08:00;-24;7.625;-200;-200;1581;206;0;
6240;2025.07.20 08:15;-24;7.5;-200;-200;1581;206;0;
6241;2025.07.20 08:30;-24;7.25;-200;-200;1581;206;0;
6242;2025.07.20 08:45;-24;7.0625;-200;-200;1581;206;0;
6243;2025.07.20 09:00;-24;7.375;-200;-200;1581;206;0;
6244;2025.07.20 09:15;-24;8.125;-200;-200;1581;206;0;
6245;2025.07.20 09:30;-24;8.5;-200;-200;1581;206;0;
6246;2025.07.20 09:45;-24;8.5;-200;-200;1581;206;0;
6247;2025.07.20 10:00;-24;8.1875;-200;-200;1581;206;0;
6248;2025.07.20 10:15;-24;8;-200;-200;1581;206;0;
6249;2025.07.20 10:30;-24;8.125;-200;-200;1581;206;0;
6250;2025.07.20 10:45;-24;8.25;-200;-200;1581;206;0;
6251;2025.07.20 11:00;-24;8.5625;-200;-200;1581;206;0;
6252;2025.07.20 11:15;-24;8.625;-200;-200;1581;206;0;
6253;2025.07.20 11:30;-24;8.625;-200;-200;1581;206;0;
6254;2025.07.20 11:45;-24;8.625;-200;-200;1581;206;0;
6255;2025.07.20 12:00;-24;8.5625;-200;-200;1581;206;0;
6256;2025.07.20 12:15;-24;8.4375;-200;-200;1581;206;0;
6257;2025.07.20 12:30;-24;8.5625;-200;-200;1581;206;0;
6258;2025.07.20 12:45;-24;9;-200;-200;1581;206;0;
6259;2025.07.20 13:00;-24;9.375;-200;-200;1581;206;0;
6260;2025.07.20 13:15;-24;9.625;-200;-200;1581;206;0;
6261;2025.07.20 13:30;-24;11.375;-200;-200;1581;206;0;
6262;2025.07.20 13:45;-24;12.125;-200;-200;1581;206;0;
6263;2025.07.20 14:00;-24;15.625;-200;-200;1580;206;0;
6264;2025.07.20 14:15;-24;20.25;-200;-200;1580;206;0;
6265;2025.07.20 14:30;-24;26.375;-200;-200;1579;206;0;
6266;2025.07.20 14:45;-24;28.25;-200;-200;1578;206;0;
6267;2025.07.20 15:00;-24;23.125;-200;-200;1578;206;0;
6268;2025.07.20 15:15;-24;25.75;-200;-200;1579;206;0;
6269;2025.07.20 15:30;-24;30.5;-200;-200;1577;206;0;
6270;2025.07.20 15:45;-24;30.875;-200;-200;1577;206;0;
6271;2025.07.20 16:00;-24;28;-200;-200;1578;206;0;
6272;2025.07.20 16:15;-24;27.75;-200;-200;1577;206;0;
6273;2025.07.20 16:30;-24;25.625;-200;-200;1578;206;0;
6274;2025.07.20 16:45;-24;25.25;-200;-200;1578;206;0;
6275;2025.07.20 17:00;-24;25.5;-200;-200;1578;206;0;
6276;2025.07.20 17:15;-24;23.875;-200;-200;1578;206;0;
6277;2025.07.20 17:30;-24;29;-200;-200;1577;206;0;
6278;2025.07.20 17:45;-24;29.625;-200;-200;1577;206;0;
6279;2025.07.20 18:00;-24;28.1875;-200;-200;1577;206;0;
6280;2025.07.20 18:15;-24;28;-200;-200;1578;206;0;
6281;2025.07.20 18:30;-24;30;-200;-200;1578;206;0;
6282;2025.07.20 18:45;-24;25.125;-200;-200;1578;206;0;
6283;2025.07.20 19:00;-24;24.1875;-200;-200;1578;206;0;
6284;2025.07.20 19:15;-24;24.0625;-200;-200;1578;206;0;
6285;2025.07.20 19:30;-24;26.125;-200;-200;1578;206;0;
6286;2025.07.20 19:45;-24;26.8125;-200;-200;1578;206;0;
6287;2025.07.20 20:00;-24;27.5;-200;-200;1578;206;0;
6288;2025.07.20 20:15;-24;27.25;-200;-200;1578;206;0;
6289;2025.07.20 20:30;-24;27.625;-200;-200;1578;206;0;
6290;2025.07.20 20:45;-24;25.5;-200;-200;1578;206;0;
6291;2025.07.20 21:00;-24;27.125;-200;-200;1578;206;0;
6292;2025.07.20 21:15;-24;26.375;-200;-200;1578;206;0;
6293;2025.07.20 21:30;-24;28.75;-200;-200;1578;206;0;
6294;2025.07.20 21:45;-24;27.75;-200;-200;1578;206;0;
6295;2025.07.20 22:00;-24;27.5;-200;-200;1578;206;0;
6296;2025.07.20 22:15;-24;26.9375;-200;-200;1578;206;0;
6297;2025.07.20 22:30;-24;27.0625;-200;-200;1578;206;0;
6298;2025.07.20 22:45;-24;26.4375;-200;-200;1578;206;0;
6299;2025.07.20 23:00;-24;25.1875;-200;-200;1578;206;0;
6300;2025.07.20 23:15;-24;24.6875;-200;-200;1578;206;0;
6301;2025.07.20 23:30;-24;24.375;-200;-200;1578;206;0;
6302;2025.07.20 23:45;-24;24.75;-200;-200;1578;206;0;
6303;2025.07.21 00:00;-24;24.375;-200;-200;1578;206;0;
6304;2025.07.21 00:15;-24;23.875;-200;-200;1578;206;0;
6305;2025.07.21 00:30;-24;23.375;-200;-200;1578;206;0;
6306;2025.07.21 00:45;-24;22.4375;-200;-200;1578;206;0;
6307;2025.07.21 01:00;-24;21.625;-200;-200;1578;206;0;
6308;2025.07.21 01:15;-24;20.625;-200;-200;1578;206;0;
6309;2025.07.21 01:30;-24;19.875;-200;-200;1577;206;0;
6310;2025.07.21 01:45;-24;18.9375;-200;-200;1577;206;0;
6311;2025.07.21 02:00;-24;17.75;-200;-200;1577;206;0;
6312;2025.07.21 02:15;-24;16.625;-200;-200;1577;206;0;
6313;2025.07.21 02:30;-24;15.75;-200;-200;1577;206;0;
6314;2025.07.21 02:45;-24;15.375;-200;-200;1577;206;0;
6315;2025.07.21 03:00;-24;15.0625;-200;-200;1577;206;0;
6316;2025.07.21 03:15;-24;14.625;-200;-200;1577;206;0;
6317;2025.07.21 03:30;-24;13.875;-200;-200;1577;206;0;
6318;2025.07.21 03:45;-24;13.375;-200;-200;1577;206;0;
6319;2025.07.21 04:00;-24;13;-200;-200;1577;206;0;
6320;2025.07.21 04:15;-24;13.0625;-200;-200;1577;206;0;
6321;2025.07.21 04:30;-24;13;-200;-200;1577;206;0;
6322;2025.07.21 04:45;-24;12.875;-200;-200;1577;206;0;
6323;2025.07.21 05:00;-24;12.75;-200;-200;1577;206;0;
6324;2025.07.21 05:15;-24;12.75;-200;-200;1577;206;0;
6325;2025.07.21 05:30;-24;12.8125;-200;-200;1577;206;0;
6326;2025.07.21 05:45;-24;12.75;-200;-200;1577;206;0;
6327;2025.07.21 06:00;-24;12.6875;-200;-200;1577;206;0;
6328;2025.07.21 06:15;-24;12.75;-200;-200;1577;206;0;
6329;2025.07.21 06:30;-24;12.625;-200;-200;1577;206;0;
6330;2025.07.21 06:45;-24;12.625;-200;-200;1577;206;0;
6331;2025.07.21 07:00;-24;12.8125;-200;-200;1577;206;0;
6332;2025.07.21 07:15;-24;13;-200;-200;1577;206;0;
6333;2025.07.21 07:30;-24;13.625;-200;-200;1577;206;0;
6334;2025.07.21 07:45;-24;14.0625;-200;-200;1577;206;0;
6335;2025.07.21 08:00;-24;14.25;-200;-200;1577;206;0;
6336;2025.07.21 08:15;-24;14;-200;-200;1577;206;0;
6337;2025.07.21 08:30;-24;13.875;-200;-200;1577;206;0;
6338;2025.07.21 08:45;-24;13.875;-200;-200;1577;206;0;
6339;2025.07.21 09:00;-24;14.6875;-200;-200;1577;206;0;
6340;2025.07.21 09:15;-24;14.4375;-200;-200;1577;206;0;
6341;2025.07.21 09:30;-24;14;-200;-200;1577;206;0;
6342;2025.07.21 09:45;-24;13.5625;-200;-200;1577;206;0;
6343;2025.07.21 10:00;-24;13.75;-200;-200;1577;206;0;
6344;2025.07.21 10:15;-24;13.5;-200;-200;1577;206;0;
6345;2025.07.21 10:30;-24;13.5625;-200;-200;1577;206;0;
6346;2025.07.21 10:45;-24;13.6875;-200;-200;1577;206;0;
6347;2025.07.21 11:00;-24;13.875;-200;-200;1577;206;0;
6348;2025.07.21 11:15;-24;14;-200;-200;1577;206;0;
6349;2025.07.21 11:30;-24;14.125;-200;-200;1577;206;0;
6350;2025.07.21 11:45;-24;14.25;-200;-200;1577;206;0;
6351;2025.07.21 12:00;-24;13.875;-200;-200;1577;206;0;
6352;2025.07.21 12:15;-24;13.3125;-200;-200;1577;206;0;
6353;2025.07.21 12:30;-24;12.9375;-200;-200;1577;206;0;
6354;2025.07.21 12:45;-24;13;-200;-200;1577;206;0;
6355;2025.07.21 13:00;-24;12.75;-200;-200;1577;206;0;
6356;2025.07.21 13:15;-24;13.4375;-200;-200;1577;206;0;
6357;2025.07.21 13:30;-24;15.125;-200;-200;1577;206;0;
6358;2025.07.21 13:45;-24;16;-200;-200;1576;206;0;
6359;2025.07.21 14:00;-24;16.5;-200;-200;1576;206;0;
6360;2025.07.21 14:15;-24;16.375;-200;-200;1576;206;0;
6361;2025.07.21 14:30;-24;15.4375;-200;-200;1576;206;0;
6362;2025.07.21 14:45;-24;15;-200;-200;1576;206;0;
6363;2025.07.21 15:00;-24;14.625;-200;-200;1576;206;0;
6364;2025.07.21 15:15;-24;13.75;-200;-200;1576;206;0;
6365;2025.07.21 15:30;-24;14.75;-200;-200;1576;206;0;
6366;2025.07.21 15:45;-24;19;-200;-200;1576;206;0;
6367;2025.07.21 16:00;-24;18.9375;-200;-200;1576;206;0;
6368;2025.07.21 16:15;-24;21.6875;-200;-200;1575;206;0;
6369;2025.07.21 16:30;-24;22.125;-200;-200;1574;206;0;
6370;2025.07.21 16:45;-24;22.875;-200;-200;1574;206;0;
6371;2025.07.21 17:00;-24;23.125;-200;-200;1574;206;0;
6372;2025.07.21 17:15;-24;26.25;-200;-200;1572;206;0;
6373;2025.07.21 17:30;-24;21.5;-200;-200;1573;206;0;
6374;2025.07.21 17:45;-24;21.6875;-200;-200;1573;206;0;
6375;2025.07.21 18:00;-24;22.8125;-200;-200;1573;206;0;
6376;2025.07.21 18:15;-24;25.5;-200;-200;1573;206;0;
6377;2025.07.21 18:30;-24;26.9375;-200;-200;1573;206;0;
6378;2025.07.21 18:45;-24;26.375;-200;-200;1573;206;0;
6379;2025.07.21 19:00;-24;25.25;-200;-200;1573;206;0;
6380;2025.07.21 19:15;-24;23.375;-200;-200;1573;206;0;
6381;2025.07.21 19:30;-24;22.875;-200;-200;1573;206;0;
6382;2025.07.21 19:45;-24;24.125;-200;-200;1573;206;0;
6383;2025.07.21 20:00;-24;24.1875;-200;-200;1573;206;0;
6384;2025.07.21 20:15;-24;23;-200;-200;1573;206;0;
6385;2025.07.21 20:30;-24;24;-200;-200;1573;206;0;
6386;2025.07.21 20:45;-24;24.25;-200;-200;1573;206;0;
6387;2025.07.21 21:00;-24;24;-200;-200;1573;206;0;
6388;2025.07.21 21:15;-24;23.5;-200;-200;1573;206;0;
6389;2025.07.21 21:30;-24;23.0625;-200;-200;1573;206;0;
6390;2025.07.21 21:45;-24;24.75;-200;-200;1573;206;0;
6391;2025.07.21 22:00;-24;23.5625;-200;-200;1573;206;0;
6392;2025.07.21 22:15;-24;25.375;-200;-200;1573;206;0;
6393;2025.07.21 22:30;-24;23.4375;-200;-200;1573;206;0;
6394;2025.07.21 22:45;-24;25.25;-200;-200;1573;206;0;
6395;2025.07.21 23:00;-24;25;-200;-200;1573;206;0;
6396;2025.07.21 23:15;-24;26.125;-200;-200;1573;206;0;
6397;2025.07.21 23:30;-24;23.75;-200;-200;1573;206;0;
6398;2025.07.21 23:45;-24;23.5;-200;-200;1573;206;0;
6399;2025.07.22 00:00;-24;22.875;-200;-200;1573;206;0;
6400;2025.07.22 00:15;-24;22.1875;-200;-200;1573;206;0;
6401;2025.07.22 00:30;-24;21.875;-200;-200;1573;206;0;
6402;2025.07.22 00:45;-24;21.875;-200;-200;1573;206;0;
6403;2025.07.22 01:00;-24;21.25;-200;-200;1573;206;0;
6404;2025.07.22 01:15;-24;21.5625;-200;-200;1573;206;0;
6405;2025.07.22 01:30;-24;20.25;-200;-200;1572;206;0;
6406;2025.07.22 01:45;-24;19.125;-200;-200;1572;206;0;
6407;2025.07.22 02:00;-24;18.6875;-200;-200;1572;206;0;
6408;2025.07.22 02:15;-24;17.75;-200;-200;1572;206;0;
6409;2025.07.22 02:30;-24;16.5625;-200;-200;1572;206;0;
6410;2025.07.22 02:45;-24;15.625;-200;-200;1571;206;0;
6411;2025.07.22 03:00;-24;14.875;-200;-200;1571;206;0;
6412;2025.07.22 03:15;-24;13.875;-200;-200;1571;206;0;
6413;2025.07.22 03:30;-24;13;-200;-200;1571;206;0;
6414;2025.07.22 03:45;-24;12.25;-200;-200;1571;206;0;
6415;2025.07.22 04:00;-24;12;-200;-200;1571;206;0;
6416;2025.07.22 04:15;-24;12.0625;-200;-200;1571;206;0;
6417;2025.07.22 04:30;-24;12.25;-200;-200;1571;206;0;
6418;2025.07.22 04:45;-24;12.0625;-200;-200;1571;206;0;
6419;2025.07.22 05:00;-24;12.25;-200;-200;1571;206;0;
6420;2025.07.22 05:15;-24;12.25;-200;-200;1571;206;0;
6421;2025.07.22 05:30;-24;12.125;-200;-200;1571;206;0;
6422;2025.07.22 05:45;-24;11.875;-200;-200;1571;206;0;
6423;2025.07.22 06:00;-24;12;-200;-200;1571;206;0;
6424;2025.07.22 06:15;-24;12;-200;-200;1571;206;0;
6425;2025.07.22 06:30;-24;11.75;-200;-200;1571;206;0;
6426;2025.07.22 06:45;-24;11.4375;-200;-200;1571;206;0;
6427;2025.07.22 07:00;-24;11.375;-200;-200;1571;206;0;
6428;2025.07.22 07:15;-24;11.75;-200;-200;1571;206;0;
6429;2025.07.22 07:30;-24;11.9375;-200;-200;1571;206;0;
6430;2025.07.22 07:45;-24;12.75;-200;-200;1571;206;0;
6431;2025.07.22 08:00;-24;12.3125;-200;-200;1571;206;0;
6432;2025.07.22 08:15;-24;12.5;-200;-200;1571;206;0;
6433;2025.07.22 08:30;-24;12.5625;-200;-200;1571;206;0;
6434;2025.07.22 08:45;-24;12.5625;-200;-200;1571;206;0;
6435;2025.07.22 09:00;-24;12.375;-200;-200;1571;206;0;
6436;2025.07.22 09:15;-24;12;-200;-200;1571;206;0;
6437;2025.07.22 09:30;-24;11.5625;-200;-200;1571;206;0;
6438;2025.07.22 09:45;-24;11.5;-200;-200;1571;206;0;
6439;2025.07.22 10:00;-24;11.75;-200;-200;1571;206;0;
6440;2025.07.22 10:15;-24;11.875;-200;-200;1571;206;0;
6441;2025.07.22 10:30;-24;11.875;-200;-200;1571;206;0;
6442;2025.07.22 10:45;-24;11.5;-200;-200;1571;206;0;
6443;2025.07.22 11:00;-24;10.5;-200;-200;1571;206;0;
6444;2025.07.22 11:15;-24;9.875;-200;-200;1571;206;0;
6445;2025.07.22 11:30;-24;9.625;-200;-200;1571;206;0;
6446;2025.07.22 11:45;-24;9.375;-200;-200;1571;206;0;
6447;2025.07.22 12:00;-24;9.125;-200;-200;1571;206;0;
6448;2025.07.22 12:15;-24;9;-200;-200;1571;206;0;
6449;2025.07.22 12:30;-24;9.125;-200;-200;1571;206;0;
6450;2025.07.22 12:45;-24;9.25;-200;-200;1571;206;0;
6451;2025.07.22 13:00;-24;9;-200;-200;1571;206;0;
6452;2025.07.22 13:15;-24;9.125;-200;-200;1571;206;0;
6453;2025.07.22 13:30;-24;10.375;-200;-200;1571;206;0;
6454;2025.07.22 13:45;-24;11.9375;-200;-200;1571;206;0;
6455;2025.07.22 14:00;-24;12.875;-200;-200;1571;206;0;
6456;2025.07.22 14:15;-24;14.25;-200;-200;1571;206;0;
6457;2025.07.22 14:30;-24;16.25;-200;-200;1570;206;0;
6458;2025.07.22 14:45;-24;17.375;-200;-200;1570;206;0;
6459;2025.07.22 15:00;-24;18.75;-200;-200;1569;206;0;
6460;2025.07.22 15:15;-24;18.5;-200;-200;1569;206;0;
6461;2025.07.22 15:30;-24;17.75;-200;-200;1569;206;0;
6462;2025.07.22 15:45;-24;18.125;-200;-200;1569;206;0;
6463;2025.07.22 16:00;-24;18.125;-200;-200;1569;206;0;
6464;2025.07.22 16:15;-24;18;-200;-200;1569;206;0;
6465;2025.07.22 16:30;-24;18.5;-200;-200;1569;206;0;
6466;2025.07.22 16:45;-24;18.875;-200;-200;1569;206;0;
6467;2025.07.22 17:00;-24;19.1875;-200;-200;1569;206;0;
6468;2025.07.22 17:15;-24;20;-200;-200;1569;206;0;
6469;2025.07.22 17:30;-24;20.375;-200;-200;1569;206;0;
6470;2025.07.22 17:45;-24;23.125;-200;-200;1567;206;0;
6471;2025.07.22 18:00;-24;22.75;-200;-200;1567;206;0;
6472;2025.07.22 18:15;-24;19.75;-200;-200;1568;206;0;
6473;2025.07.22 18:30;-24;19.0625;-200;-200;1568;206;0;
6474;2025.07.22 18:45;-24;19.75;-200;-200;1568;206;0;
6475;2025.07.22 19:00;-24;20.625;-200;-200;1568;206;0;
6476;2025.07.22 19:15;-24;21.125;-200;-200;1568;206;0;
6477;2025.07.22 19:30;-24;21.1875;-200;-200;1568;206;0;
6478;2025.07.22 19:45;-24;19.1875;-200;-200;1568;206;0;
6479;2025.07.22 20:00;-24;19.25;-200;-200;1568;206;0;
